{
    "1": -361.67255203787226,
    "2": -123.67214572190439,
    "3": -447.16894261176924,
    "4": -421.7247947382756,
    "5": -274.5874287370712,
    "6": 19.879800428945828,
    "7": -464.37092004508236,
    "8": -358.9090034576248,
    "9": -410.65129505237564,
    "10": -379.81755365197563,
    "11": -210.35059385534322,
    "12": -457.2201239974352,
    "13": -411.25187796153483,
    "14": -161.18028464222374,
    "15": -561.9207426144096,
    "16": -546.047683954159,
    "17": -189.39153028341357,
    "18": -278.53083312667246,
    "19": -319.90480296334067,
    "20": -190.43066741601478,
    "21": -130.74140171469492,
    "22": -531.547677222575,
    "23": -269.44873640165036,
    "24": -103.65067809569982,
    "25": -779.0382573767614,
    "26": -450.56830098063006,
    "27": -283.16714842163617,
    "28": -175.00656284470202,
    "29": -183.7682836906411,
    "30": -243.12189841000003,
    "31": -104.00765791788957,
    "32": -179.9464825249447,
    "33": -88.24997254489918,
    "34": -284.2204931476076,
    "35": -229.5805985897484,
    "36": -158.9651488239449,
    "37": -228.2945257988078,
    "38": -328.3402970941862,
    "39": -56.041339185206,
    "40": -53.0147666938921,
    "41": -278.9369211991908,
    "42": -16.097786638765243,
    "43": -204.0886176332453,
    "44": -142.9399283663524,
    "45": -95.02694537127155,
    "46": -290.4471394230069,
    "47": -118.77925622889462,
    "48": -128.95631156791953,
    "49": -71.4440666131721,
    "50": -61.84912530445464,
    "51": -122.57079291501863,
    "52": -121.24601632712341,
    "53": -146.43880847553146,
    "54": -83.78550278420977,
    "55": -57.67584450709715,
    "56": -93.43507574766397,
    "57": -96.20519505402808,
    "58": -59.27064300761816,
    "59": -81.33174351900942,
    "60": -218.3211462233391,
    "61": -66.5130555330028,
    "62": 15.645555898135214,
    "63": -76.63010328669816,
    "64": -161.54404594964836,
    "65": 49.1514977383076,
    "66": 141.16808491691685,
    "67": -69.37995777421263,
    "68": -80.7785739552826,
    "69": -81.81940117961514,
    "70": 142.84285155699882,
    "71": -138.52117242570827,
    "72": -73.35284479594019,
    "73": -125.11102209003445,
    "74": -139.8600958834221,
    "75": -12.896929915818703,
    "76": -58.74746251334034,
    "77": -91.83754904598865,
    "78": -57.63256541595177,
    "79": -38.36066663829562,
    "80": -69.96450885913534,
    "81": -98.1867838099595,
    "82": 114.69449521737141,
    "83": -98.94498377107796,
    "84": -87.35491913713354,
    "85": 85.28669055526014,
    "86": 101.99094711024195,
    "87": 84.44089869562941,
    "88": 46.47349389917683,
    "89": 6.99622642037374,
    "90": 87.21292209863113,
    "91": -107.08743655867283,
    "92": -199.07981152026417,
    "93": -128.65609317919282,
    "94": -130.92236991724454,
    "95": -165.68387803718653,
    "96": -138.35669120120994,
    "97": -114.05167010668515,
    "98": -39.50006241030941,
    "99": -96.8472214997913,
    "100": -101.21823789462243,
    "101": -10.818504954317532,
    "102": -40.516298556673675,
    "103": -73.78529505622127,
    "104": -137.87847794252784,
    "105": -54.796825663433644,
    "106": -54.10166594962275,
    "107": -76.80227264983847,
    "108": -34.88656600972844,
    "109": -75.70980674859214,
    "110": -127.50580301797203,
    "111": -122.36601073181599,
    "112": -149.6268375852999,
    "113": 164.6011019442175,
    "114": -145.44554440482727,
    "115": -122.06584465601442,
    "116": -192.03006061130986,
    "117": -180.700844123817,
    "118": -169.3556305996202,
    "119": -128.74666973567662,
    "120": -128.54567327962243,
    "121": -108.80490748575639,
    "122": -51.52243861398788,
    "123": -158.41316339004246,
    "124": -186.70468448418708,
    "125": -152.34918398005883,
    "126": -183.03662876932592,
    "127": -121.9554844047952,
    "128": -35.930576282597855,
    "129": -176.65652167853358,
    "130": -91.65859752182529,
    "131": -75.98928570301018,
    "132": -109.9523656063146,
    "133": 21.309388470321114,
    "134": -201.71012603794586,
    "135": -4.169243326789895,
    "136": -147.64145076436952,
    "137": -178.99955413271442,
    "138": -35.72803835603305,
    "139": -23.753240192634788,
    "140": -200.41094376635797,
    "141": -125.48934194126997,
    "142": -107.39629932237638,
    "143": -160.1934207091858,
    "144": -214.98878119492838,
    "145": -132.71369362677828,
    "146": 44.95225425859789,
    "147": 45.59991336090463,
    "148": 155.11715959773164,
    "149": 299.47024780558627,
    "150": 65.02874348808189,
    "151": -118.6599041796137,
    "152": -10.1025436336801,
    "153": -147.62093080178408,
    "154": 73.52151325547027,
    "155": -25.90354226753452,
    "156": 128.6657547460078,
    "157": -105.92376554502619,
    "158": 98.66803389300242,
    "159": 29.274760179083458,
    "160": 63.09311471165069,
    "161": 162.46824028475817,
    "162": 96.12405127803675,
    "163": 187.6378653586494,
    "164": -117.34929848696858,
    "165": 138.64737322069973,
    "166": -1.9739582609248316,
    "167": -115.64863065917378,
    "168": -34.41030612944763,
    "169": 205.79922915070046,
    "170": 127.6510322071309,
    "171": 38.94739508747003,
    "172": 164.4927295881638,
    "173": 133.74719917055873,
    "174": 122.11888918287886,
    "175": 121.61002477634639,
    "176": -137.8851595972851,
    "177": 56.71233445518228,
    "178": 101.6333651060184,
    "179": 132.5904387717621,
    "180": 132.87626072816624,
    "181": 74.82469892158385,
    "182": 149.65308053512197,
    "183": 155.00988905167117,
    "184": 182.63758634971947,
    "185": 103.30517628267587,
    "186": -141.06258606127474,
    "187": 110.13137249286844,
    "188": 149.7227637933289,
    "189": 197.8894536340425,
    "190": -37.35829823954758,
    "191": 80.68860258710995,
    "192": 254.18942597680476,
    "193": 147.3795293425257,
    "194": 225.34053682685214,
    "195": -62.119330898296695,
    "196": 9.24849378465862,
    "197": -6.377324371518753,
    "198": -199.01480938948416,
    "199": -118.86492300117146,
    "200": -49.04929332954031,
    "201": -107.05932005691056,
    "202": -65.58752080363442,
    "203": -84.64044532604925,
    "204": -196.68882181588646,
    "205": -99.16657564909869,
    "206": 12.562899950640869,
    "207": -53.69783758250758,
    "208": -4.933231066131398,
    "209": -103.43688255511869,
    "210": -62.53567710609174,
    "211": -99.813654243914,
    "212": -87.1685030619673,
    "213": -21.9869597496904,
    "214": -206.98924140053668,
    "215": 127.43530090285358,
    "216": 213.94490865288475,
    "217": -201.43082309085895,
    "218": -167.76857252990965,
    "219": 203.74394065591272,
    "220": -125.98305102858606,
    "221": 211.19715377503024,
    "222": -123.76544387805137,
    "223": 30.901161083127676,
    "224": -56.59746833563191,
    "225": -60.993762016916506,
    "226": 227.4707756018483,
    "227": -22.511120784657564,
    "228": -35.391435146481385,
    "229": 209.6430146774487,
    "230": 71.51974228456314,
    "231": -41.75323988416146,
    "232": 115.16329409252711,
    "233": -55.37974021424844,
    "234": -131.24356804574754,
    "235": -28.351719359431243,
    "236": -93.51627951718824,
    "237": -129.31065238468545,
    "238": -76.71378779366769,
    "239": -55.69745913777248,
    "240": -59.0573959243614,
    "241": -96.88709873936455,
    "242": -85.7771668605074,
    "243": -110.52681048375237,
    "244": -65.37105485988768,
    "245": -67.5924343179238,
    "246": -121.35958880274947,
    "247": -45.94841499307885,
    "248": -183.08034793697323,
    "249": -255.96851770436223,
    "250": -170.25919012734306,
    "251": -238.0188097485935,
    "252": -121.17501194105259,
    "253": -229.79692784323296,
    "254": -254.75111698029818,
    "255": -203.07136403194752,
    "256": -170.1159049447158,
    "257": -160.0584619228485,
    "258": -211.7464559315843,
    "259": -167.30823734982485,
    "260": -75.45641708508337,