{
    "1": 274.16724794507087,
    "2": 243.26327649293938,
    "3": 202.50412640263121,
    "4": 196.7970125503369,
    "5": 245.57045039540546,
    "6": -107.50764649072445,
    "7": 236.552468739047,
    "8": 275.3959430232731,
    "9": 236.09296918252107,
    "10": 252.88182164490746,
    "11": 220.25083639521864,
    "12": 248.21581388134686,
    "13": 296.121864182321,
    "14": 211.7776420927895,
    "15": 251.63778880148175,
    "16": 282.37767211125276,
    "17": -18.956711061854236,
    "18": 284.9510498499554,
    "19": 246.87829971029663,
    "20": 227.23546129323526,
    "21": 282.1985146645421,
    "22": -116.4506182545742,
    "23": 283.0431352022227,
    "24": 295.37901164377433,
    "25": 264.92525361832804,
    "26": 303.5781270735097,
    "27": 241.42105189726203,
    "28": 247.02380098931508,
    "29": 270.0570185199858,
    "30": 261.8742557341513,
    "31": -241.5773301700125,
    "32": -184.1908006815884,
    "33": 97.16834012446503,
    "34": -91.39160161341412,
    "35": 69.13323209010397,
    "36": 48.93254700586859,
    "37": -82.8624955420283,
    "38": -46.80353894172657,
    "39": -96.4634090668349,
    "40": 74.08856583816419,
    "41": -147.15174892704425,
    "42": 21.696299629460515,
    "43": 84.30256201346288,
    "44": 115.774755655574,
    "45": 21.68753852432187,
    "46": 57.88807550162466,
    "47": 26.24167609758267,
    "48": 47.14576451357871,
    "49": 55.36761563508305,
    "50": 4.153745480018011,
    "51": 39.46253007130994,
    "52": 60.28449925848698,
    "53": 41.332880280563565,
    "54": -17.933875118013685,
    "55": -161.0591715502,
    "56": 117.10563994613281,
    "57": -160.01901643794494,
    "58": 34.1098756133774,
    "59": -248.13211899259426,
    "60": -243.94279438287154,
    "61": -134.8957524405266,
    "62": 72.26250241376559,
    "63": 62.185696946832856,
    "64": -174.66303129593334,
    "65": -180.8153643200986,
    "66": 5.698460661862512,
    "67": -221.43259260205338,
    "68": -103.36212404976385
}