{
    "1": -99.4038327490728,
    "2": -95.37321627954323,
    "3": -94.40366508698781,
    "4": -96.03103992318702,
    "5": -97.99699721901918,
    "6": -96.86437298208347,
    "7": -90.3303317535545,
    "8": -98.36436371336025,
    "9": -98.26365596526024,
    "10": -96.53770658600293,
    "11": -97.56459005038403,
    "12": -86.99801676698397,
    "13": -95.23033175354824,
    "14": -98.73073917841123,
    "15": -93.63127399854679,
    "16": -94.83033175355439,
    "17": -96.06437325363481,
    "18": -99.1964724212095,
    "19": -99.02679418021178,
    "20": -98.23769216169806,
    "21": -96.66365714563155,
    "22": -97.93032263192691,
    "23": -97.47051854341049,
    "24": -94.2317460691981,
    "25": -98.43032263192691,
    "26": -97.73032263192691,
    "27": -89.40093342422963,
    "28": -96.69740650702286,
    "29": -98.60093408581335,
    "30": -99.36666666666667,
    "31": -83.03318559378451,
    "32": -95.13863874407295,
    "33": -95.49982856328123,
    "34": -97.77019426354471,
    "35": -92.16770719159524,
    "36": -94.30093408464276,
    "37": -99.1964724212095,
    "38": -98.16359581952828,
    "39": -81.76858726003272,
    "40": -93.8009340833373,
    "41": -86.83926617607423,
    "42": -91.90510255561901,
    "43": -94.63333331250266,
    "44": -98.33333333333334,
    "45": -75.80911802879999,
    "46": 87.87863644511377,
    "47": -94.765177440915,
    "48": -99.80306706104905,
    "49": -95.90093397973921,
    "50": -96.10592155737585,
    "51": -77.56805122389251,
    "52": -90.17030154982587,
    "53": -85.90450581377841,
    "54": -84.73828567739183,
    "55": -97.96058246390339,
    "56": -97.27175342900252,
    "57": -95.72980455374872,
    "58": -96.86529684249699,
    "59": -98.8322499203923,
    "60": 28.78492788815854,
    "61": -98.2004182338375,
    "62": -96.83334125146413,
    "63": -97.29705351601066,
    "64": -93.19722511363194,
    "65": -94.09693177775748,
    "66": -92.49971985401451,
    "67": -99.26966840462848,
    "68": -96.17143350115762,
    "69": -98.67457207491078,
    "70": -95.87021676788099,
    "71": -99.00346454341437,
    "72": -92.76806443313484,
    "73": -99.26973359044072,
    "74": -89.66274267251758,
    "75": -98.63679801410015,
    "76": 32.42579246743812,
    "77": -99.2363349134734,
    "78": -97.3311776075169,
    "79": 21.35562780147739,
    "80": 21.953106043901148,
    "81": -93.10481495972986,
    "82": 30.486775346341446,
    "83": 20.892996660456678,
    "84": 35.021534328513034,
    "85": 15.319099231683706,
    "86": 24.225757476842958,
    "87": 27.285578665607307,
    "88": 27.97735020369225,
    "89": 28.992553426588223,
    "90": 22.783241383893373,
    "91": 27.38281278799986,
    "92": 34.28218575654541,
    "93": -86.76945784063739,
    "94": 39.80868433138697,
    "95": -99.83634403473977,
    "96": -99.47366255144034,
    "97": 26.809332959584417,
    "98": 24.917182718139934
}