{
    "1": 2.587962962962936,
    "2": -0.9805555555555587,
    "3": -121.52685185185189,
    "4": -15.929629629629627,
    "5": 1.7430555555555531,
    "6": -225.48148148148232,
    "7": -15.265277777777762,
    "8": -20.826851851851842,
    "9": -139.59120370370383,
    "10": 34.5476851851852,
    "11": -26.162499999999984,
    "12": -174.39120370370426,
    "13": 23.58333333333338,
    "14": -13.512962962962959,
    "15": -139.43240740740765,
    "16": -8.30925925925924,
    "17": -41.79166666666665,
    "18": -198.73101851851925,
    "19": 0.10231481481481275,
    "20": 5.408796296296325,
    "21": -244.8337962962968,
    "22": 16.68657407407411,
    "23": 8.409722222222248,
    "24": -127.08194444444456,
    "25": 8.499537037037063,
    "26": -1.2842592592592226,
    "27": -367.5384259259263,
    "28": -12.37777777777777,
    "29": -20.612962962962957,
    "30": -134.14814814814846,
    "31": -13.724537037037031,
    "32": -41.62175925925922,
    "33": -251.30046296296388,
    "34": -25.311111111111085,
    "35": -40.885185185185115,
    "36": -170.64768518518562,
    "37": -2.2180555555555337,
    "38": 4.583796296296309,
    "39": -282.4689814814809,
    "40": -30.911574074074075,
    "41": -11.844907407407408,
    "42": -289.8564814814821,
    "43": -40.349999999999966,
    "44": 17.979166666666686,
    "45": -351.2148148148154,
    "46": -58.037037037036995,
    "47": -60.34212962962954,
    "48": -328.67685185185167,
    "49": -32.956018518518455,
    "50": -27.751388888888812,
    "51": -369.82592592592596,
    "52": -39.69722222222221,
    "53": -44.575462962962895,
    "54": -364.82407407407385,
    "55": -46.68657407407404,
    "56": -39.20925925925924,
    "57": -281.28472222222234,
    "58": -57.59583333333329,
    "59": -101.87037037037034,
    "60": -403.24861111111045,
    "61": -15.434259259259235,
    "62": -58.29259259259255,
    "63": -380.3328703703714,
    "64": -61.10138888888879,
    "65": -81.30092592592591,
    "66": -419.7166666666673,
    "67": -49.512962962962895,
    "68": -71.97731481481482,
    "69": -397.7231481481468,
    "70": -49.97638888888884,
    "71": -85.96388888888882,
    "72": -390.41064814814774,
    "73": -45.203703703703646,
    "74": -134.17916666666682,
    "75": -416.8736111111113,
    "76": -108.76990740740757,
    "77": -26.020370370370337,
    "78": -460.4601851851849,
    "79": -76.95879629629626,
    "80": -103.46250000000005,
    "81": -418.3226851851839,
    "82": -79.96203703703704,
    "83": -39.261111111111056,
    "84": -410.6134259259261,
    "85": -98.81157407407397,
    "86": -119.00601851851845,
    "87": -400.3106481481491,
    "88": -110.87546296296306,
    "89": -156.9861111111113,
    "90": -412.36759259259236,
    "91": -141.876388888889,
    "92": -117.10972222222244,
    "93": -421.49259259259196,
    "94": -78.18981481481485,
    "95": -115.21111111111111,
    "96": -426.72638888888895,
    "97": -93.49398148148143,
    "98": -237.12777777777805,
    "99": -385.14861111111236,
    "100": -136.28009259259264,
    "101": -193.09629629629708,
    "102": -400.69953703703663,
    "103": -125.73796296296294,
    "104": -89.97361111111121,
    "105": -339.62083333333464,
    "106": -271.87500000000017,
    "107": -146.7189814814817,
    "108": -390.17962962962906,
    "109": -139.58657407407426,
    "110": -185.1606481481488,
    "111": -411.4842592592609,
    "112": -145.81712962962987,
    "113": -251.7856481481487,
    "114": -406.9226851851856,
    "115": -171.59907407407437,
    "116": -298.3273148148148,
    "117": -405.2074074074078,
    "118": -263.577777777778,
    "119": -130.41666666666686,
    "120": -416.33379629629513,
    "121": -197.9509259259266,
    "122": -218.99490740740785,
    "123": -399.75833333333543,
    "124": -200.5175925925929,
    "125": -248.16805555555612,
    "126": -409.48379629629466,
    "127": -205.97916666666694,
    "128": -235.59629629629694,
    "129": -437.277314814814,
    "130": -349.3337962962957,
    "131": -244.9351851851861,
    "132": -421.7856481481485,
    "133": -245.20370370370443,
    "134": -251.86990740740856,
    "135": -442.90740740740966,
    "136": -393.3634259259259
}