{
    "1": 6.611111111111143,
    "2": -46.88888888888882,
    "3": 6.777777777777761,
    "4": -28.49999999999998,
    "5": -48.72222222222214,
    "6": 16.22222222222226,
    "7": -42.77777777777771,
    "8": -31.111111111111093,
    "9": -15.500000000000004,
    "10": -68.94444444444429,
    "11": -65.33333333333334,
    "12": 4.666666666666682,
    "13": 4.166666666666739,
    "14": -26.777777777777743,
    "15": -1.1666666666666874,
    "16": -12.722222222222214,
    "17": 5.833333333333356,
    "18": 3.388888888888925,
    "19": 8.50000000000001,
    "20": -7.833333333333325,
    "21": 23.611111111111168,
    "22": -11.333333333333343,
    "23": 8.83333333333336,
    "24": -7.444444444444429,
    "25": -28.72222222222217,
    "26": -6.999999999999989,
    "27": 12.000000000000014,
    "28": -8.333333333333293,
    "29": -17.27777777777772,
    "30": 5.1666666666666785,
    "31": 13.77777777777785,
    "32": -39.3888888888888,
    "33": 0.055555555555624636,
    "34": -16.666666666666607,
    "35": 14.222222222222314,
    "36": 1.6666666666666958,
    "37": 5.05555555555557,
    "38": -35.333333333333286,
    "39": 2.8333333333333313,
    "40": -18.444444444444425,
    "41": -28.05555555555553,
    "42": -7.666666666666675,
    "43": -11.944444444444407,
    "44": -35.66666666666662,
    "45": -23.99999999999997,
    "46": -44.1666666666666,
    "47": -18.611111111111086,
    "48": 2.888888888888893,
    "49": -23.833333333333314,
    "50": -24.611111111111093,
    "51": 12.0,
    "52": -60.166666666666615,
    "53": -60.49999999999994,
    "54": 25.77777777777789,
    "55": -25.11111111111111,
    "56": -55.722222222222165,
    "57": 40.94444444444452,
    "58": -39.16666666666666,
    "59": -23.999999999999964,
    "60": 22.277777777777814,
    "61": -50.49999999999996,
    "62": -43.888888888888786,
    "63": 7.3888888888888795,
    "64": -36.27777777777778,
    "65": 5.000000000000016,
    "66": 1.6666666666666563,
    "67": -64.49999999999997,
    "68": -31.16666666666663,
    "69": 32.38888888888892,
    "70": -29.944444444444436,
    "71": -93.38888888888879,
    "72": -33.555555555555536,
    "73": -61.5555555555554,
    "74": -89.16666666666657,
    "75": -41.499999999999986,
    "76": -22.555555555555525,
    "77": -20.777777777777715,
    "78": -29.111111111111086,
    "79": -18.111111111111082,
    "80": -52.277777777777715,
    "81": -53.55555555555553,
    "82": -64.33333333333329,
    "83": 19.38888888888896,
    "84": 39.000000000000064,
    "85": -73.83333333333337,
    "86": -21.888888888888893,
    "87": 13.722222222222246,
    "88": -57.27777777777756,
    "89": 5.666666666666706,
    "90": -14.722222222222126,
    "91": -50.888888888888815,
    "92": -31.333333333333293,
    "93": 9.888888888888946,
    "94": -12.055555555555529,
    "95": -10.499999999999986,
    "96": 1.833333333333334,
    "97": -20.999999999999943,
    "98": -35.9444444444444,
    "99": -8.166666666666629,
    "100": -18.888888888888854,
    "101": -92.6666666666665,
    "102": 21.44444444444453,
    "103": -57.5555555555555,
    "104": 38.666666666666785,
    "105": -41.888888888888786,
    "106": -69.9999999999999,
    "107": -32.333333333333286,
    "108": -0.9999999999999858,
    "109": -30.55555555555552,
    "110": -50.44444444444435,
    "111": 5.66666666666681,
    "112": -66.61111111111114,
    "113": 16.555555555555635,
    "114": -9.888888888888836,
    "115": -68.33333333333326,
    "116": -9.83333333333322,
    "117": 1.1111111111110938,
    "118": -24.999999999999922,
    "119": -31.999999999999964,
    "120": -18.05555555555553,
    "121": 21.944444444444454,
    "122": -56.83333333333313,
    "123": -4.666666666666657,
    "124": -19.055555555555504,
    "125": -34.99999999999996,
    "126": -14.833333333333279,
    "127": -43.66666666666661,
    "128": -37.5555555555555,
    "129": -3.277777777777793,
    "130": -102.16666666666661,
    "131": 18.444444444444507,
    "132": 24.66666666666667,
    "133": -39.33333333333329,
    "134": -43.99999999999991,
    "135": 7.66666666666674,
    "136": -112.05555555555547,
    "137": -80.11111111111103,
    "138": -8.055555555555479,
    "139": -17.16666666666665,
    "140": -126.38888888888883,
    "141": -9.888888888888836,
    "142": -13.611111111111072,
    "143": -67.05555555555547,
    "144": -19.61111111111107,
    "145": -1.3888888888888822,
    "146": -231.9444444444447,
    "147": -34.666666666666636,
    "148": -43.94444444444443,
    "149": -53.222222222222115,
    "150": -46.72222222222218,
    "151": -96.22222222222209,
    "152": -45.66666666666659,
    "153": -51.4444444444444,
    "154": -83.88888888888881,
    "155": -47.16666666666658,
    "156": -29.16666666666663,
    "157": -10.388888888888864,
    "158": -82.3333333333332,
    "159": -36.333333333333314,
    "160": -92.94444444444439,
    "161": -72.61111111111103,
    "162": -18.722222222222147,
    "163": -31.388888888888808,
    "164": -21.83333333333333,
    "165": 28.72222222222228,
    "166": -138.05555555555557,
    "167": -38.49999999999991,
    "168": -30.499999999999986,
    "169": -90.05555555555546,
    "170": -137.11111111111114,
    "171": 11.722222222222255,
    "172": -16.277777777777764,
    "173": -92.11111111111107,
    "174": -12.388888888888886,
    "175": -40.05555555555551,
    "176": -38.44444444444443,
    "177": -88.111111111111,
    "178": -63.2222222222222,
    "179": -81.33333333333334,
    "180": -90.61111111111101,
    "181": -121.27777777777777,
    "182": -41.55555555555551,
    "183": -66.4444444444444,
    "184": 4.8888888888889515,
    "185": -73.99999999999991,
    "186": -6.833333333333329,
    "187": -29.277777777777757,
    "188": -70.61111111111103,
    "189": -54.22222222222218,
    "190": -113.11111111111097,
    "191": -145.44444444444474,
    "192": -16.33333333333335,
    "193": -61.33333333333334,
    "194": -109.50000000000009,
    "195": -69.49999999999994,
    "196": -114.94444444444423,
    "197": -98.27777777777776,
    "198": -39.944444444444386,
    "199": -70.11111111111113,
    "200": -35.38888888888879,
    "201": -5.499999999999947,
    "202": -70.94444444444439,
    "203": -3.944444444444418,
    "204": -116.33333333333331,
    "205": 3.500000000000062,
    "206": -51.83333333333327,
    "207": -46.27777777777767,
    "208": -108.49999999999991,
    "209": -157.72222222222246,
    "210": -65.6111111111111,
    "211": -44.44444444444439,
    "212": -167.05555555555583,
    "213": -28.38888888888885,
    "214": -86.8333333333332,
    "215": -168.55555555555566,
    "216": -45.16666666666656,
    "217": -133.9444444444446,
    "218": -216.1111111111111,
    "219": -12.833333333333314,
    "220": -182.11111111111148,
    "221": -146.44444444444434,
    "222": -26.222222222222218,
    "223": -45.38888888888884,
    "224": -147.7777777777781,
    "225": -29.499999999999986,
    "226": -128.33333333333346,
    "227": -75.4999999999999,
    "228": -119.7777777777776,
    "229": -82.72222222222213,
    "230": -417.6666666666668,
    "231": -39.61111111111105,
    "232": -60.8888888888888
}