{
    "1": 8.434259259259244,
    "2": 2.173148148148129,
    "3": -119.90370370370384,
    "4": 31.137962962962987,
    "5": -24.39444444444443,
    "6": -149.79027777777836,
    "7": 39.991666666666696,
    "8": -22.281481481481478,
    "9": -102.8828703703703,
    "10": 29.351851851851848,
    "11": 5.900000000000001,
    "12": -77.00879629629618,
    "13": -21.097222222222218,
    "14": -22.068518518518516,
    "15": -28.090740740740706,
    "16": -11.535185185185178,
    "17": -21.42499999999998,
    "18": -102.0523148148148,
    "19": 9.94814814814817,
    "20": -23.218518518518497,
    "21": -63.88148148148149,
    "22": -5.429629629629638,
    "23": 1.4435185185185198,
    "24": -25.24861111111109,
    "25": -11.82870370370372,
    "26": -29.069444444444414,
    "27": -60.72499999999991,
    "28": -5.426388888888884,
    "29": 30.48888888888891,
    "30": -62.2231481481481,
    "31": 3.104629629629644,
    "32": 26.24351851851856,
    "33": -65.08796296296283,
    "34": -16.5361111111111,
    "35": 1.267129629629661,
    "36": -16.114351851851854,
    "37": -33.13518518518516,
    "38": 2.2870370370370425,
    "39": -29.387500000000003,
    "40": -18.721296296296284,
    "41": -2.9481481481481486,
    "42": -36.122685185185155,
    "43": 10.434259259259267,
    "44": 2.331944444444436,
    "45": -54.24675925925917,
    "46": -27.070370370370345,
    "47": -25.37499999999997,
    "48": -20.146759259259248,
    "49": -17.55833333333332,
    "50": -48.579629629629565,
    "51": -42.78333333333331,
    "52": 21.421296296296294,
    "53": -4.316203703703707,
    "54": 10.546296296296315,
    "55": -1.120370370370373,
    "56": -21.678240740740733,
    "57": -9.569444444444422,
    "58": 5.020833333333336,
    "59": 7.432407407407431,
    "60": -4.5689814814814955,
    "61": 48.83796296296298,
    "62": 16.053240740740733,
    "63": -10.970833333333324,
    "64": 1.898148148148136,
    "65": 3.02916666666665,
    "66": -13.730092592592602,
    "67": 29.550462962963014,
    "68": 14.993981481481496,
    "69": 26.52916666666671,
    "70": -7.636111111111104,
    "71": 7.551851851851841,
    "72": -19.724537037037013,
    "73": -3.0046296296296333,
    "74": 21.88703703703708,
    "75": -23.74351851851852,
    "76": 1.4935185185184974,
    "77": 1.6634259259259365,
    "78": -6.294907407407397,
    "79": 11.863425925925924,
    "80": -17.423611111111104,
    "81": -26.108333333333313,
    "82": 33.931018518518584,
    "83": -9.386111111111124,
    "84": -49.17222222222216,
    "85": 14.296296296296308,
    "86": 9.911574074074078,
    "87": -3.4421296296296386,
    "88": 13.960648148148145,
    "89": 24.82685185185187,
    "90": 7.194444444444426,
    "91": 20.15462962962967,
    "92": -9.034259259259255,
    "93": -12.902777777777786,
    "94": 9.941203703703705,
    "95": -0.6263888888888767,
    "96": -49.312037037037015,
    "97": 8.415277777777819,
    "98": 14.462962962962983,
    "99": -3.6425925925926066,
    "100": 10.94120370370371,
    "101": 20.477777777777753,
    "102": -12.646296296296288,
    "103": -12.677314814814828,
    "104": -20.452777777777765,
    "105": -24.762499999999985,
    "106": -29.910648148148148,
    "107": 32.99305555555559,
    "108": 5.815277777777754,
    "109": 20.636574074074126,
    "110": -32.55138888888886,
    "111": 14.452777777777834,
    "112": -11.363888888888875,
    "113": -17.31435185185182,
    "114": 31.903240740740785,
    "115": 16.109722222222253,
    "116": 1.0185185185185048,
    "117": 1.9374999999999818,
    "118": 16.959722222222215,
    "119": -11.143055555555556,
    "120": 7.2106481481481515,
    "121": 22.50370370370379,
    "122": 21.918518518518525,
    "123": 13.57685185185191,
    "124": 4.65740740740741,
    "125": 9.843981481481489,
    "126": -10.375925925925952,
    "127": -10.832407407407395,
    "128": 16.138425925925965,
    "129": -4.4125000000000085,
    "130": -5.837499999999974,
    "131": 4.198148148148173,
    "132": 14.069444444444468,
    "133": 17.346296296296323,
    "134": 10.404166666666697,
    "135": 23.180555555555642,
    "136": -0.5828703703703946,
    "137": 26.421296296296383,
    "138": 33.09675925925927,
    "139": 24.38518518518517,
    "140": -0.18379629629627203,
    "141": 13.449999999999992,
    "142": -20.581481481481465,
    "143": 15.750925925925937,
    "144": 31.07083333333336,
    "145": 14.442129629629653,
    "146": 17.030555555555583,
    "147": 34.11203703703704,
    "148": -17.41898148148148,
    "149": 31.53842592592597,
    "150": 16.496296296296336,
    "151": -19.012962962962945,
    "152": 7.9375000000000036,
    "153": 4.612962962962956,
    "154": 35.46990740740746,
    "155": -28.0347222222222,
    "156": 7.366203703703698,
    "157": 17.383333333333354,
    "158": 33.923611111111185,
    "159": 23.21990740740743,
    "160": -19.14814814814815,
    "161": 7.177777777777783,
    "162": 3.9652777777777866,
    "163": -26.347222222222214,
    "164": 19.67824074074077,
    "165": 41.448611111111205,
    "166": 15.611111111111146,
    "167": 30.723148148148184,
    "168": 43.38055555555562,
    "169": 19.944444444444493,
    "170": 11.855092592592595,
    "171": 24.398611111111272,
    "172": -4.784722222222145,
    "173": 29.00462962962964,
    "174": 27.044907407407482,
    "175": 7.00648148148149,
    "176": -9.956018518518517,
    "177": 27.075462962963044,
    "178": 26.58657407407408,
    "179": 35.011111111111205,
    "180": -8.826851851851858,
    "181": -20.381481481481476,
    "182": -2.6064814814814845,
    "183": 14.304629629629645,
    "184": -15.290740740740734,
    "185": 12.85601851851853,
    "186": 15.087499999999991,
    "187": 21.072222222222265,
    "188": 7.79398148148149,
    "189": -2.1351851851851933,
    "190": -8.506481481481481,
    "191": 12.631018518518516,
    "192": 24.021759259259277,
    "193": -1.1486111111111121,
    "194": -11.734259259259247,
    "195": 42.741203703703746,
    "196": -20.38472222222219,
    "197": 15.465740740740777,
    "198": 39.02222222222227,
    "199": 11.854166666666696,
    "200": 16.41574074074083,
    "201": 30.954629629629665,
    "202": 5.347222222222209,
    "203": -4.628703703703703,
    "204": 7.068981481481507,
    "205": 17.265740740740767,
    "206": 13.35509259259267,
    "207": 9.806481481481491,
    "208": 35.854629629629635,
    "209": -8.296296296296283,
    "210": -6.904166666666647,
    "211": -7.526851851851873,
    "212": 14.083333333333343,
    "213": 40.625462962963056,
    "214": -4.12592592592595,
    "215": 5.81342592592595,
    "216": 27.773148148148294,
    "217": 9.284259259259272,
    "218": 7.2300925925926185,
    "219": 37.487962962963074,
    "220": 51.97453703703712,
    "221": 38.23796296296302,
    "222": 29.910648148148177,
    "223": 10.112037037037055,
    "224": 40.76018518518521,
    "225": 28.27824074074085,
    "226": 46.120370370370395,
    "227": 3.846296296296317,
    "228": 35.26712962962972,
    "229": 15.39444444444452,
    "230": 53.175925925925945,
    "231": 28.087500000000063,
    "232": 17.53842592592594,
    "233": -5.917129629629629,
    "234": 14.928240740740764,
    "235": -2.756944444444411,
    "236": 50.1699074074075,
    "237": 20.400462962962962,
    "238": 24.60138888888892,
    "239": 8.025925925925922,
    "240": -29.798611111111086,
    "241": 21.522685185185217,
    "242": 36.42268518518523,
    "243": -22.52222222222219,
    "244": 6.866666666666639,
    "245": 25.901388888888935,
    "246": 31.908333333333374,
    "247": 36.42129629629632,
    "248": 6.769907407407403,
    "249": -7.772685185185189,
    "250": 31.08981481481483,
    "251": 50.34398148148152,
    "252": 26.735648148148293,
    "253": 14.56851851851861,
    "254": 65.60185185185186,
    "255": 30.577777777777918,
    "256": 18.590277777777793,
    "257": 16.158333333333438,
    "258": -6.5662037037036995,
    "259": 15.328703703703862,
    "260": 41.114351851851886,
    "261": 39.54166666666669,
    "262": 29.159259259259386,