{
    "1": 7.6138888888888845,
    "2": 19.272222222222247,
    "3": -126.74305555555569,
    "4": 3.2638888888889124,
    "5": -16.54999999999999,
    "6": -61.015277777777726,
    "7": 1.5805555555555482,
    "8": -28.98055555555554,
    "9": -123.27361111111125,
    "10": 28.59166666666667,
    "11": 4.94444444444444,
    "12": -55.04305555555548,
    "13": 24.591666666666743,
    "14": -0.6736111111111285,
    "15": -32.15694444444441,
    "16": 1.9861111111111405,
    "17": -22.11666666666667,
    "18": -14.577777777777747,
    "19": 26.501388888888883,
    "20": -11.19444444444445,
    "21": -24.297222222222203,
    "22": 12.69583333333334,
    "23": 17.956944444444456,
    "24": -24.40555555555554,
    "25": -35.316666666666634,
    "26": 16.341666666666683,
    "27": -24.399999999999956,
    "28": 33.944444444444485,
    "29": 0.005555555555550207,
    "30": -11.176388888888876,
    "31": 12.484722222222238,
    "32": 7.348611111111123,
    "33": -6.956944444444439,
    "34": -18.475000000000016,
    "35": 9.476388888888986,
    "36": -27.980555555555533,
    "37": -15.40277777777775,
    "38": -0.827777777777781,
    "39": 4.250000000000004,
    "40": 3.9750000000000343,
    "41": 8.202777777777825,
    "42": 4.94583333333336,
    "43": 51.04444444444455,
    "44": 24.675000000000058,
    "45": 24.673611111111185,
    "46": 25.97500000000002,
    "47": 15.022222222222215,
    "48": 15.586111111111132,
    "49": 2.105555555555634,
    "50": -14.141666666666662,
    "51": 14.837500000000059,
    "52": 40.96666666666671,
    "53": -10.466666666666661,
    "54": 23.520833333333417,
    "55": 29.868055555555568,
    "56": 36.94583333333336,
    "57": 16.802777777777877,
    "58": 27.148611111111173,
    "59": 23.4555555555556,
    "60": 10.716666666666718,
    "61": 0.04027777777781161,
    "62": 15.545833333333327,
    "63": 21.154166666666697,
    "64": 16.354166666666735,
    "65": 25.025000000000038,
    "66": 32.21666666666674,
    "67": 37.15000000000006,
    "68": -28.463888888888853,
    "69": 38.23472222222225,
    "70": 4.270833333333349,
    "71": -4.608333333333331,
    "72": 9.958333333333439,
    "73": 25.422222222222285,
    "74": 15.609722222222283,
    "75": 41.436111111111195,
    "76": 32.7152777777779,
    "77": -0.21527777777774482,
    "78": 24.547222222222338,
    "79": 28.11388888888891,
    "80": 32.15555555555561,
    "81": 35.40138888888895,
    "82": 47.22222222222229,
    "83": 39.140277777777825,
    "84": 52.4375000000001,
    "85": 33.35138888888902,
    "86": 36.35555555555565,
    "87": 57.2236111111112,
    "88": 38.59861111111119,
    "89": 37.247222222222334,
    "90": 24.3236111111112,
    "91": 60.563888888889,
    "92": 31.809722222222284,
    "93": 52.33472222222231,
    "94": 37.495833333333515,
    "95": 42.46944444444456,
    "96": 1.8138888888889748,
    "97": 65.29444444444454,
    "98": 7.159722222222261,
    "99": 55.28333333333341,
    "100": 38.53472222222234,
    "101": 41.172222222222246,
    "102": 62.90972222222232,
    "103": 19.97916666666677,
    "104": 6.776388888888885,
    "105": 52.04305555555568,
    "106": 15.458333333333378,
    "107": 54.94583333333343,
    "108": 47.934722222222305,
    "109": 52.645833333333464,
    "110": 11.26527777777781,
    "111": 81.4999999999999,
    "112": 16.065277777777858,
    "113": 25.436111111111153,
    "114": 41.4000000000002,
    "115": 38.05277777777786,
    "116": 33.59166666666676,
    "117": 68.61805555555543,
    "118": 35.155555555555736,
    "119": 30.60555555555561,
    "120": 62.069444444444585,
    "121": 15.436111111111309,
    "122": 34.038888888888955,
    "123": 32.43194444444457,
    "124": -17.78333333333334,
    "125": 28.381944444444606,
    "126": 38.005555555555645,
    "127": 32.151388888889,
    "128": 51.518055555555705,
    "129": 36.133333333333354,
    "130": 40.81111111111116,
    "131": 67.19444444444449,
    "132": 65.72083333333337,
    "133": 66.64444444444445,
    "134": 65.35416666666673,
    "135": 40.162500000000065,
    "136": -2.5361111111109835,
    "137": 7.908333333333335,
    "138": 29.311111111111142,
    "139": 45.40555555555563,
    "140": 24.979166666666835,
    "141": 13.25000000000013,
    "142": 43.69583333333335,
    "143": 54.19027777777789,
    "144": 58.23472222222231,
    "145": 56.687500000000114,
    "146": 66.67638888888894,
    "147": 54.70277777777786,
    "148": 72.16250000000007,
    "149": 37.165277777777916,
    "150": 64.42361111111121,
    "151": 13.515277777777822,
    "152": 49.4986111111112,
    "153": 42.604166666666785,
    "154": 58.362500000000146,
    "155": 28.290277777777803,
    "156": 68.14722222222215,
    "157": 48.86805555555561,
    "158": 56.44583333333347,
    "159": 7.034722222222324,
    "160": 24.65972222222226,
    "161": 60.45972222222225,
    "162": 33.80000000000011,
    "163": 46.613888888888965,
    "164": 42.613888888888944,
    "165": 54.493055555555685,
    "166": 60.71666666666674,
    "167": 53.84027777777781,
    "168": 83.75694444444419,
    "169": 68.53055555555562,
    "170": 42.70138888888896,
    "171": 34.51250000000011,
    "172": 61.61805555555569,
    "173": 52.40138888888901,
    "174": 67.35277777777766,
    "175": 55.81111111111124,
    "176": 51.99305555555568,
    "177": 62.54444444444457,
    "178": 31.09166666666672,
    "179": 49.49444444444452,
    "180": 68.83333333333323,
    "181": 30.905555555555644,
    "182": 73.47916666666636,
    "183": 84.61805555555547,
    "184": 39.297222222222295,
    "185": 81.9388888888888,
    "186": 80.29861111111096,
    "187": 49.618055555555664,
    "188": 45.4875000000001,
    "189": 44.52638888888896,
    "190": 57.70138888888899,
    "191": 37.44722222222238,
    "192": 63.61250000000001,
    "193": 77.36111111111096,
    "194": 67.02361111111121,
    "195": 71.56250000000003,
    "196": 72.97916666666652,
    "197": 76.93055555555534,
    "198": 55.319444444444564,
    "199": 53.193055555555596,
    "200": 69.12500000000007,
    "201": 72.78472222222192,
    "202": 78.47916666666652,
    "203": 50.40694444444454,
    "204": 77.33472222222214,
    "205": 67.26944444444443,
    "206": 65.08472222222231,
    "207": 37.986111111111185,
    "208": 31.490277777777905,
    "209": 46.15416666666683,
    "210": 74.34027777777766,
    "211": 63.92916666666669,
    "212": 64.71527777777783,
    "213": 86.73611111111084,
    "214": 43.40972222222227,
    "215": 35.86111111111112,
    "216": 60.0541666666666,
    "217": 62.09027777777789,
    "218": 84.47916666666644,
    "219": 75.5416666666664,
    "220": 64.75694444444449,
    "221": 60.643055555555655,
    "222": 83.7013888888887,
    "223": 69.90277777777777,
    "224": 72.2791666666665,
    "225": 44.673611111111235,
    "226": 67.37361111111095,
    "227": 61.647222222222304,
    "228": 71.76666666666664,
    "229": 43.956944444444524,
    "230": 84.55694444444433,
    "231": 73.78333333333312,
    "232": 67.02916666666661,
    "233": 67.6055555555556,
    "234": 82.18055555555532,
    "235": 89.93194444444437,
    "236": 59.04027777777786,
    "237": 69.18888888888873,
    "238": 86.9541666666666,
    "239": 57.09027777777787,
    "240": 67.65277777777762,
    "241": 63.255555555555645,
    "242": 35.60416666666677,
    "243": 65.82777777777784,
    "244": 48.66666666666675,
    "245": 30.552777777777873,
    "246": 78.06944444444426,
    "247": 81.70833333333323,
    "248": 66.19722222222232,
    "249": 70.4652777777778,
    "250": 68.65972222222206,
    "251": 81.66805555555548,
    "252": 77.31944444444433,
    "253": 74.38333333333324,
    "254": 72.11111111111092,
    "255": 73.76249999999983,
    "256": 55.405555555555715,
    "257": 32.2444444444445,
    "258": 77.37638888888871,
    "259": 22.720833333333438,
    "260": 87.41388888888882,
    "261": 67.16527777777776,
    "262": 47.8986111111112,
    "263": 68.1583333333333,
    "264": 72.75694444444426,
    "265": 65.55416666666673,
    "266": 39.087500000000105,