{
    "1": -253.51491474320997,
    "2": -100.8451306428642,
    "3": -146.88715705784665,
    "4": -303.9787506562551,
    "5": -777.305394853211,
    "6": -948.9000204978618,
    "7": -722.2284932952901,
    "8": -368.7973643409397,
    "9": -672.1264727538077,
    "10": -613.2450156414786,
    "11": -347.6231550203704,
    "12": -19.498062337405685,
    "13": -505.3049629593117,
    "14": -499.0517216474653,
    "15": -463.31091415807805,
    "16": -626.2077202871607,
    "17": -37.719201080426686,
    "18": -463.3192354770038,
    "19": -326.7622308218087,
    "20": -189.70834805726292,
    "21": -182.8048149193688,
    "22": -233.64983519716014,
    "23": -74.57739938526528,
    "24": -131.01607757618896,
    "25": -322.4563271006625,
    "26": -155.98476904149402,
    "27": -184.21548164551325,
    "28": -52.13608106949371,
    "29": -67.52242555006407,
    "30": -201.7870293084403,
    "31": -201.1611805345419,
    "32": -306.58758858456866,
    "33": -334.5933835365294,
    "34": -194.3301667050061,
    "35": -255.95597007590902,
    "36": -303.4975979634288,
    "37": -157.7408382902609,
    "38": -307.3988289062438,
    "39": -111.37057572059534,
    "40": -71.14952611416447,
    "41": -22.81973034830258,
    "42": -110.15843505282758,
    "43": -205.12337314171913,
    "44": -21.094187202999493,
    "45": -31.996918720862183,
    "46": -123.45020331482573,
    "47": 38.48879018001608,
    "48": -142.6275132033772,
    "49": -85.20304073614346,
    "50": 33.98272314676754,
    "51": 31.873466229208404,
    "52": 68.10268703713534,
    "53": -131.64701715991436,
    "54": -251.332989188843,
    "55": -103.56758106170138,
    "56": 230.93598832228622,
    "57": -144.6793637442453,
    "58": -122.59114229569462,
    "59": -280.4486459844433,
    "60": -230.24101277085623,
    "61": 45.05590687047866,
    "62": 222.06629111494692,
    "63": -58.727925051289546,
    "64": 18.730685635234053,
    "65": -150.67182369239998,
    "66": -13.233924258049337,
    "67": 176.61571412111977,
    "68": 125.52784573185735,
    "69": 213.9493755784439,
    "70": -39.714779920749834,
    "71": 163.67062908321074,
    "72": 46.286292987675026,
    "73": -246.11474577643497,
    "74": 106.54255828593787,
    "75": 102.14913022713893,
    "76": 14.350803061157173,
    "77": -182.66057254837273,
    "78": -100.61610904630847,
    "79": 186.59746578419816,
    "80": -199.9131471197965,
    "81": 103.84763291308515,
    "82": -76.89109953967655,
    "83": 50.93336748318698,
    "84": -167.16111937210627,
    "85": -222.5568084225697,
    "86": -52.80661912008739,
    "87": -66.70743020715143,
    "88": 174.3151006565729,
    "89": 160.9280514501409,
    "90": 11.563095286928608,
    "91": -40.758490768953735,
    "92": -22.653023869493236,
    "93": -24.870034147946498,
    "94": 109.85757133184639,
    "95": -66.31751933932748,
    "96": 84.22615046414903,
    "97": -82.97755637988438,
    "98": -282.7789461494691,
    "99": -47.699455804663835,
    "100": -37.980467039910884,
    "101": 20.61799821301107,
    "102": 209.98820179080107,
    "103": -196.77376649039175,
    "104": -119.33873033667389,
    "105": -96.42093344682488,
    "106": 85.84991913967147,
    "107": 41.32066627318371,
    "108": 28.11730864682853,
    "109": 78.92152681119651,
    "110": -70.5189643309539,
    "111": -2.3300068192154093,
    "112": 84.08150167935975,
    "113": -25.832804696383327,
    "114": -57.40127950730127,
    "115": 60.71358038508997,
    "116": -37.3180669753774,
    "117": 66.91491860304161,
    "118": -3.8301446777278767,
    "119": 10.289990003674468,
    "120": -350.8168936585573,
    "121": -121.68801560372174,
    "122": -49.292379947386856,
    "123": 29.405463838610345,
    "124": -226.46918297963788,
    "125": -36.74400654155184,
    "126": -53.872593854595195,
    "127": -125.62111051760934,
    "128": -48.31289719273734,
    "129": -58.05515764357132,
    "130": -115.04194378563047,
    "131": -2.819662664276708,
    "132": 8.596612163690525,
    "133": -48.15438788309625,
    "134": -54.0303800841326,
    "135": 40.29847635506823,
    "136": 8.066832352755192,
    "137": 9.030706369550217,
    "138": 19.993402469372747,
    "139": 31.033295527637986,
    "140": 20.98792578402171,
    "141": 52.4765564873323,
    "142": 23.275842006517305,
    "143": -41.55942148880629,
    "144": 13.942179431171752,
    "145": -77.08414189731528,
    "146": -87.64120377055292,
    "147": 37.019345724720225,
    "148": -3.8098679056799334,
    "149": -63.14617880322956,
    "150": 111.97959489483608,
    "151": 34.97894889595398,
    "152": 148.84833971181703,
    "153": 9.4661518917048,
    "154": -49.92898373466911,
    "155": 66.52089670130039,
    "156": -252.81161233956047,
    "157": 20.809479878607014,
    "158": 61.2380106003027,
    "159": -26.751112233602807,
    "160": -53.25001041031842,
    "161": -18.755906241333147,
    "162": 138.05042043542508,
    "163": 24.18749224613179,
    "164": -38.284180424544196,
    "165": 92.1527996894827,
    "166": 59.70273883740518,
    "167": 71.53499434278766,
    "168": 255.08832074706217,
    "169": 23.26353117874189,
    "170": 112.5345767403514,
    "171": 46.23332173091453,
    "172": -30.996049562186798,
    "173": -81.06424137258212,
    "174": -23.710721062951777,
    "175": -79.71714004072135,
    "176": -260.610733336321,
    "177": 70.60910131318612,
    "178": 0.7263361282601852,
    "179": 80.45935910484152,
    "180": 0.780812675804806,
    "181": 20.157252690871132,
    "182": -202.74077899320963,
    "183": 111.70542382288994,
    "184": 93.94948428530215,
    "185": -49.81767256551876,
    "186": 95.95001015027431,
    "187": 92.05111921035456,
    "188": 110.7908218202305,
    "189": 116.36431714548088,
    "190": 74.98860523872374,
    "191": -46.009634829230386,
    "192": 83.04807884651986,
    "193": 67.06980023072452,
    "194": 2.9326377048787933,
    "195": 252.37768972786904,
    "196": 76.60275793319572,
    "197": 104.9103337202641,
    "198": -28.88065713197455,
    "199": -49.03795206465555,
    "200": 11.642099828202682,
    "201": 52.66420358800826,
    "202": 212.6384484386837,
    "203": -28.669323496617167,
    "204": 97.18737702882713,
    "205": 88.02795227501176,
    "206": 112.4299832150291,
    "207": 160.21930548746514,
    "208": 191.3427641557481,
    "209": 110.47283292441867,
    "210": 95.73925809013134,
    "211": -123.5963784568554,
    "212": -104.97293178285615,
    "213": 110.84996394633744,
    "214": -228.0067088934718,
    "215": 111.66285213065154,
    "216": 92.79581289769796,
    "217": 121.6539851314107,
    "218": 99.61341996659091,
    "219": 78.54699485402892,
    "220": -16.380790213882534,
    "221": 100.26609826283583,
    "222": 225.05310909091614,
    "223": 92.37465911033692,
    "224": 61.49282580540637,
    "225": 179.74470978255778,
    "226": 92.45616888608768,
    "227": -56.03816584379154,
    "228": 20.545780654974266,
    "229": -245.01764756569804,
    "230": 97.4928911822026,
    "231": -57.52839468788807,
    "232": 59.88489870540276,
    "233": 227.62568060051635,
    "234": -19.117953024565853,
    "235": -219.24074670872062,
    "236": 256.9487493140874,
    "237": -180.19003289405748,
    "238": 130.99757899374833,
    "239": 103.49059994475469,
    "240": -203.88730697114988,
    "241": 57.34571888320892,
    "242": 170.9480240509973,
    "243": 71.76684724876061,
    "244": 32.449098727676095,
    "245": -18.599752083593405,
    "246": 111.77914526723114,
    "247": 92.32072427566476,
    "248": 151.31400289815542,
    "249": 229.36275686259177,
    "250": -58.1440191813972,
    "251": 59.04372520562979,
    "252": 233.66241910972352,
    "253": 13.10675622176564,
    "254": 94.78645346280751,
    "255": 85.17496005999074,
    "256": 237.2557562165617,
    "257": 102.8681414240464,
    "258": 234.46757798552954,
    "259": 94.22174587802972,
    "260": 215.52162083182853,
    "261": 2.629485099994355,
    "262": 94.73517726470948,