{
    "1": -32.55555555555555,
    "2": -7.939814814814808,
    "3": 17.217592592592627,
    "4": 21.361111111111164,
    "5": -1.5648148148148269,
    "6": 0.3888888888888965,
    "7": 10.874999999999968,
    "8": 33.56944444444434,
    "9": 50.3240740740741,
    "10": 39.12499999999997,
    "11": 54.07870370370372,
    "12": 44.17592592592587,
    "13": 40.9444444444444,
    "14": 44.84259259259258,
    "15": 51.88888888888886,
    "16": 51.13888888888884,
    "17": 36.824074074074005,
    "18": 47.90740740740736,
    "19": 55.49074074074075,
    "20": 60.30092592592589,
    "21": 56.31944444444441,
    "22": 47.62499999999991,
    "23": 65.70833333333331,
    "24": 45.40740740740735,
    "25": 57.66666666666668,
    "26": 48.68518518518508,
    "27": 47.949074074074005,
    "28": 50.57870370370359,
    "29": 41.56944444444443,
    "30": 43.31481481481465,
    "31": 53.287037037037,
    "32": 48.91203703703698,
    "33": 54.3425925925925,
    "34": 64.53240740740736,
    "35": 56.31018518518518,
    "36": 47.81481481481474,
    "37": 47.537037037036974,
    "38": 53.20833333333323,
    "39": 37.745370370370345,
    "40": 51.870370370370345,
    "41": 55.49074074074068,
    "42": 40.74074074074074,
    "43": 53.56944444444438,
    "44": 51.67129629629621,
    "45": 41.1435185185185,
    "46": 59.9027777777777,
    "47": 48.49537037037031,
    "48": 43.76388888888877,
    "49": 68.46296296296293,
    "50": 52.004629629629534,
    "51": 38.26388888888878,
    "52": 57.82870370370367,
    "53": 54.99537037037037,
    "54": 42.83796296296288,
    "55": 36.152777777777686,
    "56": 63.37500000000001,
    "57": 45.29629629629625,
    "58": 61.30555555555553,
    "59": 38.31018518518514,
    "60": 57.28703703703702,
    "61": 39.166666666666615,
    "62": 61.99074074074071,
    "63": 68.99537037037037,
    "64": 60.11574074074071,
    "65": 43.13425925925921,
    "66": 66.21759259259255,
    "67": 66.34722222222224,
    "68": 46.39814814814805,
    "69": 48.18981481481476,
    "70": 46.74074074074068,
    "71": 69.45370370370365,
    "72": 58.45833333333332,
    "73": 41.38425925925921,
    "74": 39.22222222222215,
    "75": 54.356481481481396,
    "76": 50.45833333333325,
    "77": 42.71296296296288,
    "78": 46.94444444444442,
    "79": 56.68055555555553,
    "80": 46.58796296296287,
    "81": 59.69907407407409,
    "82": 52.07407407407402,
    "83": 36.70370370370361,
    "84": 66.85648148148148,
    "85": 42.36111111111106,
    "86": 46.990740740740655,
    "87": 64.06018518518516,
    "88": 54.01851851851846,
    "89": 53.55092592592585,
    "90": 38.99074074074074,
    "91": 55.2731481481481,
    "92": 44.41203703703703,
    "93": 50.22685185185185,
    "94": 48.3981481481481,
    "95": 67.25925925925924,
    "96": 50.87962962962959,
    "97": 34.01388888888885,
    "98": 50.287037037036974,
    "99": 62.15740740740743,
    "100": 38.71296296296288,
    "101": 47.79166666666655,
    "102": 47.53240740740734,
    "103": 55.4907407407407,
    "104": 54.26388888888888,
    "105": 47.59259259259251,
    "106": 38.15740740740729,
    "107": 47.518518518518405,
    "108": 48.38888888888886,
    "109": 56.449074074074026,
    "110": 54.66666666666662,
    "111": 59.97222222222215,
    "112": 50.837962962962926,
    "113": 61.36574074074073,
    "114": 58.541666666666615,
    "115": 42.620370370370274,
    "116": 64.3148148148148,
    "117": 57.671296296296234,
    "118": 35.96296296296289,
    "119": 55.81481481481484,
    "120": 41.71759259259252,
    "121": 59.85185185185183,
    "122": 50.999999999999915,
    "123": 55.037037037037024,
    "124": 29.10185185185174,
    "125": 50.93981481481476,
    "126": 59.495370370370345,
    "127": 54.509259259259245,
    "128": 54.48611111111108,
    "129": 48.45833333333328,
    "130": 51.43981481481473,
    "131": 58.94907407407407,
    "132": 52.300925925925895,
    "133": 51.23148148148144,
    "134": 52.46759259259255,
    "135": 43.20370370370367,
    "136": 44.13888888888878,
    "137": 41.49074074074072,
    "138": 49.14351851851846,
    "139": 50.72685185185178,
    "140": 42.953703703703624,
    "141": 55.300925925925895,
    "142": 48.532407407407355,
    "143": 61.63888888888883,
    "144": 46.87037037037026,
    "145": 53.10648148148145,
    "146": 49.33796296296289,
    "147": 54.56944444444435,
    "148": 64.38425925925921,
    "149": 62.63888888888897,
    "150": 54.98611111111105,
    "151": 63.20833333333333,
    "152": 41.05555555555548,
    "153": 46.05555555555545,
    "154": 52.19907407407399,
    "155": 49.68981481481474,
    "156": 48.05092592592586,
    "157": 48.24999999999994,
    "158": 54.62962962962961,
    "159": 37.38425925925921,
    "160": 54.2916666666666,
    "161": 57.18981481481481,
    "162": 62.060185185185176,
    "163": 61.34722222222219,
    "164": 44.671296296296276,
    "165": 59.310185185185134,
    "166": 59.30092592592591,
    "167": 47.120370370370324,
    "168": 59.5416666666666,
    "169": 47.63888888888884,
    "170": 51.42592592592587,
    "171": 45.96759259259257,
    "172": 52.98148148148143,
    "173": 57.13888888888881,
    "174": 58.79629629629625,
    "175": 56.70370370370367,
    "176": 60.101851851851805,
    "177": 40.94444444444443,
    "178": 53.46296296296293,
    "179": 43.69444444444444,
    "180": 53.01388888888881,
    "181": 36.24537037037033,
    "182": 49.203703703703624,
    "183": 47.59259259259258,
    "184": 46.70370370370366,
    "185": 69.70833333333336,
    "186": 58.550925925925846,
    "187": 54.064814814814795,
    "188": 62.16203703703701,
    "189": 52.24999999999991,
    "190": 67.80092592592595,
    "191": 51.52314814814811,
    "192": 58.569444444444414,
    "193": 50.14814814814809,
    "194": 54.430555555555515,
    "195": 57.999999999999915,
    "196": 65.41203703703704,
    "197": 54.97222222222215,
    "198": 63.37037037037039,
    "199": 55.504629629629555,
    "200": 40.31018518518511,
    "201": 56.74537037037035,
    "202": 51.81018518518511,
    "203": 51.87499999999994,
    "204": 46.74074074074065,
    "205": 39.81481481481479,
    "206": 55.13425925925921,
    "207": 54.47222222222222,
    "208": 47.731481481481396,
    "209": 49.08333333333327,
    "210": 50.88888888888882,
    "211": 62.194444444444485,
    "212": 47.70833333333328,
    "213": 60.115740740740684,
    "214": 66.24537037037045,
    "215": 50.06944444444443,
    "216": 60.67129629629624,
    "217": 40.69444444444436,
    "218": 58.319444444444414,
    "219": 73.06018518518515,
    "220": 64.58333333333327,
    "221": 51.35185185185179,
    "222": 49.99074074074068,
    "223": 53.67592592592587,
    "224": 54.6249999999999,
    "225": 53.57407407407396,
    "226": 48.42129629629621,
    "227": 47.231481481481424,
    "228": 39.96759259259257,
    "229": 57.13888888888887,
    "230": 55.1712962962963,
    "231": 64.06018518518522,
    "232": 50.45833333333329,
    "233": 45.851851851851826,
    "234": 63.365740740740726,
    "235": 55.05092592592585,
    "236": 31.68055555555546,
    "237": 43.050925925925846,
    "238": 46.495370370370274,
    "239": 49.361111111111036,
    "240": 62.45833333333329,
    "241": 62.08796296296295,
    "242": 61.898148148148145,
    "243": 51.81018518518512,
    "244": 54.606481481481396,
    "245": 56.51388888888882,
    "246": 49.629629629629555,
    "247": 42.32407407407402,
    "248": 60.638888888888815,
    "249": 50.90277777777772,
    "250": 53.80092592592581,
    "251": 42.52314814814806,
    "252": 43.4305555555555,
    "253": 64.41666666666674,
    "254": 56.14351851851851,
    "255": 56.037037037037024,
    "256": 63.51851851851849,
    "257": 47.2453703703703,
    "258": 58.06018518518512,
    "259": 49.48611111111113,
    "260": 33.986111111111036,
    "261": 48.48148148148137,
    "262": 62.37037037037032,
    "263": 51.89814814814804,
    "264": 56.52314814814812,
    "265": 34.77314814814801,
    "266": 51.06944444444434,
    "267": 56.81018518518516,
    "268": 58.70833333333328,