{
    "1": -75.34692550265626,
    "2": -136.1736956363406,
    "3": -460.8373083598933,
    "4": -130.63537585336107,
    "5": -870.8608625997107,
    "6": -722.8354519240346,
    "7": -637.8822172679331,
    "8": -379.0747636350201,
    "9": -201.89034621455448,
    "10": -402.9324701223848,
    "11": -400.7281640337476,
    "12": -401.71785771804286,
    "13": -414.79922661245723,
    "14": -493.07502169372793,
    "15": -434.4635070070723,
    "16": -386.5708654804866,
    "17": -504.0650364002782,
    "18": -292.27830069726747,
    "19": -330.81490855311995,
    "20": -356.9728789501192,
    "21": -260.31369220258625,
    "22": -235.34993759012355,
    "23": -299.7932048262429,
    "24": -185.46449492277173,
    "25": -180.952459889883,
    "26": -207.78771747579987,
    "27": -274.2550837712413,
    "28": -373.55208735823817,
    "29": -334.44654585497887,
    "30": -273.55351080987214,
    "31": -229.93282570687512,
    "32": -65.42890202983193,
    "33": 41.80987812050776,
    "34": -78.79586623501189,
    "35": -265.159473293665,
    "36": -353.43529620596803,
    "37": -226.3244361687029,
    "38": -196.10450250902642,
    "39": -180.8049550835425,
    "40": -124.14165567967594,
    "41": -132.7809557676209,
    "42": -147.9605460511221,
    "43": -37.17935148413546,
    "44": -107.72616278297178,
    "45": -74.65297782894875,
    "46": -48.50707776008962,
    "47": -109.95677664666842,
    "48": -303.57370606986444,
    "49": -188.34181608311994,
    "50": -334.4419204169699,
    "51": -226.88894269252563,
    "52": -99.46532481690174,
    "53": -70.27905192489501,
    "54": -57.68470139148957,
    "55": -131.075447355823,
    "56": -5.1039074015507415,
    "57": -70.41854282463711,
    "58": -137.2720890781894,
    "59": -9.55544643910121,
    "60": -73.90686879899616,
    "61": -73.83814823913441,
    "62": -18.57292124130664,
    "63": -42.1383908581731,
    "64": 2.2982642836487246,
    "65": -73.86652088935183,
    "66": -41.41602773287773,
    "67": -61.10858925163491,
    "68": -113.79320964325687,
    "69": -182.93191077064478,
    "70": -101.36931350896536,
    "71": -50.67354080540607,
    "72": -22.37277492881429,
    "73": -38.74312211070362,
    "74": -61.307827800185805,
    "75": -71.98248124596441,
    "76": -27.866596362506023,
    "77": -89.51910206625482,
    "78": -22.605168666031695,
    "79": -88.89616199380099,
    "80": -12.843401642839131,
    "81": -63.08722640532752,
    "82": -22.87652779880877,
    "83": -92.72455806660984,
    "84": -269.27817958030346,
    "85": 11.481950522244542,
    "86": -46.73903670305169,
    "87": -8.937165534657558,
    "88": -128.93730192694102,
    "89": -59.88881154781228,
    "90": -56.85115736294955,
    "91": -84.91428620292186,
    "92": -57.98286386614433,
    "93": -7.911774306920161,
    "94": -87.4546812366532,
    "95": -136.38948891246187,
    "96": 8.417564998847148,
    "97": -93.32931060670269,
    "98": -23.571359198660044,
    "99": 48.02079102424911,
    "100": -59.743353659294364,
    "101": -143.88116780838806,
    "102": 6.960321455542253,
    "103": -68.29618868147169,
    "104": -36.69866317789612,
    "105": -75.08303628218145,
    "106": -55.907892739249355,
    "107": -55.603768993899585,
    "108": -22.24442189099473,
    "109": -180.26648812473223,
    "110": -74.06423358514411,
    "111": -100.1640064986948,
    "112": -184.46960073166946,
    "113": -58.49435361750575,
    "114": -63.26921488661086,
    "115": -56.834978743060404,
    "116": -156.3824156825641,
    "117": -91.61310749436174,
    "118": -11.165489890383729,
    "119": -8.596844808129962,
    "120": -100.72561745596097,
    "121": -106.97818755417764,
    "122": -88.0321595057663,
    "123": -135.61282960891253,
    "124": 11.061981911360764,
    "125": 50.264907850468525,
    "126": 15.40654584429194,
    "127": -39.67382659092743,
    "128": -166.88756836744955,
    "129": 8.929221015075848,
    "130": -8.189864352592023,
    "131": -73.0681131817188,
    "132": -183.6089800902812,
    "133": -64.02439065387554,
    "134": -43.64461241268442,
    "135": -218.8136277180107,
    "136": 5.313955251221602,
    "137": -111.76115910045542,
    "138": -72.36490935760528,
    "139": -100.23787257165853,
    "140": -141.6468473662318,
    "141": -116.81989714513064,
    "142": -186.8800039774979,
    "143": -61.06224455753646,
    "144": -239.7768418047444,
    "145": -250.8885355478975,
    "146": -58.434738512635164,
    "147": -97.74303356337461,
    "148": -25.35695144713784,
    "149": -21.10146477099364,
    "150": 13.914570691973465,
    "151": -13.49059910374907,
    "152": -84.7849881954221,
    "153": -114.88299026770028,
    "154": -47.80927652377272,
    "155": -132.50795718980723,
    "156": -82.46480183572992,
    "157": -24.831933152307933,
    "158": -40.16158351687923,
    "159": -48.127421619594635,
    "160": -84.38094984217796,
    "161": -135.43058522421538,
    "162": -46.793027371740486,
    "163": 51.88371252600562,
    "164": -60.63927067178698,
    "165": -16.06586516626216,
    "166": -27.078399711983437,
    "167": -120.91661554218229,
    "168": 25.073022599346487,
    "169": -127.78521392075936,
    "170": -32.38344889919648,
    "171": -52.48489597250678,
    "172": -1.3979331219969717,
    "173": 23.664112624259495,
    "174": 23.75510612389945,
    "175": -22.884472514125257,
    "176": -52.62813997212496,
    "177": 13.698957270466858,
    "178": 24.10103108141302,
    "179": 84.4659862428444,
    "180": 48.619199979386664,
    "181": -31.772051219254188,
    "182": -96.54514365480522,
    "183": 77.70056403251202,
    "184": -283.509806549226,
    "185": 101.98943110410748,
    "186": 106.2459790017501,
    "187": 67.39780882588947,
    "188": 100.73948108578828,
    "189": 45.57621973353409,
    "190": -84.78650748315991,
    "191": 220.3183895352932,
    "192": 51.59814608600082,
    "193": 77.30490599595575,
    "194": 87.11252451876196,
    "195": 61.75107827833878,
    "196": 74.51408811487495,
    "197": 70.76772868984405,
    "198": 86.34781176568788,
    "199": 60.00464324810213,
    "200": -243.44298084016444,
    "201": 190.4345473087693,
    "202": 127.04460877980111,
    "203": 215.24358149879592,
    "204": 142.92331813250584,
    "205": 170.5058544264635,
    "206": -259.30229964621265,
    "207": -226.0500784906713,
    "208": 99.38188712625973,
    "209": -275.50141307406903,
    "210": 129.26004999708312,
    "211": 104.20572176169021,
    "212": -196.24723016021545,
    "213": 89.63364417588838,
    "214": -163.0439812252295,
    "215": -186.5062394280594,
    "216": -139.4753776919226,
    "217": 102.33624523904368,
    "218": -117.21116004394389,
    "219": 157.0069905002642,
    "220": 141.33836403091254,
    "221": 88.42180922601857,
    "222": 64.48362715889961,
    "223": 279.63922118440144,
    "224": 81.49726660193193,
    "225": 159.589318417006,
    "226": 203.8912614192609,
    "227": 46.049736894032556,
    "228": 152.46202432867332,
    "229": 71.3610610960657,
    "230": 64.28682729576589,
    "231": -126.52909117015983,
    "232": 213.0580512022047,
    "233": 219.99497610464738,
    "234": 216.49408403812882,
    "235": 278.8761382448413,
    "236": 182.02726427534208,
    "237": 113.61225725448513,
    "238": -74.35751508803278,
    "239": 192.65545612110418,
    "240": 98.84876621334124,
    "241": -81.37858249952797,
    "242": -104.92558112350852,
    "243": 248.02331333504165,
    "244": -9.851813266734307,
    "245": 104.48098635062269,
    "246": 174.25729449469395,
    "247": -39.36612335239171,
    "248": 1.0376826306377391,
    "249": -34.78062927102031,
    "250": 89.44116030936037,
    "251": 79.39565316901584,
    "252": -58.01509951586452,
    "253": 22.940367678949688,
    "254": 92.34468652458375,
    "255": 99.1471264679989,
    "256": -130.22155783858025,
    "257": 103.31992426256114,
    "258": 49.52979779441448,
    "259": 191.4680191628603,
    "260": 174.24058133933613,
    "261": 186.4664039909838,