{
    "1": -272.5200518151225,
    "2": -58.7580275984349,
    "3": -160.39354585535938,
    "4": -546.6755987036867,
    "5": -238.82914122887848,
    "6": -323.75458472682055,
    "7": -92.80982954249566,
    "8": -39.644415521114766,
    "9": -331.6931971946897,
    "10": -301.17735414663036,
    "11": -118.4628811957514,
    "12": 7.52882965778258,
    "13": -25.78783594435876,
    "14": -191.86723712879717,
    "15": -36.01943689821827,
    "16": -546.9255222703259,
    "17": -646.7198535387868,
    "18": -637.7588165783275,
    "19": -792.8393580447295,
    "20": -576.8688416835208,
    "21": -440.05250600612555,
    "22": -409.28991391277987,
    "23": -398.8537681858534,
    "24": -314.5645242354496,
    "25": -375.84183323072506,
    "26": -314.12520038896764,
    "27": -439.08918737306317,
    "28": -525.4510469659551,
    "29": -457.7190857350254,
    "30": -444.6363407466076,
    "31": -378.36930011343367,
    "32": -432.5310878060283,
    "33": -305.1332845263655,
    "34": -520.0418625654338,
    "35": -410.72449305271937,
    "36": -317.30105867183636,
    "37": -322.164454301765,
    "38": -415.95186561278956,
    "39": -148.50661372315432,
    "40": -597.0308914069908,
    "41": -435.3744011004656,
    "42": -44.80877399415372,
    "43": -110.9404227908193,
    "44": -151.5615299738812,
    "45": -142.00979996628172,
    "46": -37.45008282150244,
    "47": -39.893524560404444,
    "48": -246.94346483069955,
    "49": -305.3180004347345,
    "50": -263.2677207167657,
    "51": -382.6824957184812,
    "52": -422.90803036874223,
    "53": 15.919707519258324,
    "54": -488.2774186785109,
    "55": -95.58603778668352,
    "56": -369.2567174617554,
    "57": -466.3808499069572,
    "58": -86.35432364829458,
    "59": -403.4483802428606,
    "60": -279.330155594346,
    "61": -256.31080953051116,
    "62": -87.85495774457317,
    "63": -245.9089551126347,
    "64": -190.9092103742285,
    "65": -73.67734900344732,
    "66": -32.35649262295567,
    "67": -290.09212796131465,
    "68": -449.08633955295863,
    "69": -8.220722035488961,
    "70": -242.03187871341544,
    "71": -64.15839994467265,
    "72": -85.35519883713923,
    "73": -337.25203144657485,
    "74": -114.09587465067716,
    "75": -80.44019829927925,
    "76": 47.29627027272588,
    "77": -175.57133907536252,
    "78": -247.9374219589746,
    "79": -118.21195110471237,
    "80": -109.78583838599977,
    "81": -145.761235055045,
    "82": -23.478712174245857,
    "83": 27.06359217518883,
    "84": -37.623573725482416,
    "85": -103.12661572997919,
    "86": -29.956919267425533,
    "87": -82.03816937717576,
    "88": 3.772521836476969,
    "89": -191.70815741300555,
    "90": -112.60962006240385,
    "91": -254.6260988885434,
    "92": -174.77638321366925,
    "93": 15.054605091766362,
    "94": -29.10276666059569,
    "95": -199.47758559816893,
    "96": -43.49813559009824,
    "97": -244.54694370628357,
    "98": -166.72489726031517,
    "99": 1.4515053251180774,
    "100": -157.6693554144656,
    "101": -135.30148484241596,
    "102": -96.59152714967856,
    "103": -230.21791728638,
    "104": -226.1019405466067,
    "105": -131.44246542015475,
    "106": -78.95483324048911,
    "107": -157.31631405527847,
    "108": -199.86402520425256,
    "109": -96.12839822269699,
    "110": -102.21867061582839,
    "111": -217.12147762966964,
    "112": -69.89774233118365,
    "113": -38.41600243834447,
    "114": -118.99205479694736,
    "115": -224.50029803360633,
    "116": -288.4855378980497,
    "117": -31.44696074702938,
    "118": -39.04325452984129,
    "119": -266.2084901232687,
    "120": -316.95581033178485,
    "121": -98.10899085085838,
    "122": -81.83449810472237,
    "123": -151.54521575487746,
    "124": 4.8065807432003,
    "125": -205.45116696780346,
    "126": -26.465582453019636,
    "127": -130.2786605969782,
    "128": -102.044415894415,
    "129": -162.30181373333255,
    "130": -253.47299271146608,
    "131": -202.19406556874358,
    "132": -27.029549422739223,
    "133": -231.54364267493054,
    "134": -78.87907651148649,
    "135": -265.01444469798025,
    "136": -124.84673789045024,
    "137": -51.97913481381525,
    "138": -202.8474475985406,
    "139": -149.65532139993206,
    "140": 7.553897622624007,
    "141": -142.05670578280362,
    "142": 8.840367260926271,
    "143": -165.93740369053023,
    "144": -99.07919975970694,
    "145": 216.8681285772039,
    "146": -65.70720638034156,
    "147": -46.21299284923383,
    "148": -94.06124073914258,
    "149": 24.47751559899133,
    "150": -97.39382506926806,
    "151": -34.29684388182963,
    "152": -83.14801636241879,
    "153": -136.88575426427806,
    "154": -124.87407059623477,
    "155": 244.98610109331963,
    "156": 37.527857139080794,
    "157": -21.60518566644612,
    "158": -271.55242376009437,
    "159": -156.47952027779888,
    "160": 4.783384423591869,
    "161": -52.79789126742899,
    "162": -107.50482940053938,
    "163": 11.510984516832295,
    "164": -116.53253010370418,
    "165": -230.0554085759315,
    "166": -84.17613550621296,
    "167": -140.28758031140842,
    "168": -53.65098288777765,
    "169": -65.72307295461002,
    "170": -228.657024489477,
    "171": -101.45802598056216,
    "172": -64.04784551454316,
    "173": 148.0330629329852,
    "174": -63.708131331658784,
    "175": -60.955346986159526,
    "176": -114.08105157051583,
    "177": -109.69877275667365,
    "178": -83.15781469244023,
    "179": -53.86181364579934,
    "180": -192.944265506762,
    "181": 21.88769088300228,
    "182": -69.09899558471223,
    "183": 62.23017284151956,
    "184": -137.98932555361648,
    "185": -44.98326334524319,
    "186": -10.858002090341074,
    "187": -6.748922428598874,
    "188": -10.00661775656198,
    "189": -5.084000795174688,
    "190": -120.83285996967885,
    "191": -106.42694182964203,
    "192": -53.587087646541704,
    "193": -16.58316417318477,
    "194": -98.52455951229503,
    "195": 28.855917179885523,
    "196": -46.903509418513224,
    "197": 9.93258897596408,
    "198": -16.53674416340597,
    "199": 118.86916904480154,
    "200": -55.229019321449236
}