{
    "1": 6.611111111111143,
    "2": -10.777777777777764,
    "3": 6.777777777777761,
    "4": -31.999999999999964,
    "5": -35.7222222222222,
    "6": 12.388888888888875,
    "7": -53.72222222222215,
    "8": -37.333333333333286,
    "9": -13.999999999999996,
    "10": -42.11111111111085,
    "11": -46.8888888888888,
    "12": 26.666666666666714,
    "13": -28.333333333333286,
    "14": -37.55555555555554,
    "15": 6.444444444444414,
    "16": -25.055555555555543,
    "17": -64.11111111111107,
    "18": 33.388888888889,
    "19": -27.055555555555518,
    "20": -38.77777777777776,
    "21": 43.388888888889014,
    "22": -29.833333333333314,
    "23": -28.055555555555557,
    "24": 27.05555555555562,
    "25": -29.499999999999964,
    "26": 22.888888888888914,
    "27": 12.111111111111107,
    "28": -16.999999999999986,
    "29": -51.33333333333327,
    "30": 6.388888888888896,
    "31": -35.88888888888883,
    "32": 17.3888888888889,
    "33": -6.833333333333348,
    "34": 23.6666666666667,
    "35": -14.722222222222225,
    "36": -24.999999999999964,
    "37": -39.66666666666662,
    "38": -75.77777777777764,
    "39": 6.722222222222271,
    "40": -38.49999999999993,
    "41": -15.777777777777764,
    "42": 22.500000000000075,
    "43": 11.444444444444496,
    "44": -44.8333333333333,
    "45": -14.055555555555543,
    "46": -62.6666666666665,
    "47": -34.33333333333333,
    "48": -2.4999999999999947,
    "49": -35.499999999999936,
    "50": -51.666666666666536,
    "51": -0.3333333333333037,
    "52": -14.611111111111093,
    "53": -85.44444444444437,
    "54": 30.111111111111192,
    "55": 9.44444444444444,
    "56": 12.333333333333348,
    "57": -16.166666666666654,
    "58": -45.72222222222218,
    "59": -60.88888888888877,
    "60": 8.611111111111143,
    "61": -47.499999999999964,
    "62": -36.49999999999996,
    "63": -21.16666666666668,
    "64": -58.83333333333328,
    "65": -25.83333333333332,
    "66": 3.0555555555555625,
    "67": -73.3333333333333,
    "68": -40.83333333333327,
    "69": 3.500000000000014,
    "70": -32.61111111111111,
    "71": -69.55555555555537,
    "72": -22.166666666666647,
    "73": -79.1666666666666,
    "74": -83.33333333333327,
    "75": -40.222222222222136,
    "76": -82.2222222222222,
    "77": 7.000000000000042,
    "78": -10.055555555555536,
    "79": -80.22222222222219,
    "80": -51.333333333333236,
    "81": 2.055555555555552,
    "82": -58.72222222222216,
    "83": -26.722222222222193,
    "84": -68.27777777777779,
    "85": -89.49999999999986,
    "86": -51.22222222222214,
    "87": -19.27777777777778,
    "88": -78.33333333333314,
    "89": -55.666666666666515,
    "90": -26.666666666666664,
    "91": -37.222222222222186,
    "92": -27.833333333333293,
    "93": -38.38888888888885,
    "94": -28.61111111111098,
    "95": -87.38888888888891,
    "96": -43.61111111111102,
    "97": -63.61111111111106,
    "98": -149.11111111111137,
    "99": -1.5000000000000124,
    "100": -52.222222222222086,
    "101": -76.44444444444437,
    "102": -2.3333333333333206,
    "103": -47.66666666666655,
    "104": -71.16666666666661,
    "105": -69.22222222222224,
    "106": -22.333333333333304,
    "107": -70.16666666666657,
    "108": -70.50000000000004,
    "109": -59.16666666666649,
    "110": -156.2777777777781,
    "111": -33.33333333333332,
    "112": -77.33333333333321,
    "113": -53.38888888888881,
    "114": -59.83333333333323,
    "115": -82.49999999999997,
    "116": -49.55555555555546,
    "117": -9.166666666666636,
    "118": -31.05555555555553,
    "119": -30.722222222222207,
    "120": -54.99999999999994,
    "121": -22.555555555555532,
    "122": -96.94444444444443,
    "123": -12.999999999999996,
    "124": -134.00000000000003,
    "125": -80.66666666666657,
    "126": -53.55555555555546,
    "127": -88.38888888888874,
    "128": -110.44444444444434,
    "129": -33.33333333333322,
    "130": -76.61111111111092,
    "131": -65.6111111111109,
    "132": -71.83333333333327,
    "133": -89.44444444444443,
    "134": -32.222222222222186,
    "135": -95.94444444444444,
    "136": -135.8888888888889,
    "137": -44.944444444444365,
    "138": -36.333333333333286,
    "139": -115.611111111111,
    "140": -80.22222222222211,
    "141": -87.55555555555551,
    "142": -39.22222222222213,
    "143": -169.72222222222257,
    "144": -23.55555555555552,
    "145": -113.3333333333333,
    "146": -113.83333333333334,
    "147": -11.888888888888875,
    "148": -138.94444444444466,
    "149": -102.38888888888864,
    "150": -27.166666666666604,
    "151": -111.9444444444443,
    "152": -110.55555555555539,
    "153": -48.94444444444433,
    "154": -123.49999999999983,
    "155": -89.77777777777771,
    "156": -21.611111111111118,
    "157": -82.27777777777763,
    "158": -139.22222222222223,
    "159": -69.72222222222206,
    "160": -57.05555555555545,
    "161": -28.222222222222207,
    "162": -18.666666666666647,
    "163": -149.88888888888889,
    "164": -166.9999999999999,
    "165": -50.055555555555486,
    "166": -129.77777777777766,
    "167": -107.16666666666667,
    "168": -16.888888888888857,
    "169": -40.16666666666656,
    "170": -74.72222222222217,
    "171": -22.444444444444386,
    "172": -89.83333333333326,
    "173": -94.94444444444433,
    "174": -62.8888888888888,
    "175": -108.72222222222203,
    "176": -60.16666666666649,
    "177": -59.888888888888744,
    "178": -98.22222222222231,
    "179": -43.22222222222216,
    "180": -101.16666666666663,
    "181": -172.3888888888892,
    "182": -122.11111111111104,
    "183": -49.27777777777772,
    "184": -174.83333333333346,
    "185": -124.05555555555546,
    "186": -76.38888888888884,
    "187": -34.94444444444435,
    "188": -92.44444444444439,
    "189": -62.0555555555555,
    "190": -36.11111111111105,
    "191": -97.61111111111092,
    "192": -128.16666666666666,
    "193": -124.77777777777777,
    "194": -102.77777777777766,
    "195": -88.22222222222209,
    "196": -120.05555555555536,
    "197": -59.88888888888883,
    "198": -112.55555555555551,
    "199": -64.61111111111106,
    "200": -186.8888888888891,
    "201": -104.5555555555554,
    "202": -192.11111111111182,
    "203": -76.77777777777756,
    "204": -59.4999999999999,
    "205": -160.7777777777777,
    "206": -76.94444444444446
}