{
    "1": 8.434259259259244,
    "2": 3.221296296296281,
    "3": -47.96759259259244,
    "4": 8.97777777777774,
    "5": 18.445370370370405,
    "6": -120.13101851851867,
    "7": 2.3379629629629646,
    "8": 5.294907407407392,
    "9": -111.08981481481501,
    "10": 39.39120370370374,
    "11": -51.29351851851846,
    "12": -76.68981481481471,
    "13": 25.493981481481548,
    "14": -51.66203703703698,
    "15": -41.826851851851806,
    "16": 5.7231481481481215,
    "17": 9.391203703703692,
    "18": -85.66851851851843,
    "19": 8.162500000000021,
    "20": 3.536111111111144,
    "21": -60.911111111111,
    "22": 40.377777777777816,
    "23": 4.4791666666666785,
    "24": -52.84166666666649,
    "25": 2.1222222222222378,
    "26": -28.59629629629626,
    "27": -47.78472222222211,
    "28": 10.879166666666679,
    "29": -5.630092592592588,
    "30": -55.77962962962953,
    "31": 10.454629629629677,
    "32": 31.53240740740744,
    "33": -15.021296296296292,
    "34": 26.442129629629655,
    "35": 33.92592592592598,
    "36": -25.545833333333338,
    "37": 12.858796296296317,
    "38": 11.312500000000012,
    "39": -33.65462962962958,
    "40": 21.77870370370378,
    "41": 3.446759259259265,
    "42": -18.168518518518532,
    "43": -28.99166666666663,
    "44": 13.819907407407438,
    "45": -13.374999999999982,
    "46": 24.242592592592597,
    "47": 9.419444444444437,
    "48": 7.305555555555563,
    "49": 41.1273148148149,
    "50": -6.418518518518518,
    "51": -8.423611111111107,
    "52": 32.21990740740743,
    "53": -16.979166666666664,
    "54": 22.07314814814829,
    "55": 37.28333333333336,
    "56": 14.866666666666694,
    "57": 18.026388888888896,
    "58": 0.24629629629629868,
    "59": 50.12685185185195,
    "60": 12.670370370370383,
    "61": 4.2319444444444745,
    "62": 21.45324074074076,
    "63": -59.87222222222215,
    "64": -5.848611111111104,
    "65": -7.6532407407407295,
    "66": -7.0814814814815,
    "67": 19.451388888888946,
    "68": 20.162962962963,
    "69": 50.662037037037074,
    "70": 31.32314814814822,
    "71": 27.801851851851854,
    "72": 22.761111111111234,
    "73": 34.630555555555624,
    "74": -6.53055555555555,
    "75": 21.33379629629632,
    "76": 21.706481481481525,
    "77": 26.075000000000053,
    "78": -10.014351851851815,
    "79": -5.446759259259245,
    "80": 28.281018518518536,
    "81": 45.235185185185266,
    "82": 17.60138888888891,
    "83": 28.00694444444448,
    "84": 48.957870370370486,
    "85": 3.402777777777786,
    "86": 18.55000000000002,
    "87": 27.36064814814818,
    "88": 54.64722222222223,
    "89": 10.69120370370374,
    "90": 35.78796296296301,
    "91": 45.99814814814819,
    "92": 31.236574074074063,
    "93": 15.85416666666676,
    "94": 28.43657407407411,
    "95": 37.63981481481493,
    "96": 58.72546296296308,
    "97": 0.9745370370370274,
    "98": 42.6981481481482,
    "99": 52.916666666666785,
    "100": 22.779629629629632,
    "101": 23.82407407407416,
    "102": 57.941666666666755,
    "103": 39.912500000000094,
    "104": 2.441203703703743,
    "105": 25.468518518518575,
    "106": 49.62546296296304,
    "107": 43.693055555555596,
    "108": 56.79768518518528,
    "109": -2.1870370370370082,
    "110": 30.800925925925952,
    "111": 28.21574074074092,
    "112": 43.92777777777788,
    "113": 14.652777777777828,
    "114": 60.21435185185201,
    "115": 20.499074074074116,
    "116": 6.527314814814886,
    "117": 50.750925925926055,
    "118": 23.591666666666704,
    "119": 45.65601851851858,
    "120": 68.9365740740742,
    "121": 15.514814814814901,
    "122": 37.674537037037084,
    "123": 32.09027777777783,
    "124": 18.44212962962963,
    "125": 10.627314814814858,
    "126": 68.04398148148155,
    "127": 6.6171296296296696,
    "128": 20.6787037037037,
    "129": 22.98287037037047,
    "130": 30.611111111111207,
    "131": 32.86759259259268,
    "132": 66.70277777777781,
    "133": 30.121759259259264,
    "134": 39.46064814814824,
    "135": 63.17268518518526,
    "136": 34.56712962962966,
    "137": 42.377777777777894,
    "138": 39.076388888889,
    "139": 42.21203703703709,
    "140": 35.32314814814824,
    "141": 39.74768518518531,
    "142": 27.50462962962965,
    "143": 38.26388888888893,
    "144": 47.153703703703776,
    "145": 47.914351851851976,
    "146": 44.19444444444452,
    "147": 53.548611111111185,
    "148": 50.44212962962977,
    "149": 50.44953703703717,
    "150": 83.9560185185184,
    "151": 43.98611111111118,
    "152": 25.836111111111208,
    "153": 28.468518518518664,
    "154": 0.8587962962963456,
    "155": 64.58703703703708,
    "156": 60.97546296296303,
    "157": 64.6421296296297,
    "158": 29.083333333333428,
    "159": 46.95601851851863,
    "160": 31.607870370370392,
    "161": 44.12361111111117,
    "162": 59.03703703703717,
    "163": 22.257407407407428,
    "164": 0.27361111111111125,
    "165": 49.31342592592604,
    "166": 62.32037037037043,
    "167": 35.717129629629774,
    "168": 51.45462962962974,
    "169": 52.04537037037045,
    "170": 26.3231481481482,
    "171": 71.67824074074055,
    "172": 64.25000000000011,
    "173": 51.89351851851856,
    "174": 51.20000000000007,
    "175": 44.945370370370476,
    "176": 14.183796296296428,
    "177": 62.55925925925937,
    "178": 37.22129629629637,
    "179": 52.929629629629694,
    "180": 55.43518518518527,
    "181": 46.49675925925933,
    "182": 50.8324074074075,
    "183": 58.891203703703795,
    "184": 62.646759259259305,
    "185": 78.5777777777776,
    "186": 71.048611111111,
    "187": 55.661574074074196,
    "188": 63.21666666666678,
    "189": 70.9421296296295,
    "190": 82.62731481481474,
    "191": 63.30555555555564,
    "192": 76.9537037037035,
    "193": 48.71296296296299,
    "194": 54.07500000000006,
    "195": 39.558796296296386,
    "196": 81.62314814814803,
    "197": 61.2949074074075,
    "198": 66.30925925925936,
    "199": 70.39027777777763,
    "200": 77.4657407407407,
    "201": 83.65509259259241,
    "202": 68.84120370370357,
    "203": 57.09120370370385,
    "204": 81.19907407407396,
    "205": 84.07777777777764,
    "206": 33.34444444444455,
    "207": 79.35185185185166,
    "208": 56.25555555555555,
    "209": 75.21203703703686,
    "210": 75.29861111111096,
    "211": 85.18055555555537,
    "212": 76.81481481481478,
    "213": 68.98935185185168,
    "214": 65.19490740740756,
    "215": 56.49305555555566,
    "216": 73.9189814814813,
    "217": 80.29768518518513,
    "218": 63.19675925925932,
    "219": 82.42592592592572,
    "220": 84.35648148148132,
    "221": 49.774074074074164,
    "222": 76.09629629629616,
    "223": 64.88888888888891,
    "224": 78.97129629629615,
    "225": 58.68148148148135,
    "226": 78.98611111111109,
    "227": 35.19166666666674,
    "228": 63.90046296296305,
    "229": 68.1393518518519,
    "230": 71.60787037037029,
    "231": 83.91342592592585,
    "232": 43.04305555555563,
    "233": 74.48055555555551,
    "234": 73.35648148148124,
    "235": 79.03935185185182,
    "236": 74.77083333333312,
    "237": 74.93055555555536,
    "238": 73.16527777777758,
    "239": 60.966203703703805,
    "240": 69.99074074074053,
    "241": 76.82175925925903,
    "242": 72.17129629629608,
    "243": 72.08333333333316,
    "244": 30.992129629629694,
    "245": 62.533333333333424,
    "246": 79.12731481481461,
    "247": 73.39814814814783,
    "248": 32.67685185185197,
    "249": 76.66666666666649,
    "250": 51.284722222222335,
    "251": 72.04166666666654,
    "252": 74.05324074074055,
    "253": 53.031018518518636,
    "254": 82.32083333333328,
    "255": 76.6736111111109,
    "256": 66.83101851851845,
    "257": 51.54305555555553,
    "258": 67.53611111111115,
    "259": 38.67361111111122,
    "260": 37.916203703703836,
    "261": 80.26157407407396,
    "262": 83.91111111111084,
    "263": 81.59027777777763,
    "264": 82.00462962962946,
    "265": 67.54629629629623,
    "266": 72.02314814814794,
    "267": 75.499074074074,