{
    "1": 7.29398148148148,
    "2": -0.9805555555555587,
    "3": 0.5217592592592606,
    "4": 5.627314814814847,
    "5": -25.367592592592572,
    "6": -74.77222222222211,
    "7": 16.131018518518548,
    "8": 7.221296296296285,
    "9": -42.9282407407407,
    "10": 14.665740740740763,
    "11": -6.491203703703695,
    "12": -49.950925925925766,
    "13": -6.263888888888879,
    "14": 11.38518518518518,
    "15": -29.50694444444443,
    "16": 6.411111111111108,
    "17": -20.93101851851851,
    "18": -24.152777777777757,
    "19": 9.766666666666694,
    "20": 27.043981481481516,
    "21": -45.483796296296255,
    "22": -3.712962962962976,
    "23": -5.558796296296292,
    "24": -41.98749999999993,
    "25": 25.26157407407409,
    "26": 2.26157407407407,
    "27": -110.02592592592593,
    "28": 16.7564814814815,
    "29": -22.503703703703682,
    "30": -29.30416666666664,
    "31": -0.03240740740739856,
    "32": 4.982870370370366,
    "33": -38.77638888888886,
    "34": -15.543055555555526,
    "35": -43.25833333333329,
    "36": -87.25648148148142,
    "37": -16.764351851851835,
    "38": -40.321759259259245,
    "39": -72.64629629629626,
    "40": 0.6393518518518366,
    "41": -24.56620370370369,
    "42": -31.829629629629572,
    "43": 18.57175925925928,
    "44": -20.317129629629616,
    "45": -152.31712962963007,
    "46": -21.857407407407408,
    "47": -38.68564814814811,
    "48": -88.26620370370382,
    "49": -17.53240740740739,
    "50": -48.98611111111108,
    "51": -55.29490740740731,
    "52": -2.4166666666666607,
    "53": -57.809259259259164,
    "54": -60.10370370370363,
    "55": 17.410185185185192,
    "56": -8.394444444444451,
    "57": -21.42592592592589,
    "58": 0.6101851851851716,
    "59": -8.384722222222226,
    "60": -104.46620370370373,
    "61": -12.992129629629627,
    "62": -30.1884259259259,
    "63": -83.0087962962963,
    "64": -51.23703703703695,
    "65": -24.519907407407388,
    "66": -125.1324074074075,
    "67": -7.06712962962963,
    "68": -27.667129629629578,
    "69": -43.079629629629565,
    "70": -18.527777777777743,
    "71": -87.69953703703695,
    "72": -148.88888888888903,
    "73": -69.90277777777767,
    "74": -35.119907407407396,
    "75": -104.68333333333341,
    "76": -17.11388888888887,
    "77": -20.83935185185184,
    "78": -148.3819444444447,
    "79": -26.493055555555532,
    "80": -22.554629629629623,
    "81": -163.2833333333337,
    "82": -12.75138888888888,
    "83": -56.00231481481475,
    "84": -113.03564814814811,
    "85": -25.421296296296262,
    "86": -61.418981481481424,
    "87": -106.83333333333329,
    "88": -39.95092592592592,
    "89": -86.17407407407403,
    "90": -146.94953703703726,
    "91": -15.181018518518503,
    "92": -9.333333333333336,
    "93": -126.92592592592604,
    "94": 20.691203703703728,
    "95": -48.43611111111105,
    "96": -102.10138888888899,
    "97": -50.82407407407404,
    "98": -4.779166666666665,
    "99": -78.87314814814808,
    "100": -36.856018518518496,
    "101": -83.46157407407412,
    "102": -106.70370370370391,
    "103": -68.02777777777779,
    "104": -101.95879629629637,
    "105": -96.46342592592589,
    "106": -23.136574074074044,
    "107": 27.965277777777843,
    "108": -82.10185185185192,
    "109": -63.81712962962956,
    "110": 4.251851851851908,
    "111": -136.0013888888892,
    "112": -81.48611111111106,
    "113": -77.58009259259264,
    "114": -122.83750000000023,
    "115": -52.343981481481414,
    "116": -19.632870370370348,
    "117": -201.2870370370375,
    "118": -112.8027777777778,
    "119": -20.3375,
    "120": -123.43703703703707,
    "121": -60.831018518518476,
    "122": -86.56064814814812,
    "123": -205.7194444444445,
    "124": -23.410185185185163,
    "125": -49.84027777777771,
    "126": -172.28935185185202,
    "127": -59.45416666666649,
    "128": -41.74444444444442,
    "129": -218.01990740740786,
    "130": -56.29768518518506,
    "131": -60.23749999999994,
    "132": -189.27592592592606,
    "133": -79.28611111111104,
    "134": -87.01481481481488,
    "135": -234.36805555555674,
    "136": -58.07824074074063,
    "137": -72.58055555555549,
    "138": -304.3300925925924,
    "139": -62.14814814814807,
    "140": -71.31249999999999,
    "141": -239.647685185186,
    "142": -51.32638888888877,
    "143": -96.99490740740765,
    "144": -222.31435185185234,
    "145": -62.942129629629534,
    "146": -98.16111111111113,
    "147": -227.45416666666657,
    "148": -130.4541666666667,
    "149": -151.93657407407431,
    "150": -96.85231481481489,
    "151": -56.74212962962953,
    "152": -151.60138888888886,
    "153": -166.9967592592598,
    "154": -80.04537037037046,
    "155": -55.42453703703695,
    "156": -200.72592592592605,
    "157": -117.61574074074083,
    "158": -62.185648148148175,
    "159": -332.7592592592594,
    "160": -72.85787037037034,
    "161": -104.50416666666655,
    "162": -339.564814814815,
    "163": -90.20185185185163,
    "164": -84.24768518518513,
    "165": -192.11388888888902,
    "166": -149.45185185185193,
    "167": -57.932407407407354,
    "168": -187.2407407407413,
    "169": -102.77222222222217,
    "170": -108.99444444444443,
    "171": -210.59953703703778,
    "172": -82.74259259259249,
    "173": -183.86435185185206,
    "174": -210.26712962963015,
    "175": -168.22453703703727,
    "176": -102.86712962962949,
    "177": -246.81712962963027,
    "178": -66.70277777777773,
    "179": -97.92175925925926,
    "180": -217.4111111111112,
    "181": -111.5254629629631,
    "182": -291.8740740740746,
    "183": -394.7282407407407,
    "184": -89.49722222222216,
    "185": -115.33055555555553,
    "186": -189.07777777777818,
    "187": -119.1777777777778,
    "188": -62.412962962962894,
    "189": -278.7999999999997,
    "190": -117.00000000000014,
    "191": -71.76296296296286,
    "192": -363.27175925925854,
    "193": -121.41990740740763,
    "194": -91.82777777777783,
    "195": -365.6439814814816,
    "196": -194.1185185185186,
    "197": -133.98981481481496,
    "198": -181.23287037037048,
    "199": -165.04305555555564,
    "200": -114.77453703703735,
    "201": -267.73333333333323,
    "202": -124.36990740740742,
    "203": -239.71481481481496,
    "204": -360.18240740740777,
    "205": -159.88564814814828,
    "206": -119.58518518518507,
    "207": -299.8328703703705,
    "208": -219.49675925925945,
    "209": -97.22083333333336,
    "210": -293.5935185185187,
    "211": -296.8449074074077,
    "212": -161.01388888888914,
    "213": -396.61435185185,
    "214": -96.52314814814804,
    "215": -270.9652777777781,
    "216": -322.36342592592536,
    "217": -122.97407407407397,
    "218": -184.5240740740746,
    "219": -325.90925925926007,
    "220": -145.3939814814817,
    "221": -230.13796296296377,
    "222": -330.6157407407409,
    "223": -127.17453703703706,
    "224": -360.73796296296365,
    "225": -348.1949074074077,
    "226": -189.7504629629632,
    "227": -246.86805555555617,
    "228": -320.36527777777854,
    "229": -94.66712962962961,
    "230": -180.8375000000003,
    "231": -352.74907407407454,
    "232": -263.4921296296293,
    "233": -240.16805555555618,
    "234": -338.67129629629716,
    "235": -196.06898148148196,
    "236": -254.4273148148156,
    "237": -418.66805555555703,
    "238": -143.9060185185186,
    "239": -223.35925925926,
    "240": -408.49629629629624,
    "241": -144.7560185185187,
    "242": -251.77314814814883,
    "243": -377.0287037037036,
    "244": -185.16805555555615,
    "245": -157.9578703703708,
    "246": -347.5731481481473,
    "247": -251.34490740740782,
    "248": -107.85509259259277,
    "249": -371.09398148148176,
    "250": -137.44814814814808,
    "251": -260.018055555556,
    "252": -386.89861111111173,
    "253": -110.28055555555557,
    "254": -327.73055555555646,
    "255": -296.7587962962964,
    "256": -196.60185185185196,
    "257": -337.8263888888906,
    "258": -366.1282407407406,
    "259": -177.9333333333335,