{
    "1": -60.973148148148056,
    "2": -8.157870370370379,
    "3": -34.510648148148135,
    "4": -9.589814814814815,
    "5": -54.55462962962954,
    "6": -82.89583333333333,
    "7": -22.43796296296293,
    "8": -42.29999999999997,
    "9": -63.52037037037029,
    "10": -89.98888888888888,
    "11": -68.64629629629623,
    "12": -39.6912037037036,
    "13": -24.117129629629616,
    "14": -25.99120370370369,
    "15": -44.72685185185179,
    "16": -48.27268518518514,
    "17": -73.23379629629622,
    "18": -62.66990740740731,
    "19": -58.343518518518444,
    "20": -13.813425925925909,
    "21": -4.4134259259259245,
    "22": -68.19351851851849,
    "23": -81.26388888888887,
    "24": -54.14259259259251,
    "25": -68.88009259259243,
    "26": -105.02962962962965,
    "27": -68.95370370370354,
    "28": -35.35138888888888,
    "29": -80.44351851851845,
    "30": -10.266203703703685,
    "31": 12.803703703703706,
    "32": -1.632407407407408,
    "33": -44.03287037037027,
    "34": 14.197685185185218,
    "35": -93.18379629629626,
    "36": -55.25694444444434,
    "37": -82.53194444444443,
    "38": -32.61064814814814,
    "39": -54.149537037037,
    "40": -73.39120370370361,
    "41": -68.8939814814814,
    "42": -22.722222222222197,
    "43": -56.09861111111106,
    "44": -81.67453703703698,
    "45": -124.05138888888868,
    "46": -70.55000000000007,
    "47": -111.9138888888892,
    "48": -129.47546296296298,
    "49": -52.91805555555552,
    "50": -103.44861111111106,
    "51": -15.681018518518492,
    "52": -130.45046296296312,
    "53": -67.01944444444436,
    "54": -44.41898148148142,
    "55": -52.94027777777774,
    "56": -43.33379629629614,
    "57": -118.49305555555549,
    "58": -81.65787037037029,
    "59": -139.6976851851855,
    "60": -118.98935185185185,
    "61": -105.3087962962962,
    "62": -47.32916666666664,
    "63": -102.30046296296327,
    "64": -127.69444444444457,
    "65": -93.83611111111112,
    "66": -88.97268518518504,
    "67": -101.8407407407408,
    "68": -69.79907407407403,
    "69": -87.2240740740741,
    "70": -84.50092592592591,
    "71": -143.5125000000001,
    "72": -62.637499999999974,
    "73": -113.6981481481483,
    "74": -104.52361111111118,
    "75": -115.61851851851861,
    "76": -75.12824074074067,
    "77": -39.636574074073955,
    "78": -137.79074074074086,
    "79": -79.92083333333328,
    "80": -150.38101851851866,
    "81": -59.77037037037027,
    "82": -57.606944444444366,
    "83": -40.73518518518512,
    "84": -94.35185185185173,
    "85": -90.18518518518529,
    "86": -56.862962962962854,
    "87": -88.5865740740739,
    "88": -158.80416666666702,
    "89": -123.08657407407411,
    "90": -162.09907407407493,
    "91": -37.05138888888886,
    "92": -98.59351851851838,
    "93": -141.9981481481484,
    "94": -211.00416666666737,
    "95": -125.35601851851877,
    "96": -64.2962962962963,
    "97": -128.78657407407414,
    "98": -103.34398148148156,
    "99": -163.1629629629635,
    "100": -122.64861111111121,
    "101": -199.38981481481508,
    "102": -153.44398148148179,
    "103": -131.12638888888912,
    "104": -125.36342592592604,
    "105": -110.24027777777772,
    "106": -170.92129629629636,
    "107": -139.97268518518527,
    "108": -82.49212962962955,
    "109": -113.62361111111132,
    "110": -122.16018518518514,
    "111": -236.34444444444534,
    "112": -163.57962962963003,
    "113": -99.60787037037042,
    "114": -154.37731481481504,
    "115": -149.54259259259265,
    "116": -154.57453703703703,
    "117": -197.06712962963024,
    "118": -190.97638888888937,
    "119": -249.02916666666727,
    "120": -176.61898148148222,
    "121": -201.253240740741,
    "122": -168.13379629629685,
    "123": -138.5865740740744,
    "124": -147.00185185185222,
    "125": -300.0708333333335,
    "126": -208.24305555555608,
    "127": -210.5375000000008,
    "128": -239.05462962963026,
    "129": -197.00972222222322,
    "130": -215.76250000000044,
    "131": -100.1046296296296,
    "132": -234.8981481481487,
    "133": -290.3407407407412,
    "134": -181.18472222222275,
    "135": -267.8703703703707,
    "136": -168.09907407407468,
    "137": -162.1467592592598,
    "138": -188.94768518518575,
    "139": -194.55277777777806,
    "140": -239.56620370370476,
    "141": -346.7273148148141,
    "142": -189.47638888888966,
    "143": -162.49629629629655
}