{
    "1": 240.79440487839676,
    "2": 216.7314252695549,
    "3": 203.49761540751,
    "4": 196.14829755702985,
    "5": 241.6463636842736,
    "6": 186.6863530456127,
    "7": 230.70507286558657,
    "8": 243.38360533000971,
    "9": 249.7564458033867,
    "10": 217.46536128580834,
    "11": 230.81449854435988,
    "12": 233.89456714195668,
    "13": 246.54789245485503,
    "14": 214.93733261631067,
    "15": 228.0655952947589,
    "16": 259.6877887887175,
    "17": 235.4230470563972,
    "18": 250.3881668318029,
    "19": 198.96781537964716,
    "20": 250.97702663807743,
    "21": 282.89072545511254,
    "22": 212.21728388692856,
    "23": 279.94665111324537,
    "24": 287.6394508120944,
    "25": 222.0365604392412,
    "26": 251.33373627485418,
    "27": 279.14878149372254,
    "28": 269.5968046559627,
    "29": 231.69090988981787,
    "30": 218.21953771452718,
    "31": 234.4372871252367,
    "32": 249.1369826459752,
    "33": 238.67005336863443,
    "34": 246.6125895368964,
    "35": 274.1418797902378,
    "36": 230.12888764794502,
    "37": 254.73635279848935,
    "38": 223.70239822316927,
    "39": 215.6384503016909,
    "40": 227.67566506657278,
    "41": 228.35492787929425,
    "42": 217.08239519448802,
    "43": 233.1386722467153,
    "44": 279.91558460290196,
    "45": 248.0093561786822,
    "46": 252.79103695389716,
    "47": 207.52569021032554,
    "48": 199.34913778152418,
    "49": 219.62571160666107,
    "50": 234.11528579773787,
    "51": 226.7422559498805,
    "52": 238.31874122464265,
    "53": 217.05516457394032,
    "54": 220.51399289982896,
    "55": 251.22867244503155,
    "56": 242.96597017849837,
    "57": 273.9884180673581,
    "58": 246.09519521207307,
    "59": 222.95917668181812,
    "60": 218.1450516777798,
    "61": 220.7852066468819,
    "62": 226.9754547665225,
    "63": 250.65268870773087,
    "64": 218.72249807657676,
    "65": 261.46543945003253,
    "66": 236.95671578121548,
    "67": 238.76657203429994,
    "68": 266.9136518369167,
    "69": 23.327439577782727,
    "70": 272.2208424403569,
    "71": 189.51991204154996,
    "72": 232.16072927216763,
    "73": 238.43660434523346,
    "74": 257.7152917945902,
    "75": 261.6474185552825,
    "76": 222.39685178116486,
    "77": 254.44375499161498,
    "78": 181.7246233838182,
    "79": 240.67921873265428,
    "80": 199.11805653895573,
    "81": 266.5432554625745,
    "82": 271.45072362732105,
    "83": 227.63465250963142,
    "84": 208.55905973081866,
    "85": 270.56434939477833,
    "86": 185.74161477461857,
    "87": 224.76261122600232,
    "88": 192.3424551149668,
    "89": 244.22303461203757,
    "90": 211.87657103503813,
    "91": 247.47274927792773,
    "92": 178.7071485776865,
    "93": 232.5704318233598,
    "94": 256.75386575656364,
    "95": 237.47576948551088,
    "96": 212.83418860667248,
    "97": 217.45413466006065,
    "98": 244.27345437404958,
    "99": 224.07159877008502,
    "100": 240.37357791374183
}