{
    "1": -5.655349946090587,
    "2": -31.149613671058024,
    "3": -36.00434445283561,
    "4": 218.3372214197435,
    "5": -13.83817212922994,
    "6": 51.62883046843721,
    "7": -16.874898878167595,
    "8": 13.632726018249109,
    "9": 42.424597827966885,
    "10": 197.49579398935737,
    "11": 175.40870700999074,
    "12": 239.31663424211,
    "13": 12.332725906503898,
    "14": 197.7652865873652,
    "15": 232.46024718673772,
    "16": 206.06162871106432,
    "17": 35.2977152123721,
    "18": 246.78279378284077,
    "19": 203.96601599590258,
    "20": -2.5794828694045293,
    "21": 215.12851336931755,
    "22": 212.63694755220504,
    "23": 26.505514392941475,
    "24": 249.14781551915524,
    "25": -10.174485322856395,
    "26": -190.02687457343245,
    "27": -158.58226331033336,
    "28": 219.6484915599377,
    "29": -33.893134211147675,
    "30": 231.66185616481533,
    "31": -49.84125580199852,
    "32": 220.57889017787232,
    "33": 7.703664127004652,
    "34": 208.70969519174474,
    "35": 225.9841219986039,
    "36": 222.82671325346968,
    "37": 218.19514042685276,
    "38": 181.52417597234256,
    "39": 0.4621515673517579,
    "40": 232.20232113175257,
    "41": -25.671818386816597,
    "42": -12.75274210108625,
    "43": -2.2652171319687593,
    "44": 268.0808189536409,
    "45": 182.94554149605398,
    "46": 234.0297333796762,
    "47": 219.2468354545362,
    "48": 209.89445033348193,
    "49": -24.268866980318748,
    "50": 236.94556232939237,
    "51": 6.745816236140949,
    "52": 30.061056645039656,
    "53": 169.74784076759056,
    "54": 14.56135996319661,
    "55": 18.24260059072161,
    "56": 236.10955256985406,
    "57": 266.43106689176483,
    "58": -156.15837914354125,
    "59": 21.337833708903673,
    "60": 218.3586452976969,
    "61": 210.80303727237373,
    "62": -3.1672790436701046,
    "63": 234.63553249623297,
    "64": -3.9455193904682444,
    "65": 31.068881565119092,
    "66": 14.420468739842534,
    "67": 242.871867054831,
    "68": 244.91026832569077,
    "69": -154.33506303844422,
    "70": 14.948989149489199,
    "71": 225.5909112566904,
    "72": 192.4150009853617,
    "73": 190.1294742771977,
    "74": 243.88271798089394,
    "75": 43.416197793430456,
    "76": -9.682254058117381,
    "77": 3.3424896848556656,
    "78": 158.71436534446042,
    "79": 21.86058065393848,
    "80": 169.6206865437735,
    "81": 236.93514122654733,
    "82": -41.62629830099097,
    "83": 197.54031633783578,
    "84": -24.48055886515747,
    "85": 37.27043076339618,
    "86": -18.657555534726637,
    "87": 36.57739480170596,
    "88": -23.381459737109573,
    "89": 233.08086980610534,
    "90": 206.03340930705636,
    "91": 246.52755203797847,
    "92": -43.62293230832873,
    "93": -1.6286024396816425,
    "94": -159.67325419114172,
    "95": -9.285501416232528,
    "96": 9.623283571375817,
    "97": 220.19531329734218,
    "98": -16.661381014165965,
    "99": 222.37874048401508,
    "100": 172.97506047137705
}