{
    "1": 0.7333333333333334,
    "2": 47.15555555555555,
    "3": 1.4666666666666668,
    "4": 25.222222222222232,
    "5": 40.82222222222223,
    "6": 40.6888888888889,
    "7": 21.777777777777782,
    "8": 58.13333333333331,
    "9": 50.84444444444445,
    "10": 21.733333333333338,
    "11": 54.933333333333316,
    "12": 0.0,
    "13": 42.00000000000001,
    "14": 62.400000000000006,
    "15": 4.377777777777778,
    "16": 42.8,
    "17": 33.84444444444446,
    "18": 14.955555555555554,
    "19": 47.35555555555556,
    "20": 4.4,
    "21": 2.8888888888888893,
    "22": 31.73333333333336,
    "23": 20.33333333333334,
    "24": 0.0,
    "25": 43.95555555555558,
    "26": 46.711111111111116,
    "27": 32.1777777777778,
    "28": 53.97777777777776,
    "29": 36.46666666666668,
    "30": 20.26666666666668,
    "31": 33.000000000000014,
    "32": 26.800000000000015,
    "33": 37.31111111111114,
    "34": 53.11111111111111,
    "35": 33.288888888888906,
    "36": 3.3777777777777773,
    "37": 31.800000000000022,
    "38": 25.133333333333344,
    "39": 54.577777777777776,
    "40": 46.33333333333334,
    "41": 56.199999999999996,
    "42": 46.31111111111113
}