{
    "1": 14.112168106921494,
    "2": 67.53165157485591,
    "3": 12.753704704001775,
    "4": 5.664665508025461,
    "5": 71.28720714999396,
    "6": 70.21899281126785,
    "7": 70.6261128458625,
    "8": 31.97212063596686,
    "9": 71.26467906976448,
    "10": 69.21714881338612,
    "2": 15.88768685274031
}