{
    "1": 83.11111111111121,
    "2": 111.7222222222222,
    "3": 125.23148148148151,
    "4": 141.78703703703707,
    "5": 141.78703703703707,
    "6": 141.78703703703707,
    "7": 142.07407407407402,
    "8": 142.07407407407402,
    "9": 142.07407407407402,
    "10": 128.90740740740742,
    "11": 129.6203703703703,
    "12": 128.90740740740742,
    "13": 142.1296296296296,
    "14": 136.5648148148147,
    "15": 136.5648148148147,
    "16": 132.62037037037035,
    "17": 132.62037037037035,
    "18": 132.62037037037035,
    "19": 119.24074074074085,
    "20": 119.24074074074085,
    "21": 119.24074074074085,
    "22": 130.13888888888877,
    "23": 130.13888888888877,
    "24": 130.13888888888877,
    "25": 120.04629629629645,
    "26": 146.17592592592595,
    "27": 146.17592592592595,
    "28": 126.80555555555569,
    "29": 126.80555555555569,
    "30": 126.80555555555569,
    "31": 141.83333333333317,
    "32": 141.83333333333317,
    "33": 141.83333333333317,
    "34": 131.11111111111123,
    "35": 131.11111111111123,
    "36": 131.11111111111123,
    "37": 132.8611111111112,
    "38": 132.7685185185186,
    "39": 132.75000000000006,
    "40": 138.74999999999997,
    "41": 138.74999999999997,
    "42": 138.6574074074074,
    "43": 123.32407407407425,
    "44": 123.32407407407425,
    "45": 123.32407407407425,
    "46": 127.76851851851848,
    "47": 127.76851851851848,
    "48": 127.76851851851848,
    "49": 144.62037037037032,
    "50": 144.62037037037032,
    "51": 144.62037037037032,
    "52": 134.48148148148147,
    "53": 134.46296296296293,
    "54": 134.46296296296293,
    "55": 149.59259259259258,
    "56": 124.10185185185188,
    "57": 149.59259259259258,
    "58": 108.5648148148149,
    "59": 140.63888888888889,
    "60": 121.79629629629636
}