{
    "1": -58.29340095457222,
    "2": 25.962199766463883,
    "3": -93.41340928914939,
    "4": -194.93555680997687,
    "5": -139.41570452251818,
    "6": 34.49170801923182,
    "7": -172.0860843983857,
    "8": -43.85685789628027,
    "9": -72.77879413799977,
    "10": -74.68156047991818,
    "11": -161.31491875523602,
    "12": -302.77317435523844,
    "13": -301.65468957423843,
    "14": 88.76648264166612,
    "15": -86.05940118044711,
    "16": 14.357641928234315,
    "17": -518.4825662450322,
    "18": -0.37023201998228217,
    "19": -126.57146052744648,
    "20": -274.69833439340164,
    "21": -212.3816939913753,
    "22": -302.0261100366189,
    "23": -5.00131144673162,
    "24": 129.27740942233424,
    "25": -206.45665914362033,
    "26": -331.87623930615524,
    "27": -248.74915822529965,
    "28": -300.71710901996545,
    "29": -174.04938426087466,
    "30": -235.26297692216082,
    "31": -188.22445116112186,
    "32": 2.537917729374442,
    "33": -126.65588931696041,
    "34": -62.19560315900194,
    "35": -132.29998006836027,
    "36": 19.937511076698424,
    "37": -89.06194130193836,
    "38": 158.09768536205738,
    "39": -138.85285837656073,
    "40": -88.31611229353386,
    "41": 197.63452556451278,
    "42": 14.491787409167287,
    "43": -203.53005979942344,
    "44": -157.22420488937394,
    "45": -38.975889329171046,
    "46": 45.6711627390855,
    "47": -25.15861687258638,
    "48": -153.87545304707146,
    "49": -134.85273080031627,
    "50": 0.16109209960387716,
    "51": -63.739678296325835,
    "52": -135.3984512645005
}