{
    "1": -40.10084067854076,
    "2": 1.8923464157638108,
    "3": -438.0787533111773,
    "4": -35.178536641095064,
    "5": -146.65967695149965,
    "6": -107.7278669200649,
    "7": -45.42483099523208,
    "8": -98.12071393103342,
    "9": -64.75216450953276,
    "10": -246.5962389859189,
    "11": -159.68035979574762,
    "12": -502.96791392534703,
    "13": -347.1568356377902,
    "14": -80.37547612813333,
    "15": -72.55776717730616,
    "16": -258.2840455445113,
    "17": -161.64366919353068,
    "18": -201.37392433915738,
    "19": -321.0477615545925,
    "20": -181.1244043705055,
    "21": -236.85605736873882,
    "22": -15.722610829215427,
    "23": -353.36379637331237,
    "24": 22.05316275975784,
    "25": 1.548566285634081,
    "26": -208.03602164739056,
    "27": -179.6612443174289,
    "28": -38.343977055429,
    "29": -299.2673833441215,
    "30": -303.1154734758844,
    "31": -192.99464619841206,
    "32": -232.90864396831986,
    "33": -64.69830814547797,
    "34": -100.83229631084062,
    "35": -83.79643137812708,
    "36": -168.98596361352514,
    "37": -244.42407849006463,
    "38": -31.206716149044084,
    "39": -172.1233920884299,
    "40": -23.72748303808406,
    "41": 10.08203979656355,
    "42": -167.690937593307,
    "43": -133.3138977468078,
    "44": -36.534624992743396,
    "45": -344.7802692548435,
    "46": -245.5358386591514,
    "47": 14.806147820168775,
    "48": -110.74352708166127,
    "49": -63.238169385088085,
    "50": -277.45913301180667,
    "51": -24.058892789864117,
    "52": -211.85584292574924,
    "53": -144.52070161673095,
    "54": -164.71641482179075,
    "55": -121.53191716110109,
    "56": -961.9787299123965,
    "57": -139.24686039696667,
    "58": -158.2350263245921,
    "59": -105.76285354693695,
    "60": -79.82659568454106,
    "61": -298.1361170330882,
    "62": -487.60893399166144,
    "63": -125.92662518578445,
    "64": -12.288315163033644,
    "65": 73.33123383714934,
    "66": -351.38594755598785,
    "67": -33.70115660661571,
    "68": -33.20118628161987,
    "69": -125.32309087859397,
    "70": -80.70545592582785,
    "71": -639.9224110767794,
    "72": -110.67318482663153,
    "73": -598.4773307293149,
    "74": -221.25286659511713,
    "75": -156.06595161272335,
    "76": -483.4047545773943,
    "77": -72.23967624972065,
    "78": -422.79316686852246,
    "79": -775.5519026543866,
    "80": -711.8682492115298,
    "81": -789.2136325254222
}