{
    "1": 77.7685185185185,
    "2": 109.88888888888907,
    "3": 124.30555555555563,
    "4": 141.69444444444449,
    "5": 127.98148148148155,
    "6": 119.04629629629625,
    "7": 122.86111111111107,
    "8": 137.13888888888874,
    "9": 130.9444444444444,
    "10": 128.90740740740742,
    "11": 131.28703703703704,
    "12": 131.81481481481484,
    "13": 142.1296296296296,
    "14": 131.72222222222234,
    "15": 133.5925925925926,
    "16": 135.212962962963,
    "17": 116.0925925925927,
    "18": 113.26851851851853,
    "19": 130.54629629629633,
    "20": 122.34259259259272,
    "21": 134.7777777777777,
    "22": 130.9629629629631,
    "23": 138.4259259259258,
    "24": 130.7870370370369,
    "25": 146.17592592592595,
    "26": 130.6666666666665,
    "27": 119.69444444444454,
    "28": 126.80555555555569,
    "29": 129.7222222222222,
    "30": 109.36111111111126,
    "31": 141.83333333333317,
    "32": 134.49999999999994,
    "33": 123.00925925925937,
    "34": 131.11111111111123,
    "35": 118.43518518518525,
    "36": 133.39814814814815,
    "37": 128.82407407407413,
    "38": 139.91666666666652,
    "39": 131.10185185185193,
    "40": 138.6574074074074,
    "41": 118.37962962962963,
    "42": 127.2777777777777,
    "43": 123.32407407407425,
    "44": 139.6018518518519,
    "45": 145.9074074074074,
    "46": 126.69444444444436,
    "47": 132.94444444444446,
    "48": 143.0925925925925,
    "49": 144.62037037037032,
    "50": 136.574074074074,
    "51": 119.87962962962975,
    "52": 131.00000000000003,
    "53": 138.00925925925932,
    "54": 134.4074074074073,
    "55": 149.59259259259258,
    "56": 114.43518518518516,
    "57": 139.5462962962964,
    "58": 122.12962962962949,
    "59": 142.95370370370352,
    "60": 128.55555555555554,
    "61": 137.49999999999997,
    "62": 123.37962962962962,
    "63": 120.71296296296293,
    "64": 131.44444444444443,
    "65": 132.22222222222214,
    "66": 138.37962962962965,
    "67": 140.73148148148152,
    "68": 127.44444444444451,
    "69": 134.7685185185183,
    "70": 136.59259259259255,
    "71": 142.63888888888883,
    "72": 141.92592592592587,
    "73": 137.56481481481475,
    "74": 136.81481481481478,
    "75": 133.97222222222226,
    "76": 123.36111111111111,
    "77": 126.0,
    "78": 142.02777777777771,
    "79": 133.73148148148164,
    "80": 136.5185185185185,
    "81": 129.4074074074075,
    "82": 136.68518518518528,
    "83": 129.85185185185188,
    "84": 107.10185185185196,
    "85": 133.46296296296293,
    "86": 123.43518518518519,
    "87": 134.45370370370384,
    "88": 131.67592592592587,
    "89": 118.09259259259267,
    "90": 146.0462962962963,
    "91": 112.95370370370384,
    "92": 122.14814814814815,
    "93": 124.24074074074062,
    "94": 120.83333333333333,
    "95": 128.67592592592598,
    "96": 139.87962962962948,
    "97": 134.82407407407402,
    "98": 113.51851851851845,
    "99": 131.86111111111114,
    "100": 125.74074074074076,
    "101": 121.57407407407416,
    "102": 121.50925925925924,
    "103": 123.63888888888886,
    "104": 117.23148148148155,
    "105": 124.51851851851856,
    "106": 126.10185185185189,
    "107": 131.45370370370375,
    "108": 133.33333333333334,
    "109": 136.52777777777786,
    "110": 141.05555555555554,
    "111": 140.96296296296282,
    "112": 139.54629629629616,
    "113": 124.97222222222229,
    "114": 137.7222222222222,
    "115": 124.44444444444457,
    "116": 116.11111111111123,
    "117": 122.61111111111107,
    "118": 123.27777777777777,
    "119": 128.38888888888886,
    "120": 128.53703703703715,
    "121": 122.83333333333331,
    "122": 133.63888888888903,
    "123": 152.0277777777778,
    "124": 132.712962962963,
    "125": 116.95370370370361,
    "126": 145.98148148148138,
    "127": 118.32407407407416,
    "128": 143.82407407407405,
    "129": 123.19444444444444,
    "130": 130.3425925925926,
    "131": 125.42592592592578,
    "132": 126.27777777777779,
    "133": 132.84259259259252,
    "134": 118.79629629629639,
    "135": 130.87037037037027,
    "136": 115.04629629629629,
    "137": 103.11111111111117,
    "138": 127.98148148148144,
    "139": 149.99074074074068,
    "140": 139.42592592592578,
    "141": 108.09259259259275,
    "142": 103.3425925925927,
    "143": 123.21296296296293,
    "144": 139.8333333333333,
    "145": 125.02777777777786,
    "146": 131.80555555555551,
    "147": 130.87037037037035,
    "148": 122.86111111111114,
    "149": 142.87962962962956,
    "150": 139.40740740740728,
    "151": 127.74074074074068,
    "152": 143.18518518518513,
    "153": 145.6574074074072,
    "154": 140.29629629629622,
    "155": 120.26851851851853,
    "156": 129.74074074074085,
    "157": 120.63888888888897,
    "158": 127.61111111111099,
    "159": 131.6203703703703,
    "160": 127.00925925925921,
    "161": 124.8425925925926,
    "162": 134.4814814814815,
    "163": 136.62037037037035,
    "164": 133.19444444444454,
    "165": 104.22222222222227,
    "166": 124.50925925925915,
    "167": 126.24074074074066,
    "168": 132.55555555555551,
    "169": 132.87037037037047,
    "170": 113.95370370370378,
    "171": 146.4351851851851,
    "172": 141.16666666666657,
    "173": 128.26851851851853,
    "174": 144.824074074074,
    "175": 139.9722222222222,
    "176": 141.00925925925924,
    "177": 125.65740740740742,
    "178": 137.62962962962965,
    "179": 134.46296296296288,
    "180": 135.5092592592593,
    "181": 133.41666666666663,
    "182": 134.67592592592595,
    "183": 143.46296296296288,
    "184": 123.07407407407416,
    "185": 128.27777777777786,
    "186": 131.76851851851853,
    "187": 137.00925925925915,
    "188": 124.27777777777786,
    "189": 118.75000000000014,
    "190": 117.20370370370364,
    "191": 149.88888888888883,
    "192": 142.26851851851845,
    "193": 134.6666666666667,
    "194": 131.34259259259255,
    "195": 119.6481481481482,
    "196": 119.58333333333327,
    "197": 125.40740740740742,
    "198": 131.67592592592575,
    "199": 143.7962962962962,
    "200": 118.3703703703705,
    "201": 120.52777777777786,
    "202": 135.65740740740745,
    "203": 136.47222222222214,
    "204": 143.09259259259258,
    "205": 136.32407407407405,
    "206": 133.31481481481475,
    "207": 118.65740740740748,
    "208": 134.60185185185202,
    "209": 131.37962962962976,
    "210": 121.0462962962964,
    "211": 109.20370370370384,
    "212": 121.4629629629629,
    "213": 124.09259259259254,
    "214": 120.55555555555554,
    "215": 129.67592592592592,
    "216": 135.58333333333343,
    "217": 134.75925925925918,
    "218": 131.03703703703718,
    "219": 119.61111111111113,
    "220": 136.28703703703678,
    "221": 139.63888888888872,
    "222": 129.60185185185202,
    "223": 124.48148148148145,
    "224": 139.3333333333332,
    "225": 126.73148148148152,
    "226": 123.4722222222222,
    "227": 126.60185185185185,
    "228": 109.56481481481495,
    "229": 129.24074074074076,
    "230": 126.29629629629628,
    "231": 133.34259259259275,
    "232": 126.36111111111117,
    "233": 131.50925925925912,
    "234": 129.18518518518525,
    "235": 126.38888888888883,
    "236": 126.69444444444434,
    "237": 124.89814814814817,
    "238": 132.54629629629633,
    "239": 131.52777777777786,
    "240": 126.3888888888889,
    "241": 122.25000000000003,
    "242": 116.08333333333339,
    "243": 116.66666666666671,
    "244": 125.46296296296298,
    "245": 121.37962962962953,
    "246": 135.57407407407408,
    "247": 128.7314814814814,
    "248": 123.60185185185193,
    "249": 131.39814814814815,
    "250": 124.84259259259264,
    "251": 132.12037037037052,
    "252": 123.1759259259261,
    "253": 138.04629629629613,
    "254": 143.8055555555556,
    "255": 134.30555555555557,
    "256": 137.00925925925915,
    "257": 131.7314814814815,
    "258": 135.31481481481472,
    "259": 139.63888888888883,
    "260": 126.46296296296278,
    "261": 130.58333333333331,
    "262": 122.52777777777777,
    "263": 113.24074074074086,