{
    "1": -40.33333333333331,
    "2": 3.6666666666666594,
    "3": -66.66666666666659,
    "4": -45.94444444444431,
    "5": -20.888888888888882,
    "6": -17.611111111111114,
    "7": -15.166666666666657,
    "8": -42.77777777777774,
    "9": -45.111111111111036,
    "10": 0.22222222222224364,
    "11": -53.16666666666646,
    "12": -28.277777777777764,
    "13": 2.500000000000001,
    "14": -17.38888888888889,
    "15": -8.888888888888903,
    "16": -12.166666666666679,
    "17": -29.83333333333332,
    "18": -26.611111111111065,
    "19": -24.222222222222207,
    "20": -23.999999999999993,
    "21": 29.66666666666682,
    "22": -32.88888888888885,
    "23": 4.722222222222234,
    "24": -6.555555555555571,
    "25": 10.333333333333318,
    "26": -28.222222222222214,
    "27": -8.16666666666665,
    "28": -45.05555555555549,
    "29": -11.444444444444425,
    "30": -25.499999999999975,
    "31": -44.777777777777736,
    "32": 4.888888888888912,
    "33": 0.11111111111110272,
    "34": 6.833333333333363,
    "35": 13.222222222222246,
    "36": -3.6666666666666607,
    "37": 20.777777777777814,
    "38": -15.777777777777782,
    "39": 21.83333333333335,
    "40": -8.444444444444436,
    "41": -45.277777777777715,
    "42": 14.833333333333387,
    "43": 16.77777777777777,
    "44": 31.055555555555593,
    "45": -20.33333333333331,
    "46": 28.50000000000003,
    "47": -10.555555555555513,
    "48": 54.38888888888898,
    "49": -10.8888888888889,
    "50": -29.2222222222222,
    "51": -7.2222222222222285,
    "52": -14.16666666666666,
    "53": -23.611111111111075,
    "54": -20.38888888888888,
    "55": 22.33333333333335,
    "56": 3.166666666666661,
    "57": -31.333333333333307,
    "58": -28.22222222222222,
    "59": 12.77777777777782,
    "60": 12.333333333333343,
    "61": 4.777777777777779,
    "62": -1.0555555555555678,
    "63": 30.388888888888907,
    "64": -8.72222222222223,
    "65": -9.555555555555548,
    "66": -2.1666666666666643,
    "67": 35.50000000000004,
    "68": 30.7777777777778,
    "69": -12.555555555555536,
    "70": -15.111111111111114,
    "71": 7.277777777777772,
    "72": 29.44444444444447,
    "73": 24.055555555555614,
    "74": 27.500000000000114,
    "75": -10.055555555555559,
    "76": 6.5000000000000675,
    "77": 19.444444444444468,
    "78": 0.5000000000000426,
    "79": -7.16666666666667,
    "80": 35.11111111111117,
    "81": -6.2222222222221735,
    "82": 40.222222222222285,
    "83": 6.500000000000089,
    "84": -1.7777777777777644,
    "85": 12.83333333333336,
    "86": 6.500000000000025,
    "87": 0.9444444444444446,
    "88": 25.77777777777782,
    "89": 34.00000000000004,
    "90": 31.666666666666742,
    "91": 17.055555555555728,
    "92": 11.944444444444567,
    "93": 51.05555555555563,
    "94": 28.111111111111242,
    "95": 7.111111111111108,
    "96": 30.6666666666668,
    "97": 18.833333333333403,
    "98": 24.500000000000163,
    "99": 22.944444444444485,
    "100": -29.38888888888883,
    "101": 8.348877145181177e-14,
    "102": 38.500000000000064,
    "103": 17.500000000000092,
    "104": 8.00000000000001,
    "105": 6.94444444444452,
    "106": -10.999999999999975,
    "107": 32.50000000000007,
    "108": 25.833333333333414,
    "109": 35.277777777777814,
    "110": 12.499999999999995,
    "111": 33.7777777777778,
    "112": -38.55555555555553,
    "113": 14.833333333333385,
    "114": 13.50000000000005,
    "115": 54.166666666666735,
    "116": 23.5555555555557,
    "117": -14.888888888888886,
    "118": 48.222222222222264,
    "119": 4.333333333333446,
    "120": 14.444444444444478,
    "121": 33.16666666666677,
    "122": 3.1111111111111645,
    "123": 19.166666666666767,
    "124": 4.833333333333403,
    "125": 27.000000000000043,
    "126": 8.611111111111146,
    "127": 8.500000000000025,
    "128": 4.500000000000011,
    "129": 24.27777777777783,
    "130": 21.833333333333428,
    "131": 19.222222222222303,
    "132": 32.77777777777783,
    "133": 13.944444444444485,
    "134": 37.33333333333344,
    "135": 4.611111111111189,
    "136": 60.94444444444461,
    "137": 35.944444444444535,
    "138": -12.055555555555522,
    "139": 19.16666666666676,
    "140": 45.5555555555557,
    "141": -4.222222222222237,
    "142": 29.7777777777778,
    "143": 23.22222222222232,
    "144": -13.555555555555532,
    "145": 26.38888888888895,
    "146": 26.277777777777878,
    "147": 27.777777777777914,
    "148": 48.888888888889,
    "149": 73.16666666666634,
    "150": 45.72222222222229,
    "151": 25.388888888889035,
    "152": 22.16666666666677,
    "153": 1.0000000000000195,
    "154": 10.94444444444445,
    "155": 11.833333333333353,
    "156": 20.500000000000075,
    "157": 64.11111111111117,
    "158": 67.83333333333341,
    "159": 51.166666666666764,
    "160": 36.83333333333347,
    "161": 67.8333333333334,
    "162": 18.833333333333503,
    "163": 11.166666666666773,
    "164": -0.499999999999984,
    "165": 3.6111111111111005,
    "166": 13.166666666666776,
    "167": 15.94444444444456,
    "168": 23.388888888889028,
    "169": 22.00000000000017,
    "170": 45.66666666666675,
    "171": 29.1111111111112,
    "172": 33.61111111111115,
    "173": 1.1111111111111693,
    "174": 51.166666666666764,
    "175": 48.77777777777793,
    "176": 41.16666666666675,
    "177": 72.66666666666649,
    "178": 55.44444444444453,
    "179": 16.388888888888992,
    "180": 39.05555555555568,
    "181": 46.166666666666714,
    "182": 62.94444444444457,
    "183": 87.11111111111101,
    "184": 62.388888888888985,
    "185": 61.83333333333342,
    "186": 49.77777777777782,
    "187": 45.777777777777864,
    "188": 51.888888888889,
    "189": 56.11111111111121,
    "190": 59.11111111111121,
    "191": 69.66666666666663,
    "192": 67.22222222222229,
    "193": 44.38888888888889,
    "194": 70.3888888888888,
    "195": 80.38888888888884,
    "196": 81.2777777777777,
    "197": 47.77777777777793,
    "198": 90.9999999999998,
    "199": 73.7777777777775,
    "200": 53.38888888888897,
    "201": 42.88888888888904,
    "202": 82.61111111111099
}