{
    "1": -546.5944521201252,
    "2": 220.46613168575425,
    "3": 152.9318186842815,
    "4": 285.6635383779777,
    "5": 220.1609410972865,
    "6": -127.75437461954617,
    "7": -38.28431574964391,
    "8": -46.87927576972626,
    "9": 211.35881144127939,
    "10": 225.54895840708414,
    "11": 262.89954318947565,
    "12": -63.522519360410186,
    "13": -253.837690491952,
    "14": -58.05358449556944,
    "15": 233.3012730339488,
    "16": 252.31088424012228,
    "17": -14.98165855002874,
    "18": 247.40041699325587,
    "19": 204.3551643988623,
    "20": 208.4665966112513,
    "21": -75.39705766844237,
    "22": -57.82520121162676,
    "23": 34.207800326624096,
    "24": -55.182297020467836,
    "25": -67.2876040099296,
    "26": -114.38222182760018,
    "27": -84.35191915502587,
    "28": -284.50654042591947,
    "29": -15.57383442453731,
    "30": -90.09791535898906,
    "31": -86.29950873303642,
    "32": -253.04830580746426,
    "33": -1288.2653433382811,
    "34": -851.4471847508569,
    "35": -730.5518729060581,
    "36": -624.9253009374784,
    "37": 11.393441413477007,
    "38": -260.49779393144615,
    "39": -273.8841411730505,
    "40": -454.8402420898896,
    "41": -144.2035671712149,
    "42": -68.30043678413443,
    "43": -192.31437182287232,
    "44": -51.81205598702907,
    "45": -163.8295655921968,
    "46": -103.03350860942484,
    "47": -62.88673122282286,
    "48": -225.1826588137432,
    "49": -296.40550393589507,
    "50": -11.375646627731868,
    "51": -235.6253930435208,
    "52": -223.9440270835625,
    "53": 11.574768066966229,
    "54": -290.66932939469245,
    "55": -140.58606399852692,
    "56": -185.2288908273722,
    "57": -346.9541087850557,
    "58": -459.9367373556447,
    "59": -346.38022825968096,
    "60": -533.8067131306263,
    "61": -352.6213179950049,
    "62": -219.21240452088156,
    "63": -286.2008448942206,
    "64": -128.1244993487831,
    "65": 10.867211026217305,
    "66": -170.15243665062096,
    "67": 4.837529225650513,
    "68": -297.38020642956104,
    "69": 11.712341850381307,
    "70": -174.44289549455135,
    "71": -34.42883671467406,
    "72": -143.3738621200154,
    "73": 20.953059410963874,
    "74": -177.8349831902468,
    "75": -85.13439528211808,
    "76": -15.91555404085814,
    "77": -160.67365083548083,
    "78": -95.2977170474375,
    "79": -14.076062653300752,
    "80": -112.31694911024658,
    "81": -165.37990924941647,
    "82": -80.29529343661906,
    "83": -251.07725571128327,
    "84": 14.827730352169368,
    "85": -166.61536823926127,
    "86": -131.23385559336785,
    "87": -66.86538245788944,
    "88": -105.35627492197054,
    "89": -245.26787311467183,
    "90": -40.57633134058225,
    "91": -672.5234112106376,
    "92": -74.53596717045811,
    "93": 14.119608991045084,
    "94": -102.76703972945992,
    "95": 15.271641390302264,
    "96": -73.39851543372802,
    "97": -469.9155716065614,
    "98": -138.20346231675313,
    "99": -150.99238633481318,
    "100": -202.75757355286515,
    "101": -198.87717402253838,
    "102": -196.94938247774556,
    "103": -248.3477063325455,
    "104": -864.4133645562292,
    "105": -474.2660117456706,
    "106": -400.5037118732879,
    "107": -169.8927338795429,
    "108": -203.10179942349566,
    "109": -147.0729157190866,
    "110": -247.9953945844421,
    "111": -109.02101996514911,
    "112": -40.071969384280735,
    "113": -89.65616300718024,
    "114": -75.07238659834354,
    "115": -31.06477761226259,
    "116": -105.31052021519062,
    "117": -2.2067782437031838,
    "118": -175.10915754864556,
    "119": -185.36010825650214,
    "120": -200.70376107619072,
    "121": -660.4906089779962,
    "122": -241.9231513202573,
    "123": -569.9512396376695,
    "124": -314.70907563601713,
    "125": -664.7031502846723,
    "126": -678.9100158831862,
    "127": -363.44904652425936,
    "128": -631.5257164080995,
    "129": -625.0301097442688,
    "130": -384.71901840296186,
    "131": -490.3697657816284,
    "132": -279.48157688385163,
    "133": -340.47466013743605,
    "134": -595.0096385125966,
    "135": -605.5663019429455,
    "136": -491.20624642262203,
    "137": -467.00111893440817,
    "138": -735.5224020230485,
    "139": -411.74189101646925,
    "140": -904.4308961410212,
    "141": -526.8478616536495,
    "142": -487.5724556090986,
    "143": -765.3189613525087,
    "144": -633.1616990464145,
    "145": -593.9767542814383,
    "146": -703.7351933147951,
    "147": -422.68584614223136,
    "148": -455.38007240134635,
    "149": -222.27676490903548,
    "150": -426.81111201830964,
    "151": 15.393656013414187,
    "152": -275.02921710434237,
    "153": -129.81849437905547,
    "154": -189.58794796262674,
    "155": -662.5160920502889,
    "156": -409.6450770563648,
    "157": -280.85412100964277,
    "158": -90.21730737444766,
    "159": -329.4766051268139,
    "160": -266.09035512391165,
    "161": -729.0223214192597,
    "162": -659.5370328884642,
    "163": -705.2425045306106,
    "164": -531.4591520356316,
    "165": -609.5005548739093,
    "166": -702.92374247981,
    "167": -584.8486505045221,
    "168": -481.0841031534157,
    "169": -410.8888011326274,
    "170": -517.9826106758736,
    "171": -829.921716293497,
    "172": -630.4342664106443,
    "173": -653.6255478618883,
    "174": -651.1351204542041,
    "175": -736.8083861685495,
    "176": -717.712882843682,
    "177": -660.4607817262342,
    "178": -807.9531904218593,
    "179": -519.6441987523979,
    "180": -310.6005419479859,
    "181": -552.8543664530149,
    "182": -522.138608016568,
    "183": -449.94669940133343,
    "184": -541.4020693419391,
    "185": -716.1320809372048,
    "186": -648.1945635607653,
    "187": -568.2784392109987,
    "188": -758.2847373862365,
    "189": -597.713258434525,
    "190": -91.77183722011407,
    "191": -693.0321727275483,
    "192": -830.3034089975064,
    "193": -697.0343445748259,
    "194": -454.66799617705465,
    "195": -124.87032470637249,
    "196": -141.0720051102794,
    "197": -655.965738425355,
    "198": -679.5065351892121,
    "199": -793.1931183236713,
    "200": -540.0613038502865
}