{
    "1": -849.1254134755187,
    "2": -363.4391802490671,
    "3": -176.61295600699606,
    "4": -86.90244338240537,
    "5": -97.5029735689544,
    "6": -438.9236740959482,
    "7": -132.580486204531,
    "8": 37.24506992563403,
    "9": -474.8427809568807,
    "10": -272.95019106327004,
    "11": -357.50834368552995,
    "12": -331.72295276611425,
    "13": 52.728693082451365,
    "14": 196.94743893111104,
    "15": -23.23839762178841,
    "16": 2.9151720503625542,
    "17": -9.86204465757234,
    "18": 29.21728645669353,
    "19": -39.519454811255315,
    "20": -142.93718522051918,
    "21": -23.35865171059018,
    "22": -107.15110594032548,
    "23": -106.56494915657535,
    "24": -231.3021473500607,
    "25": -42.65449475211189,
    "26": -182.24093431618826,
    "27": -513.1416951985535,
    "28": -181.1022651168268,
    "29": 42.37370248877713,
    "30": 243.50077685499957,
    "31": 205.31383772137897,
    "32": -86.95676088946097,
    "33": 17.711812111166083,
    "34": 205.28270448519146,
    "35": -122.70603415317066,
    "36": 6.595728112031679,
    "37": 217.3523649487675,
    "38": 225.25504524610295,
    "39": -41.72542841831175,
    "40": -49.749243219185715,
    "41": -131.46517309065655,
    "42": 190.08019287307144,
    "43": -120.58078765879104,
    "44": -78.14232174493297,
    "45": 267.8068455835047,
    "46": -22.750549962830988,
    "47": 234.86761283716274,
    "48": 166.0316534648165,
    "49": 235.8624018830203,
    "50": 276.38153983948496,
    "51": -234.4389687736348,
    "52": -194.5584179268177,
    "53": 200.2199620372571,
    "54": -88.14373516528704,
    "55": 278.4240769404695,
    "56": -72.09619046829336,
    "57": -212.61885890225818,
    "58": 205.04396537519295,
    "59": -41.80508512150831,
    "60": -87.93889966208451,
    "61": 197.94994741734774,
    "62": 270.56048757766865,
    "63": -64.1404014280923,
    "64": -36.309008744834685,
    "65": 274.3555555712728,
    "66": 70.09686527653756,
    "67": 241.15774475537012,
    "68": -8.615170168941987,
    "69": 295.0586236820145,
    "70": 250.93190927786537,
    "71": 242.4629909595804,
    "72": 232.99766941282428,
    "73": 226.9211432901387,
    "74": 256.84527672624307,
    "75": 189.31947849977797,
    "76": 23.08948518172417,
    "77": 235.82269823010319,
    "78": 248.99636037408825,
    "79": 307.6746978040177,
    "80": -81.64715479592795,
    "81": -10.588209470068122,
    "82": 286.4439638548889,
    "83": -75.14440134335035,
    "84": -80.54637711401732,
    "85": -195.39392755637073,
    "86": 230.71019202098387,
    "87": 254.52177957200263,
    "88": -105.75333214736847,
    "89": 182.03446616435158,
    "90": 212.70154955639578,
    "91": -54.479175334321056,
    "92": 227.54280346376981,
    "93": -196.84411087592676,
    "94": 303.6829266239141,
    "95": -46.25944991841924,
    "96": 276.56343058088146,
    "97": 211.78685860832076,
    "98": 34.37097356202125,
    "99": 243.16778298705262,
    "100": 215.31144117240382,
    "101": 257.13055087183824,
    "102": 268.2054365880389,
    "103": 211.20053223269952,
    "104": -69.0776795612921,
    "105": 198.62350263444702,
    "106": -232.26913165893345,
    "107": 20.243004753370144,
    "108": 246.36025922007266,
    "109": 265.554613466462,
    "110": 50.79107294362797,
    "111": 273.27795236072376,
    "112": 255.4909775091806,
    "113": 62.94819033900515,
    "114": -11.411851369056151,
    "115": 274.01589010189304,
    "116": -90.8775818145657,
    "117": -58.53161089312573,
    "118": 244.34926511439545,
    "119": 260.81954610794514,
    "120": 245.11613660441745,
    "121": 232.28082591871646,
    "122": 218.49106496046818,
    "123": -32.35349415053078,
    "124": -102.40238173302377,
    "125": 224.901069070842,
    "126": -18.45724169344797,
    "127": 196.775545637076,
    "128": 26.772858200927416,
    "129": 31.43340552854019,
    "130": 235.6977516847263,
    "131": 286.95352673403914,
    "132": 283.10170685224153,
    "133": 165.23266008488966,
    "134": -56.755457981330956,
    "135": -20.16918244219835,
    "136": 228.35186219724918,
    "137": 234.49268024198895,
    "138": 287.02620296833936,
    "139": -6.171682766143945,
    "140": 178.31184449997824,
    "141": 6.257557687091364,
    "142": -50.43849870915632,
    "143": 142.7790155324805,
    "144": 287.5649921331022,
    "145": 249.91802343768276,
    "146": 246.25652192953225,
    "147": -83.98029859697388,
    "148": 273.2972793278151,
    "149": -55.12274456016668,
    "150": 276.9424473797652,
    "151": 182.21145063088903,
    "152": 224.23647756608244,
    "153": 25.746689344318938,
    "154": -37.39487347187013,
    "155": 211.46473848015614,
    "156": 288.77225938561014,
    "157": 240.41244574576106,
    "158": 225.55917727105572,
    "159": 242.12048521490416,
    "160": 167.97506584345422,
    "161": 200.85473654712794,
    "162": 268.66902357614606,
    "163": 229.43564099606695,
    "164": 320.16007771106365,
    "165": -62.75001454424111,
    "166": 231.9185022461646,
    "167": 211.2083465187111,
    "168": 211.24214206141187,
    "169": 222.05829767534757,
    "170": 236.82655294123174,
    "171": 219.74025444515306,
    "172": 29.97354218464119,
    "173": -27.98968142128824,
    "174": 266.7375770216611,
    "175": 243.48292613194633,
    "176": 5.085342348856344,
    "177": 242.54732630670358,
    "178": 232.73209253663603,
    "179": -48.31092050153681,
    "180": 179.2791463492656,
    "181": 244.19747828060304,
    "182": 236.80217627376055,
    "183": -14.9429140242366,
    "184": 297.85201803373536,
    "185": 265.5420072304412,
    "186": 254.220918674637,
    "187": 279.1743123829433,
    "188": 227.80114777509186,
    "189": 35.6014686681429,
    "190": 248.5651602817065,
    "191": 183.8898893454019,
    "192": 20.425274533655383,
    "193": 62.070908095788866,
    "194": 190.44667813330423,
    "195": 302.01689801357327,
    "196": 178.0489109521057,
    "197": -43.01385787910699,
    "198": 175.92750529376977,
    "199": 20.879536160899278,
    "200": 252.50954663844806,
    "201": 256.3235708362796,
    "202": 239.59875600673067,
    "203": 239.47527518932947,
    "204": 261.0857015181389,
    "205": 224.68315557195115,
    "206": 301.76896120500373,
    "207": 174.88254829840596,
    "208": -15.403773187425244,
    "209": 260.1241120641583,
    "210": 256.3442499591016,
    "211": 121.41648529962697,
    "212": 152.9733853151837,
    "213": 246.41492126524324,
    "214": 277.91350933937724,
    "215": 2.3397457825072507,
    "216": 21.5534126762159,
    "217": 275.4639069226404,
    "218": 5.349236583016435,
    "219": 2.3205035055005396,
    "220": 244.9706585829225,
    "221": 212.20553962845946,
    "222": 234.3663032381847,
    "223": 299.1845377444449,
    "224": 158.73581891250473,
    "225": -21.61259031761297,
    "226": 229.81329974120922,
    "227": -46.285285411370566,
    "228": 265.79715549183925,
    "229": -187.6704583276113,
    "230": 242.13705223208004,
    "231": 285.1960348060491,
    "232": 247.95747653130803,
    "233": 219.7254028398885,
    "234": 243.78243511063457,
    "235": 308.51848543873984,
    "236": 9.517667777259504,
    "237": -59.12402373572428,
    "238": -11.204199825569987,
    "239": 282.6677922440689,
    "240": -33.02849806281485,
    "241": 257.26164138180167,
    "242": -32.87745768325888,
    "243": 262.70861157748925,
    "244": 235.63164003890566,
    "245": 287.4082151713085,
    "246": 218.07412641543766,
    "247": 298.46298361070023,
    "248": -62.147586499749025,
    "249": 230.4876189874936,
    "250": -2.1634202342069955,
    "251": 271.44829301400705,
    "252": 59.27873491164689,
    "253": 155.78894008435918,
    "254": 296.80065012395823,
    "255": 228.83710467322538,
    "256": 265.1332953576567,
    "257": -29.3037218694178,
    "258": 288.1948817252172,
    "259": -16.630552739484656,
    "260": 239.62981994092436,
    "261": 277.80289751019046,
    "262": -38.18898075843825,
    "263": -36.0646636700843,