{
    "1": -37.8012538520483,
    "2": -351.3590698035051,
    "3": -70.73355132901632,
    "4": 28.53725700427347,
    "5": -470.44572281311775,
    "6": -197.50855860912912,
    "7": 20.82055049963347,
    "8": -255.74347561854336,
    "9": -407.39504803001324,
    "10": -180.94785753004746,
    "11": -55.42302730612434,
    "12": -77.54720255769571,
    "13": -58.892729847745244,
    "14": -284.9011251901023,
    "15": -400.39278624726245,
    "16": 8.24942584142066,
    "17": -123.14482748064091,
    "18": -286.1096164473323,
    "19": -281.82086479762347,
    "20": -421.5351863489076,
    "21": -242.36190182760154,
    "22": -12.185810379148492,
    "23": -501.55503587705897,
    "24": -596.2632801782574,
    "25": -495.8335945117536,
    "26": -140.87262956260298,
    "27": -301.81173142850395,
    "28": -231.98958264430507,
    "29": -107.64119599177133,
    "30": -356.9229219890018,
    "31": -53.41702893781171,
    "32": -278.4247233500509,
    "33": -540.1771348369364,
    "34": -234.70332763767493,
    "35": -268.0405131160318,
    "36": -129.60004403863667,
    "37": -45.98552395947921,
    "38": -32.60879214242081,
    "39": -339.3407961588987,
    "40": -231.84466465660594,
    "41": -217.47755064164141,
    "42": -319.8514718755802,
    "43": -282.1357209299993,
    "44": -201.92353601246703,
    "45": -93.50226573500424,
    "46": -308.99148072904825,
    "47": -294.95899447924853,
    "48": 209.02433993129486,
    "49": -71.55154095864064,
    "50": -101.07660683552297,
    "51": -86.10097466786053,
    "52": -320.30421114063154,
    "53": -8.487923879861853,
    "54": 21.349221716151277,
    "55": -28.240584805000793,
    "56": -366.5586780041851,
    "57": -451.7768484071393,
    "58": -480.5443845390451,
    "59": -195.85256319009824,
    "60": -238.1487324028,
    "61": -150.36456857883852,
    "62": -295.1153086838234,
    "63": -118.58336288310001,
    "64": -247.9088705943326,
    "65": -233.61211307128062,
    "66": -423.3777565324423,
    "67": -144.25403281936985,
    "68": -91.55911389155541,
    "69": -137.28542920698803,
    "70": -141.41472418871635,
    "71": -143.01872721750965,
    "72": -576.0639045430426,
    "73": -161.96269888038134,
    "74": -165.89756010684627,
    "75": -236.2590747804848,
    "76": -119.2352244262457,
    "77": -196.094165521467,
    "78": -184.19302190994136,
    "79": -116.39428304273405,
    "80": -285.85421977613385,
    "81": -119.436539835211,
    "82": 11.4873698465219,
    "83": -224.21219316430816,
    "84": -144.14361541312365,
    "85": -217.30914354403893,
    "86": -198.6074533233769,
    "87": -174.73082838112606,
    "88": -146.57050072877243
}