{
    "1": 206.18829126586027,
    "2": -347.3247415581761,
    "3": -337.04328926726606,
    "4": -224.27002420568954,
    "5": -14.88724528097697,
    "6": -328.1793736465629,
    "7": -211.74146318894083,
    "8": -73.702214582493,
    "9": -120.37590329058416,
    "10": -327.6037462445881,
    "11": -537.3001848823204,
    "12": -224.14200177862608,
    "13": -287.0442916742879,
    "14": -802.5432877326356,
    "15": -27.18866127296512,
    "16": -313.39306233306286,
    "17": -32.955826471158716,
    "18": -275.499890814677,
    "19": -147.97251055362221,
    "20": -69.37338305199576,
    "21": -305.2083007574646,
    "22": -62.0067708674939,
    "23": -291.54500970512447,
    "24": 33.6660131415297,
    "25": -264.70184183910123,
    "26": -354.907985474661,
    "27": -1016.7253091718836,
    "28": -475.64245185768465,
    "29": -29.338223377482834,
    "30": -261.3360463008553,
    "31": -16.60639211258598,
    "32": 19.44842540377516,
    "33": -328.38283133649526,
    "34": -119.10427889412537,
    "35": -332.5221964898566,
    "36": -114.65136298995235,
    "37": 12.058980187984773,
    "38": -669.7045492283135,
    "39": -84.52700129260106,
    "40": -189.46790147423565,
    "41": -300.54814329147035,
    "42": -46.09411732309418,
    "43": 38.129053972675166,
    "44": -238.15164502480636,
    "45": 27.901908043563253,
    "46": -267.5207751436792,
    "47": -157.8647241627478,
    "48": -137.44568667683308,
    "49": -271.79283228069534,
    "50": -266.23624046111536,
    "51": -274.2247966436006,
    "52": 10.618649304724869,
    "53": -134.41649088089974,
    "54": 27.279844771906028,
    "55": -90.84634589245631,
    "56": -164.37305696540653,
    "57": -37.312228061491325,
    "58": -112.3573312450525,
    "59": -53.03092619273342,
    "60": 53.69953466812923,
    "61": -389.3824741101023,
    "62": -342.3625963904891,
    "63": 56.42661361712351,
    "64": -87.56556875019768,
    "65": -325.80233593412686,
    "66": -953.0730587985107,
    "67": -130.55316925938075,
    "68": -271.7233348866284,
    "69": -376.3200932192022,
    "70": -10.170065189941951,
    "71": -264.50956817404074,
    "72": -380.47813366919644,
    "73": 153.04392979044195,
    "74": -102.18307310604968,
    "75": -147.94695374329723,
    "76": 222.00821916794655,
    "77": -26.42875202971905,
    "78": -122.90308423806064,
    "79": -166.17683290756491,
    "80": -511.4097776460457,
    "81": -80.0064616514986,
    "82": -135.56624395359523,
    "83": -199.652961446721,
    "84": -229.12307094168636,
    "85": -88.91542067049402,
    "86": -13.049866305343855,
    "87": -886.2797406556207,
    "88": -985.7995513361363,
    "89": -101.97973945849655,
    "90": 183.62165781607064,
    "91": -462.4539304137549,
    "92": -1194.1498861055834,
    "93": -569.7693390961994,
    "94": -1242.867064150051,
    "95": -957.8131764080562,
    "96": -678.6714554476164,
    "97": -30.252558438627972,
    "98": -673.7836973834128,
    "99": -1557.2710945921167,
    "100": -74.10748990701347,
    "101": -32.53932757022413,
    "102": -927.0420772771625,
    "103": -724.9028157311719,
    "104": -86.44439431341097,
    "105": -205.1092704396443,
    "106": -704.3738502944977,
    "107": -284.88255416206835,
    "108": -240.18738435675957,
    "109": -676.8319575753059,
    "110": -970.8731150367668,
    "111": -598.2072015443056,
    "112": -309.67730659263646,
    "113": -389.26662814822356,
    "114": -542.0825798623657,
    "115": -152.91592619364297,
    "116": -999.190435609667,
    "117": -141.36873736513544,
    "118": -56.579578017571905,
    "119": -461.27885916940875,
    "120": -507.5846722912667,
    "121": -576.6358590570576,
    "122": -602.0441543987503,
    "123": -585.5498853827007,
    "124": -446.09567312480027,
    "125": -614.9534667670048,
    "126": -342.4193382913098,
    "127": -562.7521018251946,
    "128": -506.5302255802047,
    "129": -362.2506705154272,
    "130": -645.8118179071223,
    "131": -480.1674673256614,
    "132": -484.66889936517964,
    "133": -467.8605484157228,
    "134": -618.3745834400825,
    "135": -585.6466489307658,
    "136": -582.534260637845,
    "137": -330.710595193057,
    "138": -611.5428926365132,
    "139": -180.9465465119045,
    "140": -305.7228929349027,
    "141": -326.1021560186591,
    "142": -402.9463640904176,
    "143": -468.0090501410193,
    "144": -592.5841047827267,
    "145": -484.2183416332836,
    "146": -101.84163958107307,
    "147": -348.82114775859066,
    "148": -165.5740497399397,
    "149": -169.76687173043024,
    "150": -567.9214227824323,
    "151": -398.1091469997497,
    "152": -354.72226347510207,
    "153": -418.007839319401,
    "154": -379.8296141153728,
    "155": -427.86816329627175,
    "156": -596.2515214528112,
    "157": -259.0961093610764,
    "158": -98.40208985242123,
    "159": -166.54141711519372,
    "160": -419.82605017547274,
    "161": -266.0194095202254,
    "162": -409.70703648020793,
    "163": -264.111333084908,
    "164": -275.7812271229269,
    "165": -409.52343363254795,
    "166": -460.18072145087035,
    "167": -262.9661419949746,
    "168": -223.13561548475255,
    "169": -275.88413721251305,
    "170": -576.9835781785207,
    "171": -325.0841390071404,
    "172": -95.05487520306264,
    "173": -667.659775862848,
    "174": -302.63121115587103,
    "175": -316.0151506377782,
    "176": -240.87731106311344,
    "177": -324.06579814210374,
    "178": -340.5243435595402,
    "179": -376.4124172609803,
    "180": -372.70185639329713,
    "181": -448.66071448201234,
    "182": -285.56750318347747,
    "183": -323.48884687545416,
    "184": -204.2464627034343,
    "185": -513.9823211967266,
    "186": -369.4486963587475,
    "187": -231.09876799041433,
    "188": -325.0045666163978,
    "189": -318.29149209881007,
    "190": -354.39606869425654,
    "191": -469.1034209746688,
    "192": 15.427351361389185,
    "193": -478.4451387285003,
    "194": -290.5211978949501,
    "195": -455.30186233242546,
    "196": -125.66680424833427,
    "197": -238.16028083455137,
    "198": -423.5182915296641,
    "199": -345.3593652677266,
    "200": -327.67697136102277
}