{
    "1": -210.1666666666666,
    "2": -202.9444444444443,
    "3": -76.0555555555555,
    "4": -230.66666666666646,
    "5": -117.22222222222184,
    "6": -193.2222222222222,
    "7": -136.33333333333314,
    "8": -267.16666666666686,
    "9": -143.7222222222218,
    "10": -208.27777777777794,
    "11": -142.8333333333331,
    "12": -426.1111111111114,
    "13": -197.66666666666663,
    "14": -325.44444444444423,
    "15": -319.4444444444447,
    "16": -331.5555555555558,
    "17": -618.2777777777803,
    "18": -461.2222222222237,
    "19": -627.5000000000018,
    "20": -579.9444444444455,
    "21": -611.222222222222,
    "22": -661.6111111111131,
    "23": -576.7777777777802,
    "24": -596.6111111111127,
    "25": -613.5555555555577,
    "26": -605.6666666666675,
    "27": -608.1111111111125,
    "28": -674.166666666672,
    "29": -575.5000000000005,
    "30": -641.2222222222246,
    "31": -607.3333333333333,
    "32": -643.0000000000022,
    "33": -662.5000000000033,
    "34": -607.2222222222236,
    "35": -661.0000000000022,
    "36": -743.7777777777824,
    "37": -666.555555555555,
    "38": -666.8333333333325,
    "39": -636.16666666667,
    "40": -678.0555555555547,
    "41": -686.1666666666646,
    "42": -708.972222222223,
    "43": -726.000000000006,
    "44": -718.5000000000013,
    "45": -737.6111111111142,
    "46": -710.833333333333,
    "47": -746.66666666667,
    "48": -732.5555555555544,
    "49": -754.222222222225,
    "50": -726.8888888888928,
    "51": -730.5555555555583,
    "52": -758.055555555563,
    "53": -745.5000000000028,
    "54": -701.3333333333387,
    "55": -752.5555555555551,
    "56": -753.8888888888958,
    "57": -758.6111111111115,
    "58": -749.3888888888914,
    "59": -756.7777777777799,
    "60": -755.1111111111128,
    "61": -737.9999999999994,
    "62": -740.2222222222211,
    "63": -756.9444444444525,
    "64": -730.6666666666674,
    "65": -729.4999999999982,
    "66": -713.777777777781,
    "67": -727.1111111111093,
    "68": -714.9444444444432,
    "69": -770.1111111111179,
    "70": -729.9999999999969,
    "71": -765.8333333333368,
    "72": -741.3888888888902,
    "73": -754.1111111111165,
    "74": -780.3333333333377,
    "75": -771.555555555565,
    "76": -742.2777777777868,
    "77": -690.8888888888919,
    "78": -742.722222222224,
    "79": -748.1666666666655,
    "80": -739.7777777777795,
    "81": -710.1111111111155,
    "82": -753.2777777777792,
    "83": -761.6666666666749,
    "84": -727.5000000000036,
    "85": -699.8888888888844,
    "86": -742.4444444444488,
    "87": -763.5555555555549,
    "88": -784.000000000008,
    "89": -758.9999999999987,
    "90": -732.1111111111197,
    "91": -764.0555555555616,
    "92": -705.1111111111094,
    "93": -716.4444444444462,
    "94": -688.277777777781,
    "95": -767.2777777777874,
    "96": -727.5555555555604,
    "97": -750.1666666666686,
    "98": -772.8888888888966,
    "99": -685.4444444444468,
    "100": -719.9444444444442,
    "101": -779.5000000000114,
    "102": -766.3333333333378,
    "103": -721.1666666666711,
    "104": -695.555555555557,
    "105": -753.4444444444518,
    "106": -730.1111111111153,
    "107": -744.7222222222252,
    "108": -752.4444444444504,
    "109": -760.2777777777848,
    "110": -723.5000000000028,
    "111": -703.8333333333312,
    "112": -786.2777777777832,
    "113": -743.2222222222258,
    "114": -739.0555555555616,
    "115": -744.1111111111144,
    "116": -716.0555555555575,
    "117": -744.6111111111197,
    "118": -751.611111111113,
    "119": -742.3888888888877,
    "120": -711.6111111111109,
    "121": -705.2777777777737,
    "122": -792.2777777777912,
    "123": -711.8888888888858,
    "124": -754.8333333333378,
    "125": -750.8888888888939,
    "126": -760.3333333333376,
    "127": -729.5555555555549,
    "128": -752.611111111118,
    "129": -757.277777777782,
    "130": -761.7222222222315,
    "131": -744.5000000000009,
    "132": -767.0000000000086,
    "133": -766.2222222222223,
    "134": -697.6666666666667,
    "135": -769.3888888888952,
    "136": -752.0000000000032,
    "137": -724.6111111111157,
    "138": -766.0000000000051,
    "139": -730.2222222222173,
    "140": -756.3333333333384,
    "141": -716.3333333333336,
    "142": -746.2777777777809,
    "143": -753.0000000000059,
    "144": -729.166666666668,
    "145": -690.2777777777778,
    "146": -752.0555555555542,
    "147": -753.2777777777783,
    "148": -741.8333333333337,
    "149": -713.2222222222208,
    "150": -749.6111111111115,
    "151": -783.000000000011,
    "152": -746.7222222222267,
    "153": -768.6666666666707,
    "154": -747.5555555555547,
    "155": -710.444444444439,
    "156": -708.444444444445,
    "157": -723.3333333333334,
    "158": -692.5000000000017,
    "159": -696.388888888892,
    "160": -758.9999999999992,
    "161": -757.5555555555551,
    "162": -727.7777777777707,
    "163": -781.7777777777914,
    "164": -743.3888888888887,
    "165": -724.8333333333316,
    "166": -743.2777777777782,
    "167": -733.2777777777742,
    "168": -731.8333333333372,
    "169": -742.8333333333352,
    "170": -782.0555555555652,
    "171": -739.333333333337,
    "172": -721.222222222216,
    "173": -745.3888888888923,
    "174": -746.9444444444485,
    "175": -708.1666666666613,
    "176": -756.2777777777768,
    "177": -765.1111111111198,
    "178": -708.88888888889,
    "179": -770.7222222222316,
    "180": -718.3888888888858,
    "181": -725.7222222222215,
    "182": -764.3333333333405,
    "183": -745.3333333333404,
    "184": -751.5000000000063,
    "185": -728.2222222222232,
    "186": -744.3333333333326,
    "187": -748.6666666666614,
    "188": -758.777777777779,
    "189": -738.166666666667,
    "190": -765.7222222222332,
    "191": -695.833333333331,
    "192": -727.4444444444448,
    "193": -747.0000000000068,
    "194": -710.1111111111114,
    "195": -695.888888888888,
    "196": -728.2222222222226,
    "197": -754.9444444444504,
    "198": -755.0555555555596,
    "199": -739.499999999998,
    "200": -719.4444444444443,
    "201": -744.6666666666737,
    "202": -774.5000000000008,
    "203": -711.4444444444423,
    "204": -761.000000000007,
    "205": -754.6666666666672,
    "206": -766.3888888888908,
    "207": -731.6666666666687,
    "208": -767.1666666666716,
    "209": -722.8333333333346,
    "210": -724.4999999999953,
    "211": -772.4444444444499,
    "212": -758.5555555555607,
    "213": -766.1111111111188,
    "214": -740.1666666666644,
    "215": -753.5555555555604,
    "216": -752.1111111111154,
    "217": -732.7777777777784,
    "218": -737.5555555555554,
    "219": -726.5000000000013,
    "220": -729.4444444444484,
    "221": -754.7777777777801,
    "222": -728.555555555556,
    "223": -733.166666666669,
    "224": -761.8888888888948,
    "225": -719.1111111111097,
    "226": -691.2777777777745,
    "227": -743.4444444444482,
    "228": -754.3888888888927,
    "229": -712.2222222222221,
    "230": -769.4444444444484,
    "231": -744.4444444444526,
    "232": -774.6111111111203,
    "233": -754.8888888888922,
    "234": -729.2222222222229,
    "235": -754.3888888888935,
    "236": -715.5555555555566,
    "237": -763.1111111111161,
    "238": -745.7222222222299,
    "239": -742.277777777778,
    "240": -736.9999999999947,
    "241": -747.6666666666672,
    "242": -774.944444444448,
    "243": -730.388888888886,
    "244": -712.1111111111071,
    "245": -729.2777777777791,
    "246": -725.4444444444476,
    "247": -766.0000000000045,
    "248": -764.0555555555587,
    "249": -714.000000000005,
    "250": -714.6666666666715,
    "251": -732.3888888888845,
    "252": -747.2222222222204,
    "253": -792.7222222222355,
    "254": -723.8333333333352,
    "255": -759.5000000000044,
    "256": -761.1666666666719,
    "257": -757.3333333333403,
    "258": -712.777777777779,
    "259": -760.0555555555536,
    "260": -731.2777777777843,
    "261": -755.5555555555597,
    "262": -717.3888888888895,