{
    "1": 11.27261623838693,
    "2": -11.244195579425494,
    "3": -62.20989416591674,
    "4": 233.99947977343962,
    "5": 260.09425579657113,
    "6": -113.9527387408649,
    "7": 197.75352916816047,
    "8": 288.33715422123214,
    "9": 20.535943938979926,
    "10": 252.70997687437017,
    "11": 241.09584461158073,
    "12": -144.145684717506,
    "13": 300.8828843052519,
    "14": 192.27783295864106,
    "15": 252.32334786707779,
    "16": -181.26956591883408,
    "17": -364.9571277940645,
    "18": 272.4096571765966,
    "19": -10.951954439816987,
    "20": 52.51651161108842,
    "21": 42.63224692912365,
    "22": -161.6016696591242,
    "23": 284.9829277036721,
    "24": 9.271519229217063,
    "25": 10.82832469394151,
    "26": 21.92318559715339,
    "27": 229.40865452536383,
    "28": 280.37886313282627,
    "29": 207.57212957447487,
    "30": 264.7361140578673,
    "31": 268.51092651630836,
    "32": -68.21189334978773,
    "33": -131.06080343930364,
    "34": -21.205526458469222,
    "35": -17.239488753744325,
    "36": 6.290943872517161,
    "37": 251.49572467514972,
    "38": 241.8219400683729,
    "39": -58.23975578135353,
    "40": 285.5720669422644,
    "41": -105.6433647274694,
    "42": -28.795377852694173,
    "43": 52.699039681059105,
    "44": 287.20698938692715,
    "45": 243.08213019859508,
    "46": 283.82328354878496,
    "47": 250.05147156688815,
    "48": 248.60989290945128,
    "49": 11.794574207175174,
    "50": 267.9907305878729,
    "51": -0.561292497811678,
    "52": 33.0395796786801,
    "53": 239.62120399703227,
    "54": -94.82006494090587,
    "55": 244.7161886003733,
    "56": -27.702396223149137,
    "57": -139.55670646461962,
    "58": 249.330877407318,
    "59": 27.70143268220795,
    "60": 15.156725868355508,
    "61": 190.6523751944627,
    "62": 267.49074937790056,
    "63": -54.651017300778975,
    "64": 21.95482128765937,
    "65": -165.28016485562515,
    "66": 284.3828061452755,
    "67": -190.8339908573325,
    "68": -62.36287771258905,
    "69": -98.00525631012613,
    "70": 257.60153525827445,
    "71": 238.88582665557288,
    "72": 261.85009981435644,
    "73": 26.13997462248139,
    "74": -31.596008473608265,
    "75": -117.86749381526401,
    "76": 27.263778881541327,
    "77": 282.3784825787509,
    "78": 239.22659913142465,
    "79": 294.02517962804643,
    "80": 175.6190103820366,
    "81": -22.71045432863245,
    "82": 303.8125537295581,
    "83": -49.242419757694854,
    "84": 25.198722186739232,
    "85": -118.93073117003829,
    "86": -162.67130131526915,
    "87": 11.410094874001302,
    "88": -254.2310441354353,
    "89": 280.7117885068942,
    "90": 234.1227117842998,
    "91": 265.45603610974865,
    "92": -202.97738582497323,
    "93": 49.82416087516424,
    "94": 297.13207508370687,
    "95": -5.059861391833579,
    "96": 280.4407234653819,
    "97": 267.5294280718172,
    "98": 67.08230237078709,
    "99": 226.41592100448793,
    "100": -24.979863207911166,
    "101": 227.9648148427542,
    "102": 277.942661753037,
    "103": -41.886625868871604,
    "104": -231.65283825235807,
    "105": 23.16375534573723,
    "106": -151.08173216110038,
    "107": -18.162730443246076,
    "108": 274.13984311649244,
    "109": -58.29880525572693,
    "110": 283.7067492689371,
    "111": 17.997264041514313,
    "112": 283.7097235034282,
    "113": 285.25564557835503,
    "114": -34.28637950726409,
    "115": 10.430749020214336,
    "116": -128.89855429026852,
    "117": 4.727280621059364,
    "118": 27.232399179588626,
    "119": -70.90093577977635,
    "120": 278.6856542857973,
    "121": 283.32681514473984,
    "122": -50.90262280586363,
    "123": -258.32601744534423,
    "124": -116.02017993787736,
    "125": 233.65640825226527,
    "126": -18.082326068231282,
    "127": 283.21214623504113,
    "128": -48.235587784215355,
    "129": -25.75719258822967,
    "130": 267.6213782338117,
    "131": -288.7671552033969,
    "132": 279.061040787817,
    "133": 278.01910308888137,
    "134": -21.978380433104462,
    "135": 86.33361688361319,
    "136": -180.3835245730433,
    "137": 245.76744495969723,
    "138": 286.7170799876021,
    "139": 25.162853240767618,
    "140": 242.4225123784359,
    "141": 299.83865057839364,
    "142": -16.854362763124698,
    "143": -169.32990623808087,
    "144": 25.307777278106798,
    "145": 264.12017825227645,
    "146": -7.142413496442671,
    "147": -64.16935285736308,
    "148": 241.57480577139341,
    "149": -60.8562424590795,
    "150": -130.75993900974535,
    "151": 225.8899778368519,
    "152": 238.8106658945165,
    "153": 292.11336924712543,
    "154": -98.06587539411395,
    "155": 65.45088230131347,
    "156": -159.40520840336967,
    "157": 259.7637206862039,
    "158": 219.87066179284045,
    "159": 239.054656627075,
    "160": 229.52552728452878,
    "161": 208.2470335914953,
    "162": 278.1186580603328,
    "163": 254.0691864982279,
    "164": -205.83639265042586,
    "165": -169.1614965073289,
    "166": 180.95107124540354,
    "167": 271.03546819132885,
    "168": -97.80107404337997,
    "169": 211.156847429751,
    "170": 283.41881162621314,
    "171": 157.84501484103183,
    "172": 260.0978437356434,
    "173": -39.963396011078984,
    "174": 287.36407943769336,
    "175": -190.9996827953205,
    "176": 10.46539861915079,
    "177": -15.836337495165665,
    "178": 250.35992020602248,
    "179": 17.90892764849167,
    "180": 255.30081045892533,
    "181": 211.9125295480846,
    "182": 53.21444078579208,
    "183": -46.233346198294534,
    "184": 304.0227382813028,
    "185": 58.06883925120201,
    "186": 243.9315214430617,
    "187": 304.3710357512417,
    "188": 234.18076488155276,
    "189": 16.256095844547872,
    "190": 243.93460734207943,
    "191": 212.6572344291431,
    "192": -10.511422368906949,
    "193": 48.73972631582012,
    "194": 267.8793043969574,
    "195": -92.97449753308472,
    "196": -67.25896579519164,
    "197": -63.94087261466616,
    "198": 220.99297771266188,
    "199": 28.86994420645931,
    "200": -215.4062465971092,
    "201": 247.64043592630128,
    "202": 185.44636918354638,
    "203": 242.59948783767823,
    "204": 275.4403216413557,
    "205": 248.1208623684625,
    "206": 1.844276579219212,
    "207": 225.65014458551428,
    "208": 195.9085094539906,
    "209": 258.2963718720009,
    "210": -60.728523973628015,
    "211": 13.35114224746222,
    "212": -17.46111225887995,
    "213": 19.982842021400856,
    "214": 40.881086369270065,
    "215": -72.2167561538622,
    "216": 243.20632799941671,
    "217": 31.133656038567324,
    "218": 269.0111936282381,
    "219": -45.711105208264925,
    "220": 3.8271638762658426,
    "221": -187.8195155698068,
    "222": 277.29483086863905,
    "223": 23.492980006484913,
    "224": -3.161173150866489,
    "225": -25.793166456455822,
    "226": -19.114486154797504,
    "227": 7.254975980323536,
    "228": 272.83363767621915,
    "229": -7.769957152806683,
    "230": 230.965181191348,
    "231": 275.60738868605904,
    "232": 244.28089893749967,
    "233": -32.22108913896821,
    "234": 188.08702318108755,
    "235": 294.75611917229554,
    "236": 14.973339105151737,
    "237": -162.50954638623517,
    "238": 31.51563557721849,
    "239": -14.571876473207041,
    "240": -16.113245693803833,
    "241": -33.22531740355254,
    "242": 230.78321108869733,
    "243": 247.41064960223727,
    "244": 230.75178294477186,
    "245": 68.90565294702773,
    "246": 13.610968651165493,
    "247": -162.43369862664,
    "248": -22.353999280252324,
    "249": 195.60336509505765,
    "250": -200.31450840555175,
    "251": 25.97335134703846,
    "252": 71.86984995317903,
    "253": -124.58300220458308,
    "254": 265.6840547346835,
    "255": -36.50950131303375,
    "256": -7.744457247503064,
    "257": -172.48035501252977,
    "258": 308.78499943221055,
    "259": -4.0703768450752165,
    "260": -21.951793703484142,
    "261": 36.790632251709326,
    "262": 219.24557079643034,