{
    "1": -40.33333333333331,
    "2": 15.277777777777853,
    "3": -17.333333333333307,
    "4": -28.333333333333307,
    "5": -43.44444444444441,
    "6": -48.8888888888888,
    "7": 0.8333333333333393,
    "8": -7.222222222222225,
    "9": -67.9444444444443,
    "10": 1.2222222222222339,
    "11": -45.61111111111103,
    "12": -23.61111111111109,
    "13": 9.166666666666686,
    "14": -29.111111111111086,
    "15": -5.722222222222218,
    "16": -6.388888888888852,
    "17": 3.111111111111143,
    "18": -4.666666666666673,
    "19": -28.722222222222236,
    "20": -39.388888888888864,
    "21": -34.4444444444444,
    "22": -38.27777777777776,
    "23": -13.611111111111093,
    "24": -18.166666666666643,
    "25": 4.555555555555561,
    "26": -21.055555555555546,
    "27": -4.833333333333339,
    "28": -18.555555555555557,
    "29": -36.2222222222222,
    "30": 39.55555555555564,
    "31": -29.333333333333314,
    "32": 29.11111111111114,
    "33": -73.22222222222227,
    "34": -35.444444444444265,
    "35": -2.222222222222209,
    "36": -7.999999999999993,
    "37": 3.4444444444444735,
    "38": 5.722222222222232,
    "39": 22.333333333333364,
    "40": -27.7222222222222,
    "41": -6.499999999999991,
    "42": -0.9999999999999734,
    "43": 28.38888888888893,
    "44": -1.9999999999999662,
    "45": 26.44444444444446,
    "46": -14.888888888888903,
    "47": -32.22222222222219,
    "48": -38.66666666666662,
    "49": -3.3333333333333197,
    "50": -23.94444444444443,
    "51": 22.333333333333346,
    "52": 16.777777777777835,
    "53": -47.111111111110986,
    "54": -5.888888888888843,
    "55": 24.055555555555653,
    "56": 19.166666666666803,
    "57": 2.277777777777767,
    "58": -42.72222222222218,
    "59": 1.7777777777778296,
    "60": 4.000000000000046,
    "61": -22.11111111111111,
    "62": 29.166666666666714,
    "63": 5.222222222222211,
    "64": -1.722222222222193,
    "65": -13.000000000000004,
    "66": -9.888888888888882,
    "67": -7.222222222222223,
    "68": 7.0,
    "69": -36.05555555555552,
    "70": 4.277777777777763,
    "71": -43.499999999999964,
    "72": 0.5555555555555554,
    "73": 17.166666666666703,
    "74": -15.166666666666664,
    "75": -28.999999999999986,
    "76": 8.7222222222223,
    "77": 3.7777777777778985,
    "78": 9.50000000000001,
    "79": -10.83333333333334,
    "80": -20.7222222222222,
    "81": 7.333333333333327,
    "82": 44.00000000000005,
    "83": 6.16666666666668,
    "84": 22.333333333333368,
    "85": 30.0555555555556,
    "86": -21.77777777777776,
    "87": 3.0555555555555385,
    "88": -6.83333333333333,
    "89": -0.49999999999999734,
    "90": -5.555555555555557,
    "91": 11.222222222222294,
    "92": 0.38888888888890705,
    "93": -38.944444444444436,
    "94": 12.722222222222248,
    "95": -5.888888888888818,
    "96": -22.2222222222222,
    "97": -2.333333333333334,
    "98": 0.555555555555566,
    "99": -17.055555555555536,
    "100": 7.166666666666672,
    "101": -8.8333333333333,
    "102": 8.666666666666659,
    "103": -36.22222222222216,
    "104": 12.000000000000025,
    "105": 26.666666666666707,
    "106": -32.55555555555551,
    "107": 13.44444444444462,
    "108": 14.611111111111137,
    "109": -0.5555555555555518,
    "110": 10.388888888888893,
    "111": -15.333333333333325,
    "112": -29.22222222222218,
    "113": 10.500000000000021,
    "114": -36.94444444444441,
    "115": -8.16666666666665,
    "116": -6.94444444444445,
    "117": -17.888888888888882,
    "118": -3.888888888888852,
    "119": 23.333333333333407,
    "120": 28.388888888888935,
    "121": -6.944444444444414,
    "122": 7.944444444444464,
    "123": -1.166666666666626,
    "124": 39.388888888888935,
    "125": 3.666666666666654,
    "126": -32.555555555555515,
    "127": -35.11111111111109,
    "128": 22.333333333333456,
    "129": 5.388888888888886,
    "130": 8.50000000000001,
    "131": -1.333333333333286,
    "132": 3.8888888888888813,
    "133": -35.49999999999994,
    "134": 21.111111111111143,
    "135": 39.666666666666735,
    "136": -26.333333333333314,
    "137": 20.333333333333332,
    "138": 4.888888888888932,
    "139": 8.555555555555555,
    "140": -0.5555555555555447,
    "141": 5.833333333333331,
    "142": 4.611111111111182,
    "143": -16.388888888888882,
    "144": -4.611111111111116,
    "145": -35.27777777777775,
    "146": 7.944444444444459,
    "147": -42.16666666666649,
    "148": -32.111111111111065,
    "149": -13.66666666666665,
    "150": 30.888888888889035,
    "151": 32.50000000000017,
    "152": 29.666666666666693,
    "153": 30.388888888888893,
    "154": -2.1111111111110823,
    "155": -1.2777777777777661,
    "156": 4.500000000000023,
    "157": 21.55555555555562,
    "158": 9.777777777777786,
    "159": -1.2222222222222001,
    "160": 35.61111111111119,
    "161": -8.055555555555555,
    "162": 5.444444444444505,
    "163": 2.6666666666666776,
    "164": -32.33333333333329,
    "165": -12.166666666666654,
    "166": 20.333333333333385,
    "167": 29.166666666666764,
    "168": 24.500000000000007,
    "169": 31.388888888888943,
    "170": -3.944444444444448,
    "171": -50.444444444444365,
    "172": 17.61111111111113,
    "173": 19.333333333333364,
    "174": 1.6111111111111245,
    "175": 4.888888888888918,
    "176": 22.944444444444535,
    "177": 20.333333333333346,
    "178": -9.333333333333345,
    "179": -7.055555555555555,
    "180": 3.2777777777778163,
    "181": 1.8888888888889048,
    "182": 13.777777777777814,
    "183": 8.666666666666703,
    "184": -9.166666666666664,
    "185": 12.000000000000018,
    "186": -3.833333333333334,
    "187": -1.1111111111110734,
    "188": -13.888888888888903,
    "189": 20.777777777777843,
    "190": -7.777777777777793,
    "191": 17.94444444444447,
    "192": 34.77777777777783,
    "193": -30.499999999999943,
    "194": 27.9444444444445,
    "195": 0.9444444444444322,
    "196": -7.2777777777777715,
    "197": -7.944444444444413,
    "198": 23.611111111111132,
    "199": 31.277777777777814,
    "200": 19.722222222222268,
    "201": 15.611111111111196,
    "202": 40.61111111111119,
    "203": 27.444444444444514,
    "204": 16.61111111111113,
    "205": 11.333333333333352,
    "206": 0.4444444444444482,
    "207": 14.333333333333341,
    "208": -29.7222222222222,
    "209": -47.833333333333115,
    "210": 28.166666666666686,
    "211": 9.111111111111121,
    "212": 1.5000000000000178,
    "213": -34.277777777777764,
    "214": -41.38888888888888,
    "215": 1.4444444444444744,
    "216": -9.388888888888893,
    "217": 22.333333333333336,
    "218": -2.7777777777777564,
    "219": 13.611111111111157,
    "220": 2.0555555555555673,
    "221": 6.999999999999999,
    "222": -7.611111111111114,
    "223": 13.777777777777821,
    "224": 0.6666666666666732,
    "225": 11.999999999999982,
    "226": 18.22222222222223,
    "227": 9.888888888888896,
    "228": 8.333333333333401,
    "229": 43.33333333333339,
    "230": 24.166666666666693,
    "231": 37.16666666666673,
    "232": -0.8333333333333517,
    "233": 29.0000000000001,
    "234": 27.94444444444447,
    "235": -37.38888888888884,
    "236": 24.222222222222292,
    "237": 26.777777777777985,
    "238": -3.666666666666657,
    "239": 2.277777777777775,
    "240": -29.055555555555543,
    "241": -17.66666666666665,
    "242": 3.66666666666664,
    "243": -16.05555555555555,
    "244": 15.72222222222225,
    "245": 14.111111111111136,
    "246": 3.3888888888889523,
    "247": -14.277777777777786,
    "248": -4.277777777777782,
    "249": -19.6111111111111,
    "250": -13.777777777777779,
    "251": 0.05555555555554825,
    "252": 23.166666666666735,
    "253": -44.27777777777773,
    "254": 36.77777777777784,
    "255": 3.388888888888897,
    "256": 29.05555555555555,
    "257": 1.8888888888888888,
    "258": -44.27777777777773,
    "259": 8.833333333333384,
    "260": -14.277777777777771,
    "261": -12.999999999999972,
    "262": 13.722222222222278,
    "263": 39.11111111111113,