{
    "1": -253.51491474320997,
    "2": -100.8451306428642,
    "3": -146.88715705784665,
    "4": -303.97841679668824,
    "5": -777.3052296413246,
    "6": -948.8968836179304,
    "7": -722.2679216536044,
    "8": -368.7392278166106,
    "9": -666.8314118156329,
    "10": -607.2539087640408,
    "11": -351.2249179818841,
    "12": -31.549724069620353,
    "13": -311.3363362134369,
    "14": -312.2336138242157,
    "15": -536.5224146857204,
    "16": -193.83631256568262,
    "17": -105.00115299066223,
    "18": -405.7859382953438,
    "19": -341.58474025237604,
    "20": -86.87149979142077,
    "21": -99.66606917515642,
    "22": -213.40442912093079,
    "23": -264.6158230989542,
    "24": -164.37007426106376,
    "25": -319.4523671983299,
    "26": -111.88810097872957,
    "27": -92.86181417379672,
    "28": -171.75778812019038,
    "29": -197.37307842767734,
    "30": -91.5595736728358,
    "31": -242.28588964936736,
    "32": -204.63053144482527,
    "33": -231.55979626190316,
    "34": -124.54899999325394,
    "35": -364.75564274430957,
    "36": -284.3375670061334,
    "37": -345.0978384829383,
    "38": -288.4677380281687,
    "39": -477.0161560886946,
    "40": -284.49412825238767,
    "41": -191.66117888214313,
    "42": -258.27421427057743,
    "43": -352.95314662396345,
    "44": -446.0877039819996,
    "45": -130.08397969718337,
    "46": -62.00191185111955,
    "47": -389.6912802249036,
    "48": -205.96158883833863,
    "49": -244.90890640478344,
    "50": -432.6824047548227,
    "51": -334.98335983538243,
    "52": -393.4643930347441,
    "53": -89.17915193129689,
    "54": -241.5973272714561,
    "55": -267.7503657028832,
    "56": -279.02087837080524,
    "57": -638.4258354452256,
    "58": -272.77440755505273,
    "59": -247.22990380602505,
    "60": -170.861996043149,
    "61": -516.3076852476281,
    "62": -129.76894286757334,
    "63": -190.68890351967252,
    "64": -277.1932509342754,
    "65": -296.6879244548469,
    "66": -114.19674675462147,
    "67": -298.6746172172841,
    "68": -384.56306666640126,
    "69": -429.28501332145066,
    "70": -57.35473970488485,
    "71": -427.1607262440596,
    "72": -77.20212495790011,
    "73": -201.85118728687726,
    "74": -357.2338989235211,
    "75": -136.16723479611116,
    "76": -112.01245862289773,
    "77": -12.153717844192087,
    "78": -310.81268920622654,
    "79": -112.14141734239712,
    "80": -341.3380560658661,
    "81": -665.1913033617511,
    "82": -197.94689523563113,
    "83": -419.2888763226595,
    "84": -100.2325391630264,
    "85": -263.7017642999151,
    "86": -230.5014107045487,
    "87": -237.26915678763018,
    "88": -65.60007310559016,
    "89": -372.3161448813063,
    "90": -351.90862668440843,
    "91": -459.7446229488337,
    "92": -287.2484185836298,
    "93": -156.50656299866193,
    "94": -142.14889104094166,
    "95": -68.40676620064359,
    "96": -169.43827905134788,
    "97": -249.49916517667222,
    "98": -124.61029530110147,
    "99": -197.93120721498494,
    "100": -403.76392492837397,
    "101": -186.78754542743826,
    "102": -444.5544052345097,
    "103": -379.28709446580683,
    "104": -438.22108318963916,
    "105": -196.2196811725966,
    "106": -206.36097383579715,
    "107": 18.054886833560488,
    "108": -346.82664795722974,
    "109": -246.895091033175,
    "110": -293.9853473652446,
    "111": -171.92751867674912,
    "112": -630.9662000379765,
    "113": -459.0837473875673,
    "114": -556.5311864889866,
    "115": -245.47381082894708,
    "116": -227.08873637024124,
    "117": -67.99387080286256,
    "118": -285.89588045906015,
    "119": -553.7476738793252,
    "120": -174.92112131861717,
    "121": -1037.001702026495,
    "122": -359.00995547028924,
    "123": -569.6989303702402,
    "124": -786.6080097127315,
    "125": -701.0395422410729,
    "126": -316.33184628384527,
    "127": -351.34095712309056,
    "128": -135.51105082167268,
    "129": -253.1551256958452,
    "130": -416.40644204858023,
    "131": -134.89992285119123,
    "132": -474.7369825866249,
    "133": -590.3957511021348,
    "134": -180.24332197193365,
    "135": -258.23163439798236,
    "136": -262.27720998068025,
    "137": -413.1190537416907,
    "138": -418.8859680864816,
    "139": -899.7253432200066,
    "140": -175.22631907278918,
    "141": -250.38142020681573,
    "142": -687.4527326482691,
    "143": -370.46498326821865,
    "144": -159.9813537246431,
    "145": -148.45363893230666,
    "146": -330.1176338680934,
    "147": 17.450239761439917,
    "148": -42.825279830965606,
    "149": -71.55514229818606,
    "150": -23.714910760564408,
    "151": -563.9634598366968,
    "152": -144.39539390171862,
    "153": -124.08439387417002,
    "154": -109.97665903679115,
    "155": -248.11291056442707,
    "156": -202.89529401438858,
    "157": -373.730417778098,
    "158": -87.76910723161028,
    "159": -123.16857186320323,
    "160": -267.9360077318168,
    "161": -235.67798827374725,
    "162": -112.88117044302231,
    "163": -225.86017379825762,
    "164": -92.31830406085712,
    "165": -216.31014400305452,
    "166": -186.01209924911592,
    "167": -158.44704879900843,
    "168": -139.32293547855613,
    "169": -276.9359912095799,
    "170": -9.512297678157779,
    "171": -265.51751824657197,
    "172": -329.60016261672683,
    "173": -201.57480542530425,
    "174": -106.62895633638345,
    "175": -498.6805592778151,
    "176": -49.390399815763516,
    "177": -220.43022942937571,
    "178": -292.01528707645537,
    "179": -288.1381995191085,
    "180": -561.6780437576374,
    "181": -370.06998057174076,
    "182": -365.5526492366912,
    "183": -374.4598409103584,
    "184": -159.85867855963144,
    "185": -289.7252502905253,
    "186": -368.8406725562152,
    "187": -436.08530257743274,
    "188": -596.8341108560819,
    "189": -382.03681541454324,
    "190": -424.54927781324216,
    "191": -373.30584078369685,
    "192": -215.26383836065983,
    "193": -352.7311775099815,
    "194": -341.0336578321703,
    "195": -424.45377576627595,
    "196": -360.88958929320944,
    "197": -117.89839564395653,
    "198": -497.88291453743983,
    "199": -339.45092990029906,
    "200": -452.9970721255712
}