{
    "1": -41.4009259259259,
    "2": -18.215740740740756,
    "3": -3.0472222222222385,
    "4": 1.9435185185185015,
    "5": -2.39629629629632,
    "6": 1.2555555555555196,
    "7": 23.699074074074083,
    "8": 2.5120370370370186,
    "9": 12.293518518518546,
    "10": -1.7166666666666721,
    "11": 8.307407407407378,
    "12": 10.388888888888873,
    "13": 21.535185185185203,
    "14": -1.4462962962963117,
    "15": 18.1101851851852,
    "16": 22.0296296296296,
    "17": 4.595370370370331,
    "18": 20.913888888888877,
    "19": 12.454629629629645,
    "20": 20.474074074074064,
    "21": 16.445370370370384,
    "22": 12.612962962963001,
    "23": 16.946296296296296,
    "24": 21.462037037037078,
    "25": 8.887962962962943,
    "26": 18.316666666666666,
    "27": -2.707407407407415,
    "28": 22.42592592592593,
    "29": 25.55,
    "30": 13.465740740740737,
    "31": -13.037962962962961,
    "32": -4.424074074074087,
    "33": 8.087962962962944,
    "34": -6.667592592592632,
    "35": -11.085185185185194,
    "36": -12.925000000000013,
    "37": -34.97037037037037,
    "38": -13.417592592592618,
    "39": -23.92314814814815,
    "40": -21.806481481481484,
    "41": -23.23888888888891,
    "42": -14.769444444444483,
    "43": -30.423148148148098,
    "44": -30.617592592592565,
    "45": -21.93518518518518,
    "46": -28.593518518518486,
    "47": -26.21203703703706,
    "48": -40.76388888888886,
    "49": -31.774074074074043,
    "50": -54.287037037037216,
    "51": -69.2212962962966,
    "52": -38.528703703703734,
    "53": -60.5231481481483,
    "54": -59.782407407407604,
    "55": -286.75925925925947,
    "56": -282.78703703703763,
    "57": -287.6481481481483,
    "58": -277.5740740740748,
    "59": -270.49537037037186,
    "60": -265.9629629629643
}