{
    "1": -163.4665410899836,
    "2": -356.2106404028099,
    "3": -313.1708884184179,
    "4": -432.0753251451582,
    "5": 11.483236383188029,
    "6": -489.4779903117027,
    "7": -322.2870183068659,
    "8": -247.26604548255006,
    "9": -517.0319067041945,
    "10": -487.9956295214664,
    "11": -512.3905275546797,
    "4": -206.2746948933983
}