{
    "1": -407.45620130620694,
    "2": -468.27736725529394,
    "3": -309.3431027727729,
    "4": -524.8277915489593,
    "5": -217.0765263522714,
    "6": -444.9106768265966,
    "7": -137.4905209415285,
    "8": -372.2149720103982,
    "9": -93.30832324189035,
    "10": -123.28099633834083,
    "11": -303.8145943872189,
    "12": -410.17676956438805,
    "13": -509.40229504172567,
    "14": -310.54312699669896,
    "15": -153.21823868633652,
    "16": -300.5756892243973,
    "17": -484.9480194234827,
    "18": -281.11372556749154,
    "19": -296.9259298975026,
    "20": -619.2985364126688,
    "21": -182.47312172677692,
    "22": -166.69398626096887,
    "23": -481.8436294247176,
    "24": -921.4951467552737,
    "25": -636.6625721111039,
    "26": -465.99743534232965,
    "7": -399.4512486198939
}