{
    "1": -253.51491474320997,
    "2": -100.8451306428642,
    "3": -146.88715705784665,
    "4": -303.9787506562551,
    "5": -777.305394853211,
    "6": -948.9000204978618,
    "7": -722.2284932952901,
    "8": -368.7973643409397,
    "9": -672.1264727538077,
    "10": -613.2450156414786,
    "11": -347.6231550203704,
    "12": -19.498062337405685,
    "13": -505.3049629593117,
    "14": -499.0517216474653,
    "15": -463.31091415807805,
    "16": -626.2077202871607,
    "17": -37.719201080426686,
    "18": -463.3192354770038,
    "19": -326.7622308218087,
    "20": -189.70834805726292,
    "21": -182.8048149193688,
    "22": -233.64983519716014,
    "23": -74.57739938526528,
    "24": -131.01607757618896,
    "25": -322.4563271006625,
    "26": -155.98476904149402,
    "27": -184.21548164551325,
    "28": -52.13608106949371,
    "29": -67.52242555006407,
    "30": -201.7870293084403,
    "31": -201.1611805345419,
    "32": -306.58758858456866,
    "33": -334.5933835365294,
    "34": -194.3301667050061,
    "35": -255.95597007590902,
    "36": -303.4975979634288,
    "37": -157.7408382902609,
    "38": -307.3988289062438,
    "39": -111.37057572059534,
    "40": -71.14952611416447,
    "41": -22.81973034830258,
    "42": -110.15843505282758,
    "43": -205.12337314171913,
    "44": -21.094187202999493,
    "45": -31.996918720862183,
    "46": -123.45020331482573,
    "47": 38.48879018001608,
    "48": -142.6275132033772,
    "49": -85.20304073614346,
    "50": 33.98272314676754,
    "51": 31.873466229208404,
    "52": 68.10268703713534,
    "53": -131.64701715991436,
    "54": -251.332989188843,
    "55": -103.56758106170138,
    "56": 230.93598832228622,
    "57": -144.6793637442453,
    "58": -122.59114229569462,
    "59": -280.4486459844433,
    "60": -230.24101277085623,
    "61": 45.05590687047866,
    "62": 222.06629111494692,
    "63": -58.727925051289546,
    "64": 18.730685635234053,
    "65": -150.67182369239998,
    "66": -13.233924258049337,
    "67": 176.61571412111977,
    "68": 125.52784573185735,
    "69": 213.9493755784439,
    "70": -39.714779920749834,
    "71": 163.67062908321074,
    "72": 46.286292987675026,
    "73": -246.11474577643497,
    "74": 106.54255828593787,
    "75": 102.14913022713893,
    "76": 14.350803061157173,
    "77": -182.66057254837273,
    "78": -100.61610904630847,
    "79": 186.59746578419816,
    "80": -199.9131471197965,
    "81": 103.84763291308515,
    "82": -76.89109953967655,
    "83": 50.93336748318698,
    "84": -167.16111937210627,
    "85": -222.5568084225697,
    "86": -52.80661912008739,
    "87": -66.70743020715143,
    "88": 174.3151006565729,
    "89": 160.9280514501409,
    "90": 11.563095286928608,
    "91": -40.758490768953735,
    "92": -22.653023869493236,
    "93": -24.870034147946498,
    "94": 109.85757133184639,
    "95": -66.31751933932748,
    "96": 84.22615046414903,
    "97": -82.97755637988438,
    "98": -282.7789461494691,
    "99": -47.699455804663835,
    "100": -37.980467039910884,
    "101": 20.61799821301107,
    "102": 209.98820179080107,
    "103": -196.77376649039175,
    "104": -119.33873033667389,
    "105": -96.42093344682488,
    "106": 85.84991913967147,
    "107": 41.32066627318371,
    "108": 28.11730864682853,
    "109": 78.92152681119651,
    "110": -70.5189643309539,
    "111": -2.3300068192154093,
    "112": 84.08150167935975,
    "113": -25.832804696383327,
    "114": -57.40127950730127,
    "115": 60.71358038508997,
    "116": -37.3180669753774,
    "117": 66.91491860304161,
    "118": -3.8301446777278767,
    "119": 10.289990003674468,
    "120": -350.8168936585573,
    "121": -121.68801560372174,
    "122": -49.292379947386856,
    "123": 29.405463838610345,
    "124": -226.46918297963788,
    "125": -36.74400654155184,
    "126": -53.872593854595195,
    "127": -125.62111051760934,
    "128": -48.31289719273734,
    "129": -58.05515764357132,
    "130": -115.04194378563047,
    "131": -2.819662664276708,
    "132": 8.596612163690525,
    "133": -48.15438788309625,
    "134": -54.0303800841326,
    "135": 40.29847635506823,
    "136": 8.066832352755192,
    "137": 9.030706369550217,
    "138": 19.993402469372747,
    "139": 31.033295527637986,
    "140": 20.98792578402171,
    "141": 31.002873375694072,
    "142": 14.871365433576024,
    "143": -4.698665056448104,
    "144": 33.91676650367735,
    "145": 125.10397384202945
}