{
    "1": -35.11111111111111,
    "2": -11.66666666666666,
    "3": 0.6666666666666661,
    "4": -5.111111111111075,
    "5": -31.16666666666662,
    "6": -14.722222222222218,
    "7": -21.444444444444443,
    "8": -3.6666666666666057,
    "9": -15.499999999999993,
    "10": -40.44444444444429,
    "11": -22.777777777777764,
    "12": -3.166666666666665,
    "13": -0.3888888888888786,
    "14": -3.0000000000000053,
    "15": 32.66666666666673,
    "16": -33.94444444444442,
    "17": 18.111111111111164,
    "18": -0.5555555555555189,
    "19": -18.000000000000007,
    "20": -4.8333333333332575,
    "21": 37.388888888888985,
    "22": -33.22222222222219,
    "23": -25.7222222222222,
    "24": 1.4444444444444513,
    "25": -1.3888888888888697,
    "26": -42.888888888888864,
    "27": 7.49999999999998,
    "28": -28.444444444444443,
    "29": -14.99999999999999,
    "30": 32.22222222222228,
    "31": -20.833333333333304,
    "32": -25.055555555555536,
    "33": 14.500000000000023,
    "34": -4.777777777777757,
    "35": 0.8888888888889017,
    "36": 10.38888888888891,
    "37": 22.111111111111157,
    "38": -40.27777777777774,
    "39": 19.333333333333446,
    "40": -25.44444444444445,
    "41": -4.111111111111116,
    "42": 23.166666666666675,
    "43": 16.666666666666714,
    "44": -8.11111111111109,
    "45": 16.4444444444445,
    "46": 0.22222222222234045,
    "47": -29.055555555555515,
    "48": -3.7222222222222356,
    "49": -32.66666666666665,
    "50": 38.55555555555561,
    "51": 18.777777777777825,
    "52": 0.2222222222222694,
    "53": -22.833333333333346,
    "54": 9.611111111111134,
    "55": -12.999999999999986,
    "56": -23.1111111111111,
    "57": 33.00000000000012,
    "58": -10.88888888888889,
    "59": 42.666666666666785,
    "60": 8.111111111111112,
    "61": -0.7777777777777484,
    "62": -45.38888888888883,
    "63": 31.500000000000043,
    "64": 26.833333333333393,
    "65": 21.000000000000043,
    "66": 8.222222222222234,
    "67": 9.444444444444494,
    "68": -8.333333333333343,
    "69": 24.388888888889028,
    "70": 10.666666666666679,
    "71": -24.833333333333222,
    "72": 20.7777777777778,
    "73": 16.500000000000128,
    "74": -49.999999999999964,
    "75": 7.833333333333366,
    "76": 14.166666666666686,
    "77": 11.777777777777846,
    "78": 3.72222222222229,
    "79": 7.333333333333344,
    "80": 11.555555555555665,
    "81": -41.944444444444414,
    "82": -2.1111111111110663,
    "83": -18.44444444444435,
    "84": 19.888888888888932,
    "85": 35.888888888888985,
    "86": 10.0000000000001,
    "87": 25.38888888888896,
    "88": -4.333333333333245,
    "89": 4.111111111111134,
    "90": -3.1666666666665915,
    "91": -17.2222222222221,
    "92": -3.999999999999943,
    "93": -21.888888888888882,
    "94": -7.111111111111089,
    "95": -30.388888888888822,
    "96": 30.0555555555556,
    "97": -79.94444444444446,
    "98": -24.16666666666662,
    "99": -0.05555555555548075,
    "100": -10.61111111111109,
    "101": -61.38888888888887,
    "102": 31.555555555555635,
    "103": 16.500000000000043,
    "104": 9.72222222222235,
    "105": 2.722222222222256,
    "106": -119.77777777777774,
    "107": 35.72222222222226,
    "108": -17.444444444444375,
    "109": -65.8333333333332,
    "110": -44.388888888888765,
    "111": 6.055555555555639,
    "112": 16.888888888888957,
    "113": 20.66666666666673,
    "114": 13.1666666666667,
    "115": -130.88888888888903,
    "116": 2.666666666666683,
    "117": 5.944444444444513,
    "118": 5.500000000000073,
    "119": -18.888888888888882,
    "120": 3.33333333333334,
    "121": 22.277777777777864,
    "122": -35.44444444444441,
    "123": 6.666666666666714,
    "124": -55.99999999999998,
    "125": -67.77777777777773,
    "126": -3.111111111111013,
    "127": -79.7222222222222,
    "128": -24.61111111111094,
    "129": 17.222222222222314,
    "130": -6.555555555555497,
    "131": -2.1666666666666403,
    "132": 8.388888888888891,
    "133": -26.4444444444443,
    "134": -128.33333333333337,
    "135": 25.44444444444457,
    "136": -63.55555555555547,
    "137": -4.833333333333314,
    "138": 8.11111111111123,
    "139": -36.77777777777767,
    "140": 24.500000000000043,
    "141": -25.99999999999998,
    "142": -74.94444444444439,
    "143": 14.888888888888925,
    "144": -28.55555555555548,
    "145": -3.9999999999999787,
    "146": -120.72222222222214,
    "147": 18.388888888888925,
    "148": -82.7777777777778,
    "149": -97.77777777777769,
    "150": 43.66666666666679,
    "151": -65.61111111111106,
    "152": 4.611111111111233,
    "153": -50.49999999999995,
    "154": 12.388888888888918,
    "155": -79.22222222222231,
    "156": -4.7222222222221735,
    "157": -174.6666666666667,
    "158": 24.94444444444452,
    "159": 14.833333333333368,
    "160": 26.16666666666687,
    "161": 17.833333333333407,
    "162": -17.166666666666618,
    "163": -151.33333333333343,
    "164": -100.00000000000011,
    "165": -11.888888888888886,
    "166": -24.388888888888836,
    "167": -182.6666666666667,
    "168": -45.83333333333325,
    "169": 2.38888888888894,
    "170": -32.222222222222186,
    "171": 2.7222222222222765,
    "172": -62.16666666666656,
    "173": -221.33333333333337,
    "174": 11.888888888888992,
    "175": 27.555555555555756,
    "176": -42.94444444444436,
    "177": -68.50000000000001,
    "178": -182.0000000000001,
    "179": -353.9999999999999,
    "180": -124.111111111111,
    "181": -4.666666666666572,
    "182": -69.94444444444443,
    "183": -7.499999999999982,
    "184": -167.22222222222217,
    "185": -142.72222222222229,
    "186": -142.7777777777778,
    "187": -77.1666666666666,
    "188": -92.99999999999996,
    "189": 21.888888888888935,
    "190": -77.33333333333331,
    "191": -40.99999999999992,
    "192": -107.66666666666664,
    "193": -103.5555555555556,
    "194": -65.72222222222219,
    "195": -105.11111111111114,
    "196": -257.88888888888874,
    "197": -110.27777777777786,
    "198": -13.944444444444358,
    "199": -56.77777777777762,
    "200": -60.49999999999997,
    "201": -0.4999999999999556,
    "202": -100.5,
    "203": -56.611111111110986,
    "204": 17.61111111111122,
    "205": -91.99999999999996,
    "206": -192.00000000000023,
    "207": -113.11111111111109,
    "208": -355.05555555555543,
    "209": -39.94444444444437,
    "210": -30.222222222222115,
    "211": -278.6111111111109,
    "212": -4.999999999999915,
    "213": -19.61111111111104,
    "214": -319.66666666666634,
    "215": -358.33333333333326,
    "216": -13.444444444444432,
    "217": -53.72222222222209,
    "218": -96.33333333333329,
    "219": -183.5000000000001,
    "220": -187.55555555555574,
    "221": -68.22222222222216,
    "222": -260.77777777777754,
    "223": -367.66666666666686,
    "224": -125.38888888888894,
    "225": -251.1111111111112,
    "226": -23.55555555555541,
    "227": -111.49999999999991,
    "228": -121.77777777777774,
    "229": -228.16666666666683,
    "230": -357.22222222222223,
    "231": -50.33333333333322,
    "232": -188.00000000000014,
    "233": -354.9999999999999,
    "234": -355.83333333333326,
    "235": -194.83333333333337,
    "236": -343.9999999999996,
    "237": -277.333333333333,
    "238": -354.33333333333326,
    "239": -365.44444444444446,
    "240": -175.88888888888889,
    "241": -356.55555555555543,
    "242": -98.27777777777777,
    "243": -236.38888888888903,
    "244": -130.94444444444446,
    "245": -168.2222222222222,
    "246": 1.6666666666667123,
    "247": -350.55555555555554,
    "248": -364.3333333333333,
    "249": -103.1111111111111,
    "250": -363.2222222222222,
    "251": 25.555555555555607,
    "252": -39.055555555555486,
    "253": -362.111111111111,
    "254": -362.11111111111103,
    "255": -71.77777777777779,
    "256": -138.11111111111114,
    "257": -367.66666666666663,
    "258": -67.05555555555557,
    "259": -26.444444444444287,
    "260": -320.2222222222216,
    "261": -233.8333333333334,