{
    "1": -40.33333333333331,
    "2": 15.277777777777853,
    "3": -17.333333333333307,
    "4": -28.333333333333307,
    "5": -43.44444444444441,
    "6": -48.8888888888888,
    "7": 0.8333333333333393,
    "8": -7.222222222222225,
    "9": -67.9444444444443,
    "10": 1.2222222222222339,
    "11": -45.61111111111103,
    "12": -23.61111111111109,
    "13": -20.83333333333332,
    "14": -39.55555555555551,
    "15": -14.777777777777786,
    "16": -44.83333333333329,
    "17": -26.166666666666647,
    "18": -27.666666666666643,
    "19": 8.833333333333362,
    "20": 7.388888888888899,
    "21": -39.61111111111105,
    "22": -11.222222222222207,
    "23": -20.722222222222204,
    "24": -24.499999999999982,
    "25": 3.9999999999999964,
    "26": -24.11111111111112,
    "27": -25.611111111111097,
    "28": -18.611111111111082,
    "29": -20.222222222222197,
    "30": -30.61111111111107,
    "31": -6.4999999999999964,
    "32": -33.33333333333333,
    "33": -28.833333333333265,
    "34": -83.44444444444431,
    "35": -36.722222222222214,
    "36": -27.22222222222219,
    "37": -11.722222222222143,
    "38": -36.222222222222165,
    "39": 14.000000000000028,
    "40": -25.055555555555536,
    "41": -12.833333333333343,
    "42": 34.38888888888891,
    "43": 4.500000000000012,
    "44": 5.8888888888889,
    "45": -12.999999999999993,
    "46": -28.555555555555543,
    "47": -37.44444444444444,
    "48": -22.500000000000007,
    "49": -9.166666666666668,
    "50": -38.77777777777774,
    "51": -0.6111111111110876,
    "52": -23.3333333333333,
    "53": 10.055555555555568,
    "54": 1.3888888888889017,
    "55": -33.16666666666665,
    "56": 13.833333333333346,
    "57": 6.166666666666706,
    "58": -22.38888888888886,
    "59": 40.22222222222238,
    "60": 4.277777777777821,
    "61": -9.444444444444452,
    "62": -2.5000000000000027,
    "63": 9.111111111111127,
    "64": -28.722222222222136,
    "65": 15.833333333333362,
    "66": -4.777777777777798,
    "67": -21.888888888888886,
    "68": -36.22222222222217,
    "69": -1.3333333333333268,
    "70": -14.277777777777775,
    "71": -14.499999999999979,
    "72": -2.333333333333277,
    "73": -28.77777777777775,
    "74": 3.1111111111111147,
    "75": -33.999999999999936,
    "76": 10.722222222222248,
    "77": 1.8888888888889084,
    "78": -44.444444444444414,
    "79": -13.388888888888882,
    "80": -18.666666666666664,
    "81": -11.944444444444386,
    "82": 26.000000000000057,
    "83": 16.555555555555607,
    "84": 9.500000000000032,
    "85": -49.111111111111036,
    "86": -60.22222222222216,
    "87": -29.055555555555536,
    "88": 29.6666666666667,
    "89": 5.888888888888946,
    "90": -28.05555555555552,
    "91": 22.0555555555556,
    "92": -24.833333333333304,
    "93": -26.888888888888864,
    "94": -0.8333333333333375,
    "95": -16.666666666666668,
    "96": 5.222222222222209,
    "97": 19.388888888888992,
    "98": -5.722222222222207,
    "99": 14.555555555555582,
    "100": 30.555555555555685,
    "101": 10.833333333333364,
    "102": -12.166666666666668,
    "103": -21.611111111111093,
    "104": 1.7777777777777661,
    "105": 18.333333333333336,
    "106": 30.555555555555564,
    "107": 37.888888888888985,
    "108": 19.333333333333396,
    "109": 6.388888888888886,
    "110": 4.166666666666689,
    "111": 4.7777777777777715,
    "112": -29.83333333333333,
    "113": 10.722222222222292,
    "114": -22.888888888888886,
    "115": 3.5555555555555505,
    "116": -27.444444444444425,
    "117": 4.166666666666658,
    "118": -34.55555555555551,
    "119": 9.611111111111184,
    "120": -21.722222222222197,
    "121": 7.166666666666681,
    "122": 8.166666666666666,
    "123": -29.833333333333286,
    "124": 15.833333333333329,
    "125": 0.666666666666659,
    "126": -25.27777777777778,
    "127": -24.222222222222204,
    "128": -0.6666666666666341,
    "129": -47.72222222222219,
    "130": -20.611111111111068,
    "131": -20.38888888888887,
    "132": 3.666666666666674,
    "133": -18.999999999999986,
    "134": 19.11111111111113,
    "135": -2.1666666666666474,
    "136": -35.05555555555553,
    "137": 24.222222222222268,
    "138": -16.49999999999999,
    "139": -23.05555555555554,
    "140": -1.666666666666643,
    "141": 12.66666666666666,
    "142": 4.000000000000018,
    "143": 28.055555555555614,
    "144": 3.66666666666669,
    "145": -19.49999999999998,
    "146": 0.8333333333333526,
    "147": -16.16666666666661,
    "148": -27.44444444444443,
    "149": -0.5555555555555536,
    "150": 39.16666666666672,
    "151": 10.833333333333437,
    "152": 3.1666666666666607,
    "153": -4.0555555555555625,
    "154": -15.66666666666666,
    "155": 16.611111111111143,
    "156": -47.2222222222222,
    "157": -15.500000000000004,
    "158": -9.277777777777786,
    "159": -16.388888888888886,
    "160": 1.6666666666666687,
    "161": -12.388888888888896,
    "162": -4.999999999999993,
    "163": 2.6666666666666865,
    "164": 2.8888888888888866,
    "165": -20.05555555555553,
    "166": 1.1666666666666803,
    "167": 7.666666666666658,
    "168": 8.166666666666696,
    "169": 12.388888888888903,
    "170": -15.999999999999996,
    "171": 9.27777777777779,
    "172": -4.888888888888886,
    "173": -28.94444444444445,
    "174": -24.222222222222207,
    "175": 2.222222222222218,
    "176": 20.5,
    "177": -22.499999999999975,
    "178": 0.5555555555555696,
    "179": 1.1666666666666856,
    "180": 6.388888888888875,
    "181": 16.94444444444448,
    "182": -22.833333333333307,
    "183": 8.444444444444457,
    "184": 3.4444444444444207,
    "185": 0.3333333333333428,
    "186": -19.22222222222223,
    "187": 7.722222222222233,
    "188": 3.9999999999999902,
    "189": -40.05555555555555,
    "190": 2.3888888888888635,
    "191": -15.611111111111072,
    "192": 4.166666666666723,
    "193": -4.222222222222191,
    "194": -17.722222222222186,
    "195": -21.66666666666665,
    "196": -15.000000000000014,
    "197": 1.0555555555555838,
    "198": 32.055555555555614,
    "199": 0.33333333333331616,
    "200": -23.111111111111104,
    "201": -26.222222222222204,
    "202": -28.444444444444414,
    "203": 0.11111111111113114,
    "204": -21.999999999999996,
    "205": 2.6666666666666865,
    "206": -3.888888888888898,
    "207": -9.666666666666654,
    "208": -20.499999999999993,
    "209": -61.0555555555553,
    "210": 2.6666666666666687,
    "211": -10.111111111111068,
    "212": 11.22222222222222,
    "213": 6.277777777777803,
    "214": -18.611111111111118,
    "215": 23.333333333333393,
    "216": 13.722222222222275,
    "217": 32.166666666666714,
    "218": 9.666666666666663,
    "219": 36.16666666666669,
    "220": 14.222222222222266,
    "221": 0.8333333333333268,
    "222": 13.11111111111111,
    "223": -8.222222222222213,
    "224": -34.38888888888887,
    "225": 0.5555555555555696,
    "226": 5.888888888888899,
    "227": -7.944444444444414,
    "228": 12.388888888888957,
    "229": 8.166666666666648,
    "230": -15.666666666666654,
    "231": 27.833333333333393,
    "232": 5.055555555555561,
    "233": 5.3888888888889035,
    "234": -1.4444444444444526,
    "235": -38.66666666666662,
    "236": 3.9444444444444393,
    "237": 16.722222222222243,
    "238": 10.66666666666668,
    "239": 32.88888888888891,
    "240": -15.388888888888886,
    "241": -34.49999999999998,
    "242": -23.611111111111082,
    "243": -19.72222222222224,
    "244": -12.444444444444407,
    "245": 7.055555555555574,
    "246": -16.500000000000025,
    "247": -29.99999999999998,
    "248": 3.055555555555526,
    "249": 0.8333333333333393,
    "250": 0.1666666666666634,
    "251": 9.666666666666679,
    "252": 5.888888888888889,
    "253": -6.555555555555536,
    "254": 2.0000000000000036,
    "255": -1.166666666666675,
    "256": 20.944444444444475,
    "257": -18.499999999999996,
    "258": -2.1666666666666448,
    "259": 4.777777777777791,
    "260": -3.388888888888901,
    "261": -13.888888888888903,