{
    "1": -24.16666666666646,
    "2": 94.42592592592605,
    "3": 114.0462962962964,
    "4": 100.2129629629631,
    "5": 94.60185185185188,
    "6": 102.22222222222233,
    "7": 93.96296296296305,
    "8": 123.18518518518516,
    "9": 97.07407407407408,
    "10": 109.23148148148162,
    "11": 114.22222222222224,
    "12": 117.80555555555553,
    "13": 102.89814814814827,
    "14": 76.8981481481483,
    "15": 97.48148148148155,
    "16": 108.29629629629633,
    "17": 109.48148148148151,
    "18": 89.1944444444446,
    "19": 77.17592592592608,
    "20": 115.50000000000006,
    "21": 115.57407407407408,
    "22": 98.55555555555563,
    "23": 81.58333333333351,
    "24": 115.00000000000001,
    "25": 91.88888888888896,
    "26": 103.14814814814827,
    "27": 89.68518518518526,
    "28": 95.78703703703722,
    "29": 104.76851851851845,
    "30": 102.04629629629633,
    "31": 113.0925925925927,
    "32": 106.47222222222223,
    "33": 107.40740740740745,
    "34": 101.5092592592593,
    "35": 102.99074074074086,
    "36": 85.89814814814825,
    "37": 103.66666666666669,
    "38": 105.01851851851858,
    "39": 97.93518518518532,
    "40": 105.73148148148162,
    "41": 96.46296296296302,
    "42": 90.89814814814834,
    "43": 109.21296296296305,
    "44": 91.87037037037035,
    "45": 120.16666666666664,
    "46": 101.89814814814822,
    "47": 98.8333333333333,
    "48": 113.58333333333337,
    "49": 107.13888888888881,
    "50": 109.25000000000001,
    "51": 113.34259259259261,
    "52": 104.88888888888893,
    "53": 110.11111111111114,
    "54": 98.75000000000004,
    "55": 115.425925925926,
    "56": 95.56481481481505,
    "57": 111.25925925925931,
    "58": 100.42592592592601,
    "59": 99.81481481481482,
    "60": 111.31481481481481,
    "61": 114.57407407407405,
    "62": 96.37037037037035,
    "63": 115.1851851851852,
    "64": 103.8148148148149,
    "65": 73.75000000000011,
    "66": 93.19444444444457,
    "67": 103.64814814814817,
    "68": 107.25000000000009,
    "69": 112.86111111111119,
    "70": 111.06481481481482,
    "71": 90.83333333333358,
    "72": 107.71296296296293,
    "73": 104.06481481481478,
    "74": 102.8796296296298,
    "75": 95.24074074074086,
    "76": 78.63888888888896,
    "77": 116.09259259259268,
    "78": 105.34259259259264,
    "79": 104.88888888888887,
    "80": 76.65740740740756,
    "81": 106.77777777777774,
    "82": 112.32407407407409,
    "83": 109.712962962963,
    "84": 112.75000000000001,
    "85": 99.98148148148145,
    "86": 85.5462962962964,
    "87": 105.32407407407406,
    "88": 114.37037037037047,
    "89": 102.3981481481482,
    "90": 94.24074074074086,
    "91": 74.09259259259282,
    "92": 105.00925925925917,
    "93": 115.93518518518528,
    "94": 109.94444444444451,
    "95": 102.16666666666679,
    "96": 88.22222222222237,
    "97": 87.56481481481491,
    "98": 93.56481481481495,
    "99": 111.0555555555556,
    "100": 105.50925925925928,
    "101": 110.51851851851852,
    "102": 94.08333333333334,
    "103": 96.07407407407423,
    "104": 110.0,
    "105": 103.82407407407423,
    "106": 100.26851851851859,
    "107": 96.53703703703705,
    "108": 105.24074074074075,
    "109": 106.62962962962978,
    "110": 92.60185185185193,
    "111": 94.70370370370384,
    "112": 112.87962962962958,
    "113": 88.98148148148147,
    "114": 105.58333333333334,
    "115": 95.82407407407412,
    "116": 107.20370370370375,
    "117": 119.99074074074078,
    "118": 117.12962962962955,
    "119": 104.20370370370368,
    "120": 82.1944444444445,
    "121": 71.31481481481512,
    "122": 104.80555555555566
}