{
    "1": -371.9661694457837,
    "2": 18.85037153174379,
    "3": 223.74080842170082,
    "4": 1.1291505638774595,
    "5": 220.9917961006463,
    "6": -38.24059067924551,
    "7": -148.3370768812857,
    "8": 13.180824729550082,
    "9": 15.637557364590464,
    "10": 18.73333565114281,
    "11": 16.366799087110692,
    "12": -406.92677323427546,
    "13": 30.34545106471313,
    "14": -78.34269117476941,
    "15": -78.75878405994277,
    "16": -56.17914402403044,
    "17": -80.73090669620268,
    "18": 44.31655557081274,
    "19": -58.65499764557595,
    "20": -48.145746163143045,
    "21": -159.4943680152225,
    "22": -389.1313422668761,
    "23": -276.87315682766473,
    "24": 12.849437522851943,
    "25": 171.56067371606923,
    "26": -66.11090828086853,
    "27": -38.604136901910834,
    "28": 138.02635219071098,
    "29": -43.474278148645226,
    "30": 44.83384704312829,
    "31": 27.25402656989742,
    "32": -220.3561388222966,
    "33": 22.00388783388513,
    "34": 224.44141460716048,
    "35": 23.44919162982643,
    "36": -6.69024934162762,
    "37": -5.349668506452915,
    "38": 22.344637092172846,
    "39": 8.943112603700001,
    "40": -202.59534554011466,
    "41": -342.91092508503345,
    "42": -13.634157401814363,
    "43": -37.131675235843055,
    "44": -212.74767528357876,
    "45": 45.8078690725431,
    "46": -70.99857016421387,
    "47": -63.932584756367966,
    "48": -11.927561784045864,
    "49": -39.16974880440366,
    "50": -31.000372776740377,
    "51": -185.03025417996434,
    "52": -587.6161619421314,
    "53": 126.23998009803388,
    "54": -593.9500910199116,
    "55": -99.782571767787,
    "56": -26.918126069832553,
    "57": 150.18747147908726,
    "58": -194.771579140764,
    "59": -9.332290034983203,
    "60": -92.06074513536377,
    "61": -215.56577497262262,
    "62": -149.2194055390596,
    "63": -290.0761485133664,
    "64": -242.05402341004222,
    "65": -17.902074334573797,
    "66": -601.4410477728516,
    "67": -333.3807424476729,
    "68": -47.370521321208884,
    "69": -153.85826636021585,
    "70": -269.54184002811655,
    "71": -48.89288732084264,
    "72": 241.28047602203614,
    "73": -318.30406663018164,
    "74": -356.4518973110856,
    "75": -320.195924512754,
    "76": -99.92716071078027,
    "77": -323.3618755812591,
    "78": -188.25594758046066,
    "79": -339.780330730379,
    "80": -513.5851716333091,
    "81": -283.75363452347364,
    "82": 45.92112282579453,
    "83": -185.5098005853321,
    "84": -292.5558774330509,
    "85": -22.20484688989262,
    "86": 1.7738545062964306,
    "87": -29.533810889607736,
    "88": -41.14077082838307,
    "89": -92.32885115445313,
    "90": -201.78211474805272,
    "91": -85.81379537167193,
    "92": -927.215111449482,
    "93": -195.38564373822845,
    "94": -518.7887685061633,
    "95": -181.12328199233406,
    "96": -1006.872910149095,
    "97": -224.63204077310468,
    "98": -62.75963984372636,
    "99": -632.9389161564596,
    "100": -161.62217803819792,
    "101": -487.2178561400054,
    "102": -49.4511686055427,
    "103": 27.578722834941658,
    "104": -1565.8647667705382,
    "105": -566.7322445982693,
    "106": -309.4655656455804,
    "107": -165.7283274077567,
    "108": -108.35685786493926,
    "109": -850.3050746077333,
    "110": -565.872709668472,
    "111": -302.7912844757291,
    "112": -513.1689587220144,
    "113": 5.716164672452393,
    "114": -34.570514798021165,
    "115": -364.8398330279836,
    "116": -313.71734825184103,
    "117": -710.9563116330226,
    "118": -98.64892548925754,
    "119": -516.2489047482596,
    "120": -186.69041123831482,
    "121": -40.18114776529096,
    "122": -180.45973193110757,
    "123": -384.64490331710994,
    "124": -35.6355472274097,
    "125": -164.9015642044124,
    "126": -853.8492260778241,
    "127": -395.1927597206885,
    "128": -413.99272438920974,
    "129": -192.31489136896474,
    "130": -1199.3832294308309,
    "131": -469.23158743113373,
    "132": -575.839901589645,
    "133": -214.60691493620345,
    "134": -256.54939882306064,
    "135": -316.3484754722926,
    "136": -398.5057469398735,
    "137": -52.895454185719295,
    "138": -724.9779523417989,
    "139": -32.522790397843195,
    "140": -273.27394007734154,
    "141": -352.6881606151353,
    "142": -186.94945493538003,
    "143": -532.5609852505863,
    "144": -631.1428639520582,
    "145": -868.3330939401702,
    "146": -202.92988862515688,
    "147": -212.3176045770973,
    "148": -451.4093926338997,
    "149": -310.52364661537104,
    "150": -343.088246548909,
    "151": -335.4026193318039,
    "152": -210.51140581341843,
    "153": -140.875693806021,
    "154": -749.8154326652801,
    "155": -566.4703024094877,
    "156": -577.9791579296334,
    "157": -257.938988519041,
    "158": -881.6393362637734,
    "159": -473.2975559330257,
    "160": -245.238029971874,
    "161": -470.47842690218044
}