{
    "1": -18.616203703703682,
    "2": 3.4476851851851738,
    "3": -0.6430555555555415,
    "4": -34.48101851851848,
    "5": -21.870833333333188,
    "6": -96.37592592592584,
    "7": -38.16620370370369,
    "8": -70.48287037037032,
    "9": -41.249074074074024,
    "10": -37.47916666666663,
    "11": -58.88287037037032,
    "12": -38.085185185185146,
    "13": -33.256481481481444,
    "14": -51.92777777777771,
    "15": -12.712962962962948,
    "16": -7.8421296296296354,
    "17": 8.001388888888911,
    "18": -5.3407407407407455,
    "19": -44.76666666666664,
    "20": -7.039351851851864,
    "21": -15.08981481481483,
    "22": -2.237962962962966,
    "23": 5.293055555555559,
    "24": -29.857407407407422,
    "25": -15.775462962962962,
    "26": -44.01157407407405,
    "27": -22.215277777777764,
    "28": -24.287037037037038,
    "29": -23.31574074074073,
    "30": -34.86851851851847,
    "31": -39.13194444444442,
    "32": -23.75185185185184,
    "33": -54.6305555555555,
    "34": -8.055092592592555,
    "35": -67.06851851851835,
    "36": 13.716666666666658,
    "37": -5.009722222222205,
    "38": 26.949074074074126,
    "39": 24.037962962962993,
    "40": 5.458333333333348,
    "41": -30.903240740740728,
    "42": 30.401388888888917,
    "43": 14.430092592592608,
    "44": -11.887962962962948,
    "45": 24.291203703703722,
    "46": -16.45138888888887,
    "47": 19.391666666666662,
    "48": -33.491666666666625,
    "49": -3.923148148148117,
    "50": -2.5157407407407337,
    "51": 1.7115740740740772,
    "52": 34.33055555555564,
    "53": -7.297685185185182,
    "54": -4.90740740740738,
    "55": 9.899074074074125,
    "56": 24.425462962962936,
    "57": 27.484722222222242,
    "58": -46.11296296296292,
    "59": 1.2740740740740772,
    "60": -39.85416666666661,
    "61": 14.781944444444449,
    "62": -10.44768518518518,
    "63": -1.2486111111111127,
    "64": -31.6708333333333,
    "65": 8.21805555555559,
    "66": -13.099999999999998,
    "67": 3.2421296296296185,
    "68": 42.079629629629686,
    "69": 9.118981481481486,
    "70": 10.242129629629645,
    "71": 8.610648148148174,
    "72": 31.372685185185226,
    "73": 39.48796296296299,
    "74": 34.48425925925939,
    "75": 3.856481481481458,
    "76": 26.434722222222298,
    "77": 33.30601851851854,
    "78": 4.719907407407404,
    "79": 16.56712962962967,
    "80": 42.60648148148153,
    "81": 16.97268518518533,
    "82": 13.097222222222236,
    "83": 15.866203703703732,
    "84": 49.4523148148149,
    "85": 35.190277777777816,
    "86": 24.06898148148149,
    "87": 33.003240740740814,
    "88": 9.45370370370376,
    "89": 3.793055555555596,
    "90": -17.33101851851848,
    "91": 37.150925925925996,
    "92": 8.588425925925918,
    "93": 10.118518518518524,
    "94": 9.208333333333487,
    "95": 31.117129629629822,
    "96": -18.0398148148148,
    "97": -5.416666666666675,
    "98": -15.017592592592607,
    "99": 9.655555555555603,
    "100": 2.982407407407412,
    "101": 5.624074074074085,
    "102": 30.636111111111127,
    "103": 10.61759259259259,
    "104": 31.8824074074075,
    "105": 8.000925925925932,
    "106": 11.084259259259273,
    "107": -6.351851851851839,
    "108": 1.7111111111111157,
    "109": 14.248148148148147,
    "110": 38.536574074074096,
    "111": -9.102777777777781,
    "112": 3.214814814814853,
    "113": -0.7092592592592704,
    "114": 7.668518518518576,
    "115": 65.96944444444449,
    "116": 55.3092592592594,
    "117": -16.25787037037035,
    "118": 22.753703703703707,
    "119": 50.79074074074083,
    "120": 16.46666666666679,
    "121": 23.926388888889036,
    "122": 41.606481481481524,
    "123": 44.89537037037044,
    "124": 24.830555555555577,
    "125": 6.183796296296293,
    "126": 42.71250000000011,
    "127": 13.67222222222237,
    "128": 10.888888888888918,
    "129": 20.912962962962993,
    "130": 43.346296296296416,
    "131": 61.478240740740844,
    "132": 20.4166666666668,
    "133": 44.729166666666714,
    "134": 42.84305555555562,
    "135": 12.150000000000034,
    "136": 10.106944444444462,
    "137": 63.899074074074136,
    "138": 24.52870370370372,
    "139": 13.296296296296306,
    "140": -7.828703703703717,
    "141": 63.48148148148161,
    "142": 59.74537037037048,
    "143": 22.385185185185215,
    "144": 43.220833333333374,
    "145": 19.335185185185352,
    "146": 50.384259259259316,
    "147": 37.10925925925932,
    "148": 22.383333333333372,
    "149": 23.55000000000005,
    "150": 21.41898148148151,
    "151": 1.2046296296296877,
    "152": 27.793981481481573,
    "153": 3.948611111111174,
    "154": 38.59351851851857,
    "155": 24.61574074074081,
    "156": 29.75324074074087,
    "157": 63.51527777777767,
    "158": 39.69027777777779,
    "159": 40.18287037037043,
    "160": 7.437962962962991,
    "161": 65.9222222222223,
    "162": 36.230555555555604,
    "163": 36.12222222222239,
    "164": 1.5875000000000266,
    "165": -22.81712962962959,
    "166": 45.459722222222275,
    "167": 9.096296296296343,
    "168": 57.367592592592665,
    "169": 41.27222222222231,
    "170": 8.48055555555556,
    "171": 59.737037037037084,
    "172": 33.72083333333341,
    "173": 37.621296296296414,
    "174": 65.85833333333338,
    "175": 16.585648148148184,
    "176": 38.48611111111123,
    "177": 40.95601851851862,
    "178": 62.425925925926016,
    "179": 59.64259259259266,
    "180": 24.143981481481504,
    "181": 39.543518518518674,
    "182": -18.54212962962963,
    "183": 72.15925925925923,
    "184": 44.27083333333348,
    "185": 33.320370370370476,
    "186": 57.54861111111113,
    "187": 36.46851851851865,
    "188": 31.744444444444564,
    "189": 12.607407407407406,
    "190": 29.171296296296354,
    "191": 54.2731481481483,
    "192": 71.44305555555556,
    "193": 64.54351851851852,
    "194": 59.55046296296294,
    "195": 79.87268518518516,
    "196": 70.35740740740721,
    "197": 66.14444444444447,
    "198": 36.46018518518527,
    "199": 77.26944444444447,
    "200": 66.78009259259264,
    "201": 40.524074074074186,
    "202": 38.303240740740854,
    "203": 71.17361111111111,
    "204": 24.500925925925934,
    "205": 62.712962962963,
    "206": 35.5523148148149,
    "207": 68.71064814814812,
    "208": 75.66157407407415,
    "209": 34.96759259259274,
    "210": 25.938425925926047,
    "211": 74.26851851851836,
    "212": 57.570833333333404,
    "213": 36.16296296296302,
    "214": 41.99074074074084,
    "215": 60.67500000000009,
    "216": 39.09490740740749,
    "217": 70.87499999999991,
    "218": 51.5601851851853,
    "219": 35.506018518518545,
    "220": 37.47777777777786,
    "221": 60.56342592592596,
    "222": 10.993055555555737,
    "223": 75.52453703703705,
    "224": 46.40972222222228,
    "225": 58.794907407407514,
    "226": 66.17916666666673,
    "227": 18.4990740740741,
    "228": 4.664814814814909,
    "229": 62.386574074074055,
    "230": 26.841666666666832,
    "231": 61.94537037037046,
    "232": 71.45092592592596,
    "233": 44.32361111111118,
    "234": 63.306944444444355,
    "235": 59.16203703703714,
    "236": 90.0671296296294,
    "237": 66.97592592592588,
    "238": 73.66203703703698,
    "239": 7.74999999999999,
    "240": 57.67731481481495,
    "241": 73.80324074074063,
    "242": 58.24768518518528,
    "243": 73.45601851851838,
    "244": 62.06574074074084,
    "245": 24.76296296296305,
    "246": 46.85046296296305,
    "247": 77.98749999999993,
    "248": 21.10694444444452,
    "249": 57.77083333333338,
    "250": 54.73611111111124,
    "251": 41.40046296296302,
    "252": 58.90277777777771,
    "253": 44.46527777777788,
    "254": 64.88194444444449,
    "255": 75.17175925925905,
    "256": 35.79953703703713,
    "257": 64.57638888888899,
    "258": 47.54166666666678,
    "259": 25.773148148148202,
    "260": 35.95370370370378,
    "261": 37.1435185185186,
    "262": 81.41666666666661,
    "263": 47.514814814814926,
    "264": 78.15509259259237,
    "265": 40.24537037037046,