{
    "1": -61.31259180123576,
    "2": -549.0875674141992,
    "3": -134.22074468686003,
    "4": -127.19099046909744,
    "5": -306.7666443529522,
    "6": -306.9630666194337,
    "7": -1115.8687614496964,
    "8": -312.63383101149174,
    "9": -471.70758755289955,
    "10": -47.37934248804124,
    "8": -296.8860667201615
}