{
    "1": 274.16724794507087,
    "2": 243.26327649293938,
    "3": 202.50412640263121,
    "4": 196.7970125503369,
    "5": 245.57045039540546,
    "6": -107.50764649072445,
    "7": 236.552468739047,
    "8": 275.3959430232731,
    "9": 236.09296918252107,
    "10": 252.88182164490746,
    "11": 220.25083639521864,
    "12": 248.21581388134686,
    "13": 296.121864182321,
    "14": 211.7776420927895,
    "15": 251.63778880148175,
    "16": 282.37767211125276,
    "17": -18.956711061854236,
    "18": 284.9510498499554,
    "19": 246.87829971029663,
    "20": 227.23546129323526,
    "21": 282.1985146645421,
    "22": -116.4506182545742,
    "23": 283.0431352022227,
    "24": 295.37901164377433,
    "25": 264.92525361832804,
    "26": 303.5781270735097,
    "27": 241.42105189726203,
    "28": 247.02380098931508,
    "29": 270.0570185199858,
    "30": 261.8742557341513,
    "31": 253.61141781151062,
    "32": 248.8089142138926,
    "33": 255.71701303456916,
    "34": 153.19072670675376,
    "35": 276.9322727665308,
    "36": -203.752582492613,
    "37": 278.576287157897,
    "38": 239.94796937372092,
    "39": 203.12826574316176,
    "40": 255.3287337051571,
    "41": -142.1622526128959,
    "42": -144.39220600244556,
    "43": -1157.3628044008335,
    "44": 83.49056841510385,
    "45": -81.68065335359809,
    "46": -207.274840992117,
    "47": 60.985192158719954,
    "48": -162.9565471831504,
    "49": 8.737519366227358,
    "50": 81.3460847469898,
    "51": 86.1242710711453,
    "52": 62.78597880432562,
    "53": 49.759517316757815,
    "54": 98.34268577507594,
    "55": 89.51191428786626,
    "56": -30.159838351019488,
    "57": -146.23897703303206,
    "58": -24.331270732478206,
    "59": 94.74674886872923,
    "60": -273.58907154741473,
    "61": 26.05742049136862,
    "62": 73.6073490031601,
    "63": -186.40745345573242,
    "64": -272.4363978683508,
    "65": -167.15118772397133,
    "66": -28.946895843591587,
    "67": -148.37641977466666,
    "68": 86.11862037219751,
    "69": 114.77261309224225,
    "70": -32.46137528921193,
    "71": 43.87547752196702,
    "72": -47.5786187155976,
    "73": 44.212444704036365,
    "74": 95.09841180755505,
    "75": 111.5123949519149,
    "76": -249.11747300189583,
    "77": -26.403127811490787,
    "78": 62.44823037936059,
    "79": 77.91760806592401,
    "80": -264.30558606612533,
    "81": -269.01254349216697,
    "82": 121.32047833763438,
    "83": 58.69030827262636,
    "84": 23.669618284034065,
    "85": 58.76917681627224,
    "86": 28.410688598699117,
    "87": 76.24248424008825,
    "88": -208.38436018432373,
    "89": 47.02377890910846,
    "90": -48.44603356411647,
    "91": 61.902575633389446,
    "92": -216.0813089840509,
    "93": 81.84105388492927,
    "94": 25.672717207362947,
    "95": 62.06731785315369,
    "96": 57.03940980201169,
    "97": -51.13744152922843,
    "98": -208.50922132546106,
    "99": 65.28742085752266,
    "100": -61.67272090208976,
    "101": 80.66099157848664,
    "102": 79.29694523994722,
    "103": 87.4955328488164,
    "104": -45.75164399582981,
    "105": -61.070269319826004,
    "106": -205.9363245116324,
    "107": 87.92285678680804,
    "108": 63.72130454085683,
    "109": 61.14111244644583,
    "110": 80.22433884994105,
    "111": -154.9176814562727,
    "112": 117.18835367139694,
    "113": -6.505422976993348,
    "114": 78.42303363123521,
    "115": -172.75504732186255,
    "116": 28.447623509437012,
    "117": 60.02863834530877,
    "118": -9.970477004193722,
    "119": 81.07207727976376,
    "120": 77.80994502973748,
    "121": -48.34032069434371,
    "122": 73.91154281402856,
    "123": 80.20383536172228,
    "124": 88.33160400245603,
    "125": 50.49675517529623,
    "126": -167.33292837482043,
    "127": 18.223901104397655,
    "128": 45.68539099900041,
    "129": 83.65956890943683,
    "130": -0.6413467805695561,
    "131": 68.09909713011507,
    "132": 83.72312182729219,
    "133": 36.27335930794011,
    "134": 85.57150677559433,
    "135": 109.69976838405954,
    "136": 78.54428638043215,
    "137": 43.366637310669546,
    "138": -104.59510371672042,
    "139": -21.18367230236932,
    "140": 80.68822034682299,
    "141": -197.16544049074088,
    "142": 52.65330657467051,
    "143": 59.80889886102224,
    "144": 7.264106548376557,
    "145": 67.5404863560872,
    "146": -39.085943974406355,
    "147": 134.92992724130735,
    "148": 79.50553970191989,
    "149": 84.6234205384556,
    "150": 76.48862936241358,
    "151": 8.322181427314668,
    "152": -49.883742929532346,
    "153": -251.81735785837404,
    "154": 84.19038301495478,
    "155": 43.82787136400894,
    "156": 67.95459871106299,
    "157": 62.84105327180494,
    "158": 89.73056264298202,
    "159": -11.987257841572998,
    "160": 46.49936087581537,
    "161": 24.67079381215462,
    "162": -65.00470223302221,
    "163": 54.937562117659965,
    "164": 95.91992871476168,
    "165": 60.07312133196896,
    "166": 7.815795397595114,
    "167": 59.96944216401274,
    "168": 94.96883433922709,
    "169": 55.8361652454736,
    "170": 88.24272135407836,
    "171": 56.79074825044442,
    "172": 52.34453318195449,
    "173": 36.888075731506504,
    "174": 77.14809022383403,
    "175": -16.434187248867186,
    "176": -29.763545323639764,
    "177": 95.41559492999349,
    "178": -178.48760006754998,
    "179": 12.076658968007827,
    "180": 57.6740381277133,
    "181": 34.750583055281325,
    "182": 93.77053722663186,
    "183": 93.80518311368776,
    "184": 121.11622097836596,
    "185": 62.53435424851625,
    "186": 76.63501044759806,
    "187": 84.78678425418556,
    "188": 88.79317643275962,
    "189": -12.819165169832065,
    "190": 85.34884310452136,
    "191": 39.485204672801544,
    "192": -16.650277306859955,
    "193": 56.14199335174865,
    "194": 55.90385912219806,
    "195": 65.50438050452699,
    "196": -19.178387566421346,
    "197": 106.81028976532869,
    "198": 24.99517515326902,
    "199": -70.28618030658534,
    "200": 15.303366484846912,
    "201": 81.85635397356859,
    "202": 52.25196111201459,
    "203": 51.55261863190778,
    "204": 87.02359966965456,
    "205": 69.94489706568858,
    "206": 102.6194952246202,
    "207": 17.203596929684114,
    "208": 104.55021315956655,
    "209": -29.632948638844955,
    "210": 86.40459661173008,
    "211": -18.189677651260595,
    "212": -42.59322186469116,
    "213": 44.50277451570295,
    "214": 90.71395530290322,
    "215": 83.60289853250565,
    "216": 42.85261401274711,
    "217": 106.61682661912437,
    "218": 30.115786512920913,
    "219": 66.35153004349453,
    "220": 92.74467578360071,
    "221": 36.64153183464336,
    "222": 76.72205592946054,
    "223": 87.52487197842653,
    "224": 60.79581549132003,
    "225": -6.428685780134297,
    "226": 98.83692356188186,
    "227": 43.91648467564762,
    "228": -8.524651638020844,
    "229": 127.8748451601362,
    "230": 66.0723626198156,
    "231": 56.13949089431538,
    "232": 71.88145155088333,
    "233": -148.54493772361064,
    "234": 70.06459223224273,
    "235": 54.816920911452016,
    "236": 85.7510519689689,
    "237": 93.67867940861214,
    "238": 78.04458986010684,
    "239": 93.72685834078024,
    "240": 98.78367792852457,
    "241": 65.85891749373636,
    "242": 65.8526238383664,
    "243": 84.6199432614685,
    "244": 76.69402229405434,
    "245": 83.54187447809562,
    "246": 89.30390240489379,
    "247": 75.12655712819377,
    "248": 54.553158267096364,
    "249": 77.84675152181293,
    "250": 69.8742875642392,
    "251": 107.59045904800294,
    "252": 123.89967088500077,
    "253": 85.86327475715925,
    "254": 106.92949004124704,
    "255": 66.4080348929348,
    "256": 29.989092429999754,
    "257": 88.377820367376,
    "258": 23.035737228641842,
    "259": 54.39819520970116,
    "260": 8.351075909527589,
    "261": 104.63689962812934,
    "262": 40.948345102437685,
    "263": 68.89418507825772,
    "264": 41.982830873049025,
    "265": 87.40403758047401,