{
    "1": 2.064814814814802,
    "2": 7.620370370370367,
    "3": -50.82407407407412,
    "4": 8.69444444444442,
    "5": 55.00925925925925,
    "6": 29.888888888888822,
    "7": 66.11111111111116,
    "8": 75.60185185185192,
    "9": 37.84259259259253,
    "10": 60.70370370370371,
    "11": 72.85185185185196,
    "12": 83.08333333333333,
    "13": 64.82407407407432,
    "14": 79.37962962962972,
    "15": 90.84259259259272,
    "16": 89.46296296296312,
    "17": 77.52777777777791,
    "18": 81.44444444444454,
    "19": 82.67592592592602,
    "20": 112.96296296296293,
    "21": 88.38888888888906,
    "22": 90.55555555555573,
    "23": 86.80555555555564,
    "24": 91.57407407407412,
    "25": 105.11111111111116,
    "26": 112.18518518518518,
    "27": 78.06481481481488,
    "28": 100.50000000000003,
    "29": 85.50000000000023,
    "30": 117.67592592592594,
    "31": 102.26851851851869,
    "32": 104.10185185185193,
    "33": 110.35185185185198,
    "34": 98.82407407407415,
    "35": 104.90740740740739,
    "36": 103.33333333333334,
    "37": 106.94444444444437,
    "38": 104.43518518518519,
    "39": 108.14814814814824,
    "40": 114.18518518518528,
    "41": 91.51851851851868,
    "42": 109.62962962962972,
    "43": 87.42592592592604,
    "44": 98.75925925925924,
    "45": 101.88888888888899,
    "46": 104.59259259259267,
    "47": 106.35185185185188,
    "48": 121.55555555555569,
    "49": 102.47222222222226,
    "50": 104.16666666666667,
    "51": 101.35185185185189,
    "52": 104.65740740740746,
    "53": 114.75925925925927,
    "54": 98.89814814814818,
    "55": 113.53703703703708,
    "56": 104.4166666666667,
    "57": 113.55555555555553,
    "58": 118.40740740740745,
    "59": 103.0740740740741,
    "60": 117.30555555555554,
    "61": 87.24074074074097,
    "62": 104.98148148148145,
    "63": 108.47222222222229,
    "64": 104.01851851851863,
    "65": 101.51851851851856,
    "66": 107.92592592592592,
    "67": 101.42592592592604,
    "68": 105.40740740740746,
    "69": 95.13888888888893,
    "70": 111.43518518518519,
    "71": 90.56481481481488,
    "72": 103.36111111111109,
    "73": 95.05555555555567,
    "74": 107.9907407407408,
    "75": 97.51851851851868,
    "76": 83.84259259259274,
    "77": 96.45370370370377,
    "78": 118.88888888888889,
    "79": 92.5555555555557,
    "80": 110.64814814814817,
    "81": 99.93518518518523,
    "82": 111.24074074074078,
    "83": 92.37037037037061,
    "84": 109.1666666666666,
    "85": 110.97222222222233,
    "86": 82.9444444444446,
    "87": 104.93518518518522,
    "88": 119.95370370370371,
    "89": 109.34259259259265,
    "90": 94.93518518518538,
    "91": 103.05555555555554,
    "92": 105.29629629629629,
    "93": 99.74999999999996,
    "94": 104.50000000000014,
    "95": 97.01851851851855,
    "96": 86.38888888888904,
    "97": 114.02777777777781,
    "98": 102.56481481481497,
    "99": 109.00925925925918,
    "100": 102.02777777777786,
    "101": 91.08333333333354,
    "102": 99.28703703703714,
    "103": 101.5000000000001,
    "104": 107.69444444444447,
    "105": 118.75925925925921,
    "106": 93.76851851851868,
    "107": 107.92592592592595,
    "108": 112.71296296296296,
    "109": 94.15740740740743,
    "110": 97.40740740740752,
    "111": 102.75000000000001,
    "112": 98.23148148148157,
    "113": 105.6944444444444,
    "114": 104.94444444444449,
    "115": 111.10185185185189,
    "116": 92.5277777777778,
    "117": 120.80555555555554,
    "118": 112.3055555555556,
    "119": 105.63888888888894,
    "120": 83.98148148148167,
    "121": 106.32407407407412,
    "122": 118.41666666666671,
    "123": 101.42592592592594,
    "124": 98.4722222222223,
    "125": 111.91666666666673,
    "126": 87.37037037037048,
    "127": 113.2407407407408,
    "128": 100.57407407407419,
    "129": 104.75925925925925,
    "130": 99.0833333333334,
    "131": 92.10185185185193,
    "132": 99.19444444444454,
    "133": 108.03703703703701,
    "134": 93.19444444444446,
    "135": 108.67592592592592,
    "136": 97.76851851851846,
    "137": 108.21296296296299,
    "138": 100.9166666666666,
    "139": 95.07407407407413,
    "140": 108.43518518518518,
    "141": 82.32407407407429,
    "142": 97.46296296296312,
    "143": 97.35185185185186,
    "144": 120.82407407407408,
    "145": 92.14814814814821,
    "146": 95.05555555555567,
    "147": 112.09259259259252,
    "148": 93.11111111111117,
    "149": 94.58333333333347,
    "150": 106.8796296296296,
    "151": 71.76851851851845,
    "152": 101.92592592592607,
    "153": 99.51851851851855,
    "154": 98.12962962962973,
    "155": 71.71296296296306,
    "156": 106.09259259259261,
    "157": 113.08333333333331,
    "158": 99.10185185185192,
    "159": 105.05555555555559,
    "160": 102.52777777777781,
    "161": 71.97222222222243,
    "162": 116.4907407407408,
    "163": 106.14814814814811,
    "164": 76.38888888888906,
    "165": 115.01851851851859,
    "166": 94.50000000000009,
    "167": 92.04629629629643,
    "168": 77.26851851851866,
    "169": 107.92592592592601,
    "170": 102.0277777777778,
    "171": 107.35185185185208,
    "172": 82.14814814814822,
    "173": 102.4259259259261,
    "174": 96.38888888888897,
    "175": 85.20370370370382,
    "176": 96.35185185185183,
    "177": 97.85185185185192,
    "178": 101.95370370370374,
    "179": 97.43518518518529,
    "180": 82.28703703703712,
    "181": 102.75925925925928,
    "182": 116.4074074074075,
    "183": 85.91666666666686,
    "184": 100.63888888888894,
    "185": 82.90740740740755,
    "186": 84.88888888888897,
    "187": 104.59259259259268,
    "188": 95.81481481481495,
    "189": 106.62037037037052,
    "190": 109.14814814814825,
    "191": 95.27777777777781,
    "192": 98.52777777777789,
    "193": 104.05555555555564,
    "194": 104.8425925925927,
    "195": 89.15740740740753,
    "196": 100.25000000000001,
    "197": 94.30555555555573,
    "198": 98.23148148148151,
    "199": 88.50000000000014,
    "200": 105.75925925925927,
    "201": 88.1481481481482,
    "202": 74.27777777777801,
    "203": 98.82407407407422,
    "204": 81.57407407407412,
    "205": 97.1111111111112,
    "206": 102.60185185185192,
    "207": 83.16666666666686,
    "208": 101.69444444444456,
    "209": 95.63888888888903,
    "210": 90.91666666666673,
    "211": 91.36111111111111,
    "212": 107.75,
    "213": 88.44444444444466,
    "214": 99.66666666666674,
    "215": 86.07407407407416,
    "216": 100.41666666666679,
    "217": 94.86111111111126,
    "218": 91.16666666666687,
    "219": 109.37037037037044,
    "220": 100.7500000000001,
    "221": 82.50000000000004
}