{
    "1": -253.51491474320997,
    "2": -100.8451306428642,
    "3": -146.88715705784665,
    "4": -303.9787506562551,
    "5": -777.30534159846,
    "6": -948.8996006474482,
    "7": -722.2621376169745,
    "8": -382.59618788406215,
    "9": -672.1172874952808,
    "10": -467.1139908410539,
    "11": -191.89229601724884,
    "12": -77.48914398744962,
    "13": -328.86801358949475,
    "14": -296.0493592926209,
    "15": -433.73979210796193,
    "16": -487.08307161528694,
    "17": -115.39077103224321,
    "18": -130.0146937481257,
    "19": -264.73683799305087,
    "20": -199.3006149623049,
    "21": -102.14294494746441,
    "22": -294.7939724984044,
    "23": -161.77976361701496,
    "24": -290.98097627007905,
    "25": -343.6497175889354,
    "26": -379.23876023177735,
    "27": -377.92522841896533,
    "28": -314.0868412565096,
    "29": -462.6415856555897,
    "30": -76.73637483138774,
    "31": -321.8588761758484,
    "32": -69.82015056420674,
    "33": -63.54450861648151,
    "34": -245.05818815248904,
    "35": -377.13941879335505,
    "36": -269.69984611255995,
    "37": -118.17544346724688,
    "38": -108.25988249884443,
    "39": -114.34829178210589,
    "40": -264.4775388659383,
    "41": 1.622653003910699,
    "42": -86.61638672966122,
    "43": -212.73444508478255,
    "44": -189.36583619932384,
    "45": -148.61212794434783,
    "46": -185.0031720090317,
    "47": -444.4225915270054,
    "48": -137.38664774231782,
    "49": -211.84348669600195,
    "50": -245.9124816131387,
    "51": -219.8141394066568,
    "52": -151.13271963219233,
    "53": -139.61100938744931,
    "54": -135.96668042023532,
    "55": -381.28198936197293,
    "56": -313.9941651333112,
    "57": -792.8838378698146,
    "58": -282.1171542627438,
    "59": -152.47646167187048,
    "60": -116.92953448931593,
    "61": -355.8987587195221,
    "62": -105.8604086746066,
    "63": -96.77780724484907,
    "64": -317.9909407935463,
    "65": -396.5613609710503,
    "66": -86.7391103551329,
    "67": -189.42019563608517,
    "68": -453.05202676794636,
    "69": -451.05272666521154,
    "70": -326.4943958591908,
    "71": -415.1070521435838,
    "72": -128.57892587002704,
    "73": -248.7489668771343,
    "74": -371.3489831422474,
    "75": -128.0826427022879,
    "76": -419.594723570107,
    "77": -141.51895924952836,
    "78": -96.05471726200946,
    "79": -308.0259792654571,
    "80": -280.66915071847507,
    "81": -567.9981549619652,
    "82": -153.7606974292034,
    "83": -387.18676989238685,
    "84": -91.4157295955082,
    "85": -245.6341240827313,
    "86": -318.2294182631796,
    "87": -394.56810778035293,
    "88": -258.3365499333688,
    "89": -280.7892917366747,
    "90": -286.8123671091726,
    "91": -414.1632599157998,
    "92": -348.460768676182,
    "93": -118.79480898457949,
    "94": -320.2800618937634,
    "95": -107.4361489060446,
    "96": -181.44725802880797,
    "97": -201.57059895528872,
    "98": -315.81961447875256,
    "99": -372.6422105649576,
    "100": -496.4973127614664,
    "101": -333.536216061344,
    "102": -395.3397526737729,
    "103": -163.12716285999835,
    "104": -546.8458548273823,
    "105": -137.02851332075141,
    "106": -217.20134513063533,
    "107": -249.18518521325464,
    "108": -356.97564782361917,
    "109": -291.44363459738497,
    "110": -144.88853025914176,
    "111": -189.2959996250512,
    "112": -294.2268899652156,
    "113": -281.94584661315287,
    "114": -240.15677558731628,
    "115": -353.0947075174876,
    "116": -494.2331895479044,
    "117": -171.51255330831592,
    "118": -111.50353266615194,
    "119": -154.6031032213364,
    "120": -150.8753727348691,
    "121": -320.66721975503015,
    "122": -223.41083049056684,
    "123": -389.3403476745782,
    "124": -67.61837927991769,
    "125": -147.5697901303419,
    "126": -170.90360439011772,
    "127": -378.8027045036752,
    "128": -239.4187621876573,
    "129": -154.70891762508484,
    "130": -190.28390932337615,
    "131": -179.8481213269314,
    "132": -159.5054619157723,
    "133": -87.06318399936711,
    "134": -109.40555566267338,
    "135": -102.3482964632307,
    "136": -77.18562444132387,
    "137": -145.49161399990732,
    "138": -107.39631948446991,
    "139": -158.7949171178064,
    "140": -90.93670464692876,
    "141": -130.7229979503878,
    "142": -130.85007411853886,
    "143": -90.76745024272951,
    "144": -112.53474901214362,
    "145": -48.728884044190764,
    "146": -145.50852559008098,
    "147": -161.77784338083433,
    "148": -129.0663563289905,
    "149": -255.407003057041,
    "150": -294.67142110578993,
    "151": -154.5976100439242,
    "152": -335.7644159276333,
    "153": -155.5406558607673,
    "154": -256.93413127215763,
    "155": -130.89429413024715,
    "156": -192.75971973875073,
    "157": -367.6312889623675,
    "158": -105.38409999772153,
    "159": -92.78568567025606,
    "160": -142.51964680884987,
    "161": -119.18163249698355,
    "162": -112.86109130116583,
    "163": -151.70927704102166,
    "164": -58.26477340052156,
    "165": -257.6829702779494,
    "166": -151.302721404104,
    "167": -109.29965925998646,
    "168": -92.31207175801296,
    "169": -113.48305307939694,
    "170": -130.849933809598,
    "171": -143.99300664420701,
    "172": -123.81785922071704,
    "173": -133.28079726136596,
    "174": -139.0284743797232,
    "175": -119.62875254210309,
    "176": -162.72535806748846,
    "177": -161.03690312674266,
    "178": -174.97016593332597,
    "179": -129.83641134355736,
    "180": -156.67971684500117,
    "181": -149.04341708735308,
    "182": -205.81387909534246,
    "183": -229.8716247481609,
    "184": -71.48396452998387,
    "185": -70.90160781677525,
    "186": -170.4078563870412,
    "187": -138.60887010216817,
    "188": -142.0550433235426,
    "189": -131.5478559936419,
    "190": -102.43409317277741,
    "191": -78.23216767600381,
    "192": -135.6393602760842,
    "193": -133.6895871818092,
    "194": -144.42662864025692,
    "195": -169.4016174047118,
    "196": -133.02703658963185,
    "197": -122.69209169658168,
    "198": -152.43245976208493,
    "199": -48.22654860728424,
    "200": -297.4706930426128
}