{
    "1": -59.8564814814814,
    "2": -171.32407407407422,
    "3": -59.00925925925911,
    "4": -136.2546296296295,
    "5": -124.18518518518499,
    "6": -40.398148148147996,
    "7": -53.08333333333326,
    "8": -15.861111111111104,
    "9": -18.12499999999999,
    "10": 20.652777777777818,
    "11": 25.662037037037052,
    "12": -30.106481481481474,
    "13": 15.777777777777834,
    "14": -21.569444444444407,
    "15": 3.8564814814815094,
    "16": 45.75462962962963,
    "17": 9.870370370370386,
    "18": 29.652777777777814,
    "19": 17.9212962962963,
    "20": 54.73148148148151,
    "21": 0.8009259259259434,
    "22": 25.73148148148152,
    "23": 25.685185185185187,
    "24": 5.699074074074131,
    "25": 32.53703703703705,
    "26": 38.708333333333364,
    "27": 51.86111111111113,
    "28": 59.763888888888886,
    "29": 47.12037037037035,
    "30": 63.9583333333333,
    "31": 57.17592592592597,
    "32": 40.060185185185226,
    "33": 41.71759259259261,
    "34": 24.24537037037039,
    "35": 21.46296296296304,
    "36": 34.62500000000004,
    "37": 40.15740740740743,
    "38": 34.22685185185184,
    "39": 42.93981481481483,
    "40": 51.125000000000064,
    "41": 51.1805555555556,
    "42": 48.92129629629632,
    "43": 45.19907407407414,
    "44": 55.79629629629635,
    "45": 46.16203703703706,
    "46": 18.56018518518522,
    "47": 28.111111111111125,
    "48": 36.39814814814818,
    "49": 64.61574074074082,
    "50": 25.981481481481513,
    "51": 16.38888888888891,
    "52": 39.652777777777864,
    "53": 41.11111111111117,
    "54": 49.8796296296297,
    "55": 28.189814814814888,
    "56": 30.106481481481474,
    "57": 29.61574074074079,
    "58": 49.49537037037035,
    "59": 32.74074074074074,
    "60": 45.62500000000002,
    "61": 11.77314814814819,
    "62": 53.050925925925945,
    "63": 56.25925925925924,
    "64": 10.550925925925966,
    "65": 46.23611111111116,
    "66": 23.1944444444445,
    "67": 53.15277777777781,
    "68": 33.2777777777778,
    "69": 15.962962962962997,
    "70": 21.65740740740746,
    "71": 20.504629629629644,
    "72": 21.67129629629634,
    "73": 54.95370370370374,
    "74": 43.98611111111113,
    "75": 51.96759259259258,
    "76": 16.490740740740762,
    "77": 42.77314814814821,
    "78": 28.847222222222218,
    "79": 50.73611111111113,
    "80": 32.8518518518519,
    "81": 38.91666666666668,
    "82": 35.16203703703705,
    "83": 36.40277777777786,
    "84": 41.032407407407426,
    "85": 33.51388888888893,
    "86": 26.995370370370388,
    "87": 16.129629629629697,
    "88": 57.87962962962966,
    "89": 45.490740740740776,
    "90": 20.282407407407433,
    "91": 10.43518518518521,
    "92": 38.64814814814819,
    "93": 36.189814814814824,
    "94": 37.65277777777781,
    "95": 36.63888888888899,
    "96": 15.777777777777844,
    "97": 46.20370370370371,
    "98": 54.98148148148149,
    "99": 37.19907407407409,
    "100": 50.10185185185186,
    "101": 20.84722222222227,
    "102": 35.037037037037074,
    "103": 39.93055555555557,
    "104": 44.50925925925926,
    "105": 32.55092592592597,
    "106": 21.70833333333337,
    "107": 41.97222222222227,
    "108": 45.9490740740741,
    "109": 24.60185185185187,
    "110": 17.439814814814845,
    "111": 16.736111111111118,
    "112": 34.143518518518604,
    "113": 36.185185185185176,
    "114": 55.45370370370372,
    "115": 31.347222222222264,
    "116": 19.824074074074083,
    "117": 58.981481481481524,
    "118": 39.953703703703766,
    "119": 32.88425925925926,
    "120": 3.18518518518519,
    "121": 25.944444444444528,
    "122": 54.18981481481485,
    "123": 31.763888888888907,
    "124": 35.50925925925929,
    "125": 34.00462962962967,
    "126": 19.79629629629632,
    "127": 21.70833333333335,
    "128": 26.91666666666671,
    "129": 25.027777777777796,
    "130": 26.453703703703734,
    "131": 15.879629629629685,
    "132": 49.00462962962965,
    "133": 5.648148148148129,
    "134": 6.532407407407448,
    "135": 40.84259259259269,
    "136": 29.120370370370367,
    "137": 46.722222222222264,
    "138": 38.4074074074075,
    "139": 36.04166666666674,
    "140": 16.277777777777793,
    "141": 45.97222222222229,
    "142": 19.546296296296333,
    "143": 41.30092592592594,
    "144": 33.86574074074076,
    "145": 25.513888888888935,
    "146": 23.962962962963033,
    "147": 37.34259259259261,
    "148": 14.472222222222257,
    "149": 44.166666666666714,
    "150": 13.342592592592634,
    "151": 26.87962962962972,
    "152": 53.11574074074078,
    "153": 29.28703703703708,
    "154": 39.157407407407426,
    "155": 10.180555555555598,
    "156": 28.10648148148154,
    "157": 24.64351851851857,
    "158": -20.189814814814785,
    "159": 43.09722222222224,
    "160": 9.898148148148165,
    "161": 29.833333333333364,
    "162": 16.092592592592645,
    "163": 32.84259259259264,
    "164": 4.444444444444452,
    "165": -1.1759259259259194,
    "166": 31.319444444444464,
    "167": 7.986111111111114,
    "168": -36.45833333333325,
    "169": 27.71759259259261,
    "170": -23.541666666666632,
    "171": -20.277777777777757,
    "172": -13.98148148148147,
    "173": -0.37499999999998757,
    "174": 0.09722222222222898,
    "175": 0.15740740740742254,
    "176": -13.166666666666664,
    "177": -29.689814814814774,
    "178": -17.624999999999993,
    "179": -1.7916666666666812,
    "180": -16.7546296296296,
    "181": -11.990740740740703,
    "182": 11.134259259259263,
    "183": 17.513888888888935,
    "184": 16.365740740740748,
    "185": -34.68518518518513,
    "186": -7.898148148148122,
    "187": -26.680555555555532,
    "188": 5.42592592592597,
    "189": -15.087962962962926,
    "190": -122.26388888888886,
    "191": -60.20833333333326,
    "192": -39.39351851851847,
    "193": -183.66666666666686,
    "194": -172.22685185185176,
    "195": -73.14351851851848,
    "196": -67.00462962962948,
    "197": -134.07870370370367,
    "198": -78.64351851851838,
    "199": -113.5509259259259,
    "200": -170.24537037037038,
    "201": -115.5416666666665,
    "202": -93.90277777777769,
    "203": -197.20833333333343,
    "204": -109.2268518518516,
    "205": -68.83796296296293,
    "206": -124.78240740740733,
    "207": -78.49074074074066,
    "208": -0.9074074074073959,
    "209": -136.26388888888874,
    "210": -9.615740740740739,
    "211": -1.8518518518518174,
    "212": -23.759259259259238,
    "213": -19.41666666666666,
    "214": -48.99999999999994,
    "215": -28.884259259259245,
    "216": -2.1944444444444215,
    "217": 29.57407407407412,
    "218": -39.9259259259259,
    "219": -65.95370370370365,
    "220": -67.62037037037028,
    "221": -19.541666666666625
}