{
    "1": -100.19634900873774,
    "2": -174.52315753089547,
    "3": -182.29410469566352,
    "4": -130.6665461661707,
    "5": 224.43141756639983,
    "6": -121.28943542869627,
    "7": -70.68867773855095,
    "8": -80.8489328074236,
    "9": -424.4871136314696,
    "10": -161.211042532082,
    "11": -400.6595679765053,
    "12": 225.17422046666024,
    "13": -382.0816416033108,
    "14": -343.18155449756415,
    "15": -87.6068817514192,
    "16": -411.7261927704643,
    "17": -544.2137123847878,
    "18": -489.3321936983829,
    "19": -210.8524317116421,
    "20": -291.71697591268946,
    "21": -309.6426300915813,
    "22": -267.3279239382028,
    "23": -227.4184137288663,
    "24": -186.64626569433665,
    "25": -192.73817889717907,
    "26": -36.82538200011581,
    "27": -161.32665010839753,
    "28": -548.7229250273474,
    "29": -38.514335198666004,
    "30": -26.643885807439403,
    "31": -188.19172182917416,
    "32": -295.81068432168047,
    "33": -331.07498200718055,
    "34": -133.28586780334314,
    "35": -412.2208825882295,
    "36": 250.9141768888247,
    "37": -159.00879467001792,
    "38": -112.86821612661264,
    "39": -423.26948707209954,
    "40": -412.82803671908965,
    "41": 33.222446616836976,
    "42": -99.26828013914886,
    "43": -313.47850398286624,
    "44": -256.8058855730801,
    "45": -125.9393538441023,
    "46": -147.7825119013046,
    "47": -137.4563613702931,
    "48": -87.18052577518783,
    "49": -267.2848757005335,
    "50": -496.15214458439675,
    "51": -220.72127197129245,
    "52": -178.01143244875175,
    "53": -133.41377242323873,
    "54": -247.92856259018015,
    "55": -109.85203587831067,
    "56": -501.00468537340214,
    "57": -161.44388708294326,
    "58": -407.31696655114314,
    "59": -229.09217461153614,
    "60": -10.997147971896453,
    "61": -21.373770613484922,
    "62": -386.34968853679135,
    "63": -222.269834045479,
    "64": 200.47856514983138,
    "65": -86.5949710839578,
    "66": -269.7705694201338,
    "67": -206.66347684988642,
    "68": -69.40542664795726,
    "69": -479.5804294201803,
    "70": -172.53776747381156,
    "71": -29.287822986327583,
    "72": -482.6007256016557,
    "73": -158.65760756606994,
    "74": -248.9884312759567,
    "75": -302.18780855980435,
    "76": -21.67445262962319,
    "77": -476.6499117895763,
    "78": -386.31189712532586,
    "79": 18.306733647152015,
    "80": 69.88986615924267,
    "81": -31.012889857455008,
    "82": -195.90426457293353,
    "83": -247.8387398371321,
    "84": -54.22295063973478,
    "85": -15.2433131295806,
    "86": -287.96958731899474,
    "87": -256.61829256756835,
    "88": -338.4534024983322,
    "89": -61.863159795430214,
    "90": -125.68976338809767,
    "91": -75.27159423243081,
    "92": -174.90288670671492,
    "93": -600.6895367926311,
    "94": -203.81637128718683,
    "95": -152.0781195368553,
    "96": -312.5174018146298,
    "97": -57.88189065977182,
    "98": -191.00469866223665,
    "99": -536.1540793336005,
    "100": -71.08604989368601,
    "101": -243.73369956347142,
    "102": -59.141441736772464,
    "103": -35.507520809505664,
    "104": -3.556279898118163,
    "105": -175.84948216095069,
    "106": -355.23980726735505,
    "107": -293.4594491797558,
    "108": -19.528264875436022,
    "109": -291.1007409220339,
    "110": -57.0338219653412,
    "111": -247.3914096307927,
    "112": -182.96271191216744,
    "113": -90.8167458211241,
    "114": -185.06705581461415,
    "115": -233.5785482337964,
    "116": -223.5290099982874,
    "117": -299.6252759428802,
    "118": -99.35052480687139,
    "119": -329.45478632323693,
    "120": -349.5257427634966,
    "121": -160.5064446538421,
    "122": -129.43409845576144,
    "123": -246.86542107601795,
    "124": -89.10754667678175,
    "125": -159.3000743325917,
    "126": -109.71616000632122,
    "127": -266.3532152538439,
    "128": -278.891951601566,
    "129": -5.912046596178371,
    "130": -283.4948563082227,
    "131": 69.55507247465351,
    "132": -88.30796582853176,
    "133": -207.90400220764604,
    "134": -272.8230242761217,
    "135": -308.0231879777165,
    "136": -267.1951594980336,
    "137": -138.50434371925815,
    "138": -453.9896528570318,
    "139": -232.34074267045344,
    "140": -1034.7177410067006,
    "141": -406.5809153766905,
    "142": -561.4526048090815,
    "143": -272.33979121084616,
    "144": -622.2318565823012,
    "145": -300.4741395100501,
    "146": -423.93163450718754,
    "147": -435.7700412519364,
    "148": -778.3038023567825,
    "149": -11.619945313532867,
    "150": -50.34104175503451,
    "151": -613.3570253245975,
    "152": -244.32805190621613,
    "153": -10.430198871089061,
    "154": -500.2299256471663,
    "155": -518.2965398182163,
    "156": -447.2155034061139,
    "157": -552.7377691264167,
    "158": -362.78031869420045,
    "159": -511.2436061579063,
    "160": -717.4595351159762,
    "161": -30.234231182561885,
    "162": -343.4202547209311,
    "163": -503.9887172458523,
    "164": -304.37280783729074,
    "165": -468.800119736307,
    "166": -67.90835948531527,
    "167": -268.6358520878006,
    "168": -415.6062674719049,
    "169": -467.0138419963071,
    "170": -458.6333114345641,
    "171": -258.01351082482796,
    "172": -398.0699298006796,
    "173": -73.52700503673991,
    "174": -415.3881111710483,
    "175": -272.68300738425984,
    "176": -220.6886193469345,
    "177": 15.705586401995802,
    "178": -110.56445673032871,
    "179": -192.5817576757617,
    "180": -489.7960893896003,
    "181": -219.65341022789755,
    "182": -19.972660917867856,
    "183": -476.6395286556372,
    "184": -390.761541488513,
    "185": -283.2475848031792,
    "186": -838.6399495832994,
    "187": -517.4980937124017,
    "188": -508.75844844700646,
    "189": 7.172193731761794,
    "190": -28.960536171015377,
    "191": -415.1855445578843,
    "192": -236.57566085828645,
    "193": -101.60572541775619,
    "194": -320.84737931174305,
    "195": -141.64154460712595,
    "196": -214.62034866846193,
    "197": -320.37235889352,
    "198": -17.990228332752267,
    "199": -59.10950771049848,
    "200": -991.0071732715592
}