{
    "1": -319.4814814814824,
    "2": -94.32407407407399,
    "3": 30.624999999999982,
    "4": 16.504629629629655,
    "5": 36.07407407407413,
    "6": 28.069444444444457,
    "7": 26.763888888888903,
    "8": 34.740740740740755,
    "9": 35.648148148148195,
    "10": -2.4074074074073977,
    "11": 22.574074074074105,
    "12": -0.27314814814813193,
    "13": 24.671296296296344,
    "14": 40.50462962962965,
    "15": 10.805555555555562,
    "16": -11.40740740740737,
    "17": -114.4166666666665,
    "18": -2.9027777777777573,
    "19": -102.26388888888873,
    "20": -102.32407407407399,
    "21": 0.8194444444444593,
    "22": -55.63425925925917,
    "23": -52.328703703703624,
    "24": -147.39351851851853,
    "25": -22.828703703703663,
    "26": -129.42129629629628,
    "27": -83.01851851851839,
    "28": -92.53240740740725,
    "29": -194.05555555555554,
    "30": -91.46296296296288,
    "31": -58.916666666666615,
    "32": -80.70370370370355,
    "33": -49.833333333333286,
    "34": -46.47685185185181,
    "35": -32.57870370370359,
    "36": -21.351851851851816,
    "37": -168.40740740740762,
    "38": -118.34722222222209,
    "39": -146.39814814814807,
    "40": -101.59722222222209,
    "41": -37.2916666666666,
    "42": -123.55092592592584,
    "43": -45.88425925925912,
    "44": -121.86574074074059,
    "45": -42.416666666666714,
    "46": -84.46759259259247,
    "47": -84.7453703703703,
    "48": -105.7870370370368,
    "49": -99.00462962962955,
    "50": -994.2916666666667
}