{
    "1": 67.38703703703703,
    "2": 114.05370370370359,
    "3": 114.24814814814786,
    "4": 109.07222222222202,
    "5": 113.53888888888869,
    "6": 110.33148148148139,
    "7": 113.89629629629606,
    "8": 104.94999999999997,
    "9": 109.94814814814792,
    "10": 112.4259259259256,
    "11": 111.03703703703691,
    "12": 111.62777777777772,
    "13": 111.03703703703685,
    "14": 114.97777777777746,
    "15": 111.9833333333332,
    "16": 114.31111111111088,
    "17": 111.82037037037013,
    "18": 108.8796296296294,
    "19": 111.89444444444425,
    "20": 104.44259259259238,
    "21": 110.57407407407382,
    "22": 111.28333333333316,
    "23": 110.19629629629618,
    "24": 108.79999999999978,
    "25": 111.51851851851823,
    "26": 108.05740740740714,
    "27": 110.6777777777776,
    "28": 111.0611111111108,
    "29": 111.7148148148147,
    "30": 115.96666666666648,
    "31": 109.92592592592572,
    "32": 110.6462962962962,
    "33": 112.40555555555545,
    "34": 111.1574074074072,
    "35": 107.04814814814809,
    "36": 113.55185185185165,
    "37": 107.32777777777764,
    "38": 114.50555555555532,
    "39": 111.82777777777758,
    "40": 107.26666666666654,
    "41": 108.47592592592582,
    "42": 109.47962962962954,
    "43": 107.62962962962958,
    "44": 113.73888888888877,
    "45": 114.272222222222,
    "46": 113.37962962962939,
    "47": 111.53333333333315,
    "48": 113.59999999999981,
    "49": 109.54074074074052,
    "50": 113.88148148148125,
    "51": 112.35555555555536,
    "52": 112.24814814814796,
    "53": 110.53148148148135,
    "54": 110.88148148148125,
    "55": 110.06666666666662,
    "56": 110.06481481481462,
    "57": 106.42037037037005,
    "58": 111.70185185185173,
    "59": 107.04814814814809,
    "60": 111.83333333333326,
    "61": 111.74444444444431,
    "62": 111.06481481481468,
    "63": 110.91111111111086,
    "64": 109.12777777777758,
    "65": 109.38703703703688,
    "66": 109.44814814814794,
    "67": 113.40185185185165,
    "68": 109.05370370370353,
    "69": 108.93333333333325,
    "70": 111.25185185185168,
    "71": 103.60555555555553,
    "72": 111.44999999999985,
    "73": 111.06111111111105,
    "74": 111.22037037037015,
    "75": 109.11851851851851,
    "76": 111.74629629629621,
    "77": 110.08888888888873,
    "78": 109.23518518518507,
    "79": 113.11481481481464,
    "80": 108.02222222222201,
    "81": 107.83333333333331
}