{
    "1": -324.5000000000003,
    "2": 113.04629629629639,
    "3": 93.75000000000009,
    "4": 116.40740740740748,
    "5": 95.04629629629639,
    "6": 99.88888888888897,
    "7": 94.62962962962972,
    "8": 104.03703703703715,
    "9": 97.46296296296298,
    "10": 109.45370370370385,
    "11": 102.38888888888894,
    "12": 109.50000000000006,
    "13": 91.91666666666673,
    "14": 87.06481481481495,
    "15": 100.58333333333337,
    "16": 97.85185185185198,
    "17": 79.1574074074076,
    "18": 87.74074074074088,
    "19": 82.31481481481497,
    "20": 106.4629629629631,
    "21": 84.6296296296298,
    "22": 108.4074074074074,
    "23": 90.25000000000011,
    "24": 116.98148148148155,
    "25": 90.04629629629638,
    "26": 97.01851851851866,
    "27": 103.09259259259252,
    "28": 110.42592592592597,
    "29": 107.55555555555557,
    "30": 115.32407407407418,
    "31": 95.01851851851859,
    "32": 99.84259259259261,
    "33": 95.33333333333346,
    "34": 105.82407407407402,
    "35": 86.9444444444444,
    "36": 105.33333333333336,
    "37": 88.03703703703705,
    "38": 97.7870370370371,
    "39": 87.77777777777776,
    "40": 105.12962962962963,
    "41": -42.69444444444446,
    "42": 90.88888888888897,
    "43": 100.81481481481492,
    "44": 89.00000000000003,
    "45": 9.333333333333428,
    "46": -12.722222222222264,
    "47": 9.416666666666641,
    "48": 33.907407407407554,
    "49": 30.898148148148188,
    "50": 17.555555555555607,
    "51": 91.05555555555573,
    "52": 10.740740740740788,
    "53": -26.981481481481502,
    "54": 30.51851851851857,
    "55": 93.99074074074089,
    "56": -16.111111111110986,
    "57": 97.60185185185188,
    "58": 9.638888888888987,
    "59": 40.009259259259316,
    "60": 38.22222222222225,
    "61": 93.564814814815,
    "62": 102.06481481481484,
    "63": 39.796296296296276,
    "64": 41.33333333333329,
    "65": -9.666666666666593,
    "66": 37.055555555555635,
    "67": 18.416666666666693,
    "68": 96.01851851851865,
    "69": 101.17592592592597,
    "70": 84.814814814815,
    "71": 91.50925925925932,
    "72": 108.8425925925926,
    "73": 94.82407407407416,
    "74": 84.04629629629642,
    "75": 77.69444444444453,
    "76": 50.00000000000011,
    "77": 78.61111111111119,
    "78": 62.055555555555685,
    "79": 54.75925925925919,
    "80": 39.694444444444585,
    "81": 68.86111111111124,
    "82": 42.537037037036924,
    "83": 52.14814814814818,
    "84": 40.148148148148124,
    "85": 10.29629629629627,
    "86": 33.3703703703702,
    "87": 93.38888888888893,
    "88": 51.620370370370466,
    "89": 38.527777777777814,
    "90": 29.518518518518604,
    "91": 11.814814814814804,
    "92": 60.638888888889,
    "93": -2.4814814814815165,
    "94": 31.43518518518504,
    "95": 67.32407407407426,
    "96": 17.574074074073977,
    "97": 45.21296296296302,
    "98": 28.824074074074097,
    "99": 57.34259259259267,
    "100": 51.111111111111164,
    "101": 58.21296296296315,
    "102": 31.44444444444442,
    "103": 51.000000000000064,
    "104": -29.148148148148202,
    "105": 22.749999999999858,
    "106": -13.1574074074075,
    "107": 31.712962962962905,
    "108": 44.33333333333321,
    "109": 57.0648148148147,
    "110": -16.277777777777846,
    "111": -22.537037037037162,
    "112": 35.0277777777776,
    "113": 25.58333333333323,
    "114": 3.2407407407406135,
    "115": 38.37037037037037,
    "116": -20.90740740740748,
    "117": 50.50000000000003,
    "118": 34.15740740740728,
    "119": 22.916666666666575,
    "120": -5.212962962962997,
    "121": 15.222222222222136,
    "122": -315.3703703703702,
    "123": -24.74074074074088,
    "124": 20.23148148148133,
    "125": 32.84259259259254,
    "126": -133.78703703703695,
    "127": 18.009259259259224,
    "128": 8.870370370370235,
    "129": 22.04629629629623,
    "130": 31.046296296296283,
    "131": 13.212962962962903,
    "132": 19.92592592592578,
    "133": -33.490740740740854,
    "134": -58.08333333333344,
    "135": -141.43518518518508,
    "136": -17.083333333333368,
    "137": 25.749999999999922,
    "138": 45.36111111111102,
    "139": 12.95370370370365,
    "140": 35.9444444444444,
    "141": -70.2685185185186,
    "142": 23.324074074073998,
    "143": -22.25925925925934
}