{
    "1": -0.7407407407408173,
    "2": 91.1018518518519,
    "3": 26.120370370370367,
    "4": 48.648148148148344,
    "5": 78.11111111111119,
    "6": 95.07407407407422,
    "7": 93.2685185185186,
    "8": 95.31481481481487,
    "9": 97.46296296296298,
    "10": 93.43518518518535,
    "11": 96.70370370370368,
    "12": 86.56481481481501,
    "13": 87.57407407407412,
    "14": 79.37037037037054,
    "15": 97.76851851851859,
    "16": 108.98148148148148,
    "17": 95.69444444444457,
    "18": 91.89814814814822,
    "19": 115.6018518518519,
    "20": 95.80555555555563,
    "21": 112.32407407407403,
    "22": 99.44444444444444,
    "23": 83.12037037037052,
    "24": 84.02777777777793,
    "25": 99.63888888888896,
    "26": 102.8333333333333,
    "27": 106.2222222222222,
    "28": 27.31481481481495,
    "29": 77.24074074074083,
    "30": 78.57407407407432,
    "31": 104.14814814814811,
    "32": 82.38888888888893,
    "33": -2.8796296296295036,
    "34": 47.52777777777764,
    "35": 79.89814814814825,
    "36": 53.96296296296308,
    "37": -13.777777777777878,
    "38": 21.879629629629513,
    "39": 59.583333333333485,
    "40": 37.499999999999936,
    "41": 11.601851851851794,
    "42": 11.962962962963175,
    "43": -167.05555555555532,
    "44": 34.546296296296184,
    "45": 38.00925925925933,
    "46": 31.37037037037026,
    "47": 49.20370370370384,
    "48": 20.65740740740727,
    "49": 21.462962962962948,
    "50": 39.388888888888786,
    "51": 38.82407407407395,
    "52": 69.86111111111123,
    "53": 65.50000000000014,
    "54": 67.51851851851855,
    "55": 100.14814814814818,
    "56": 59.88888888888878,
    "57": 22.046296296296262,
    "58": 52.055555555555706,
    "59": 12.361111111111057,
    "60": 8.981481481481401,
    "61": 47.629629629629484,
    "62": -2.6296296296297728,
    "63": 74.68518518518528,
    "64": 55.240740740740826,
    "65": 64.87037037037025,
    "66": 42.21296296296284,
    "67": 42.44444444444451,
    "68": 50.01851851851854,
    "69": 35.23148148148141,
    "70": 11.712962962962822,
    "71": 9.63888888888881,
    "72": 33.24999999999987,
    "73": 38.879629629629584,
    "74": -19.361111111111203,
    "75": 12.879629629629598
}