{
    "1": -35.11111111111111,
    "2": -1.3333333333333321,
    "3": 0.6666666666666661,
    "4": -64.49999999999994,
    "5": -4.388888888888886,
    "6": -72.72222222222221,
    "7": -14.944444444444429,
    "8": -10.166666666666657,
    "9": 15.111111111111121,
    "10": -76.83333333333326,
    "11": 10.666666666666666,
    "12": -25.722222222222214,
    "13": 22.27777777777782,
    "14": -7.333333333333341,
    "15": 13.111111111111155,
    "16": 4.94444444444451,
    "17": -6.833333333333307,
    "18": -0.5555555555555332,
    "19": -24.111111111111075,
    "20": -0.499999999999984,
    "21": 37.00000000000012,
    "22": -9.555555555555557,
    "23": -34.22222222222219,
    "24": -32.05555555555552,
    "25": 12.944444444444478,
    "26": -18.33333333333332,
    "27": 16.66666666666667,
    "28": -20.555555555555546,
    "29": -38.944444444444315,
    "30": 13.27777777777782,
    "31": -23.277777777777754,
    "32": 28.277777777777835,
    "33": 13.388888888888898,
    "34": 39.944444444444585,
    "35": 6.5555555555556255,
    "36": 26.33333333333339,
    "37": 17.444444444444485,
    "38": -6.444444444444414,
    "39": 26.0555555555556,
    "40": -20.888888888888893,
    "41": -15.499999999999986,
    "42": 6.6666666666666785,
    "43": 27.50000000000005,
    "44": -24.499999999999986,
    "45": 4.888888888888918,
    "46": -22.499999999999943,
    "47": -4.499999999999995,
    "48": -10.833333333333336,
    "49": 10.22222222222226,
    "50": 4.333333333333348,
    "51": -0.8333333333333126,
    "52": 37.77777777777785,
    "53": 6.444444444444471,
    "54": 2.4999999999999964,
    "55": -6.999999999999954,
    "56": 7.88888888888889,
    "57": 27.722222222222335,
    "58": -8.277777777777736,
    "59": -13.055555555555557,
    "60": 29.222222222222314,
    "61": -23.333333333333336,
    "62": -11.222222222222204,
    "63": 13.333333333333364,
    "64": 8.666666666666668,
    "65": 15.222222222222278,
    "66": 15.833333333333332,
    "67": 23.72222222222234,
    "68": 8.166666666666677,
    "69": 43.111111111111136,
    "70": 18.055555555555614,
    "71": 28.888888888888914,
    "72": 8.61111111111113,
    "73": 5.5,
    "74": 9.666666666666723,
    "75": 12.333333333333357,
    "76": 54.16666666666681,
    "77": 31.6111111111112,
    "78": 30.722222222222285,
    "79": 37.94444444444455,
    "80": 29.66666666666672,
    "81": 3.5000000000000075,
    "82": 11.055555555555571,
    "83": 15.111111111111168,
    "84": 21.44444444444452,
    "85": 26.055555555555657,
    "86": 16.55555555555558,
    "87": 33.27777777777785,
    "88": 10.388888888888928,
    "89": 19.50000000000003,
    "90": 5.111111111111137,
    "91": 22.444444444444585,
    "92": 26.777777777777814,
    "93": 22.2777777777778,
    "94": 15.777777777777834,
    "95": 27.611111111111185,
    "96": 45.055555555555664,
    "97": 49.000000000000085,
    "98": 32.055555555555586,
    "99": 17.333333333333343,
    "100": 23.833333333333428,
    "101": 8.888888888888893,
    "102": 37.555555555555664,
    "103": 2.833333333333327,
    "104": 60.000000000000156,
    "105": 2.0000000000000053,
    "106": 35.388888888888964,
    "107": 22.6666666666668,
    "108": 14.94444444444463,
    "109": 31.222222222222257,
    "110": 22.9444444444445,
    "111": 23.944444444444464,
    "112": 37.11111111111133,
    "113": 37.83333333333344,
    "114": 6.05555555555556,
    "115": 22.83333333333337,
    "116": 65.77777777777786,
    "117": 2.2222222222222783,
    "118": 24.38888888888907,
    "119": 28.944444444444485,
    "120": 46.38888888888901,
    "121": 17.05555555555558,
    "122": 9.888888888888932,
    "123": 23.33333333333337,
    "124": 38.38888888888896,
    "125": 20.444444444444542,
    "126": 24.38888888888895,
    "127": 47.66666666666672,
    "128": 59.72222222222217,
    "129": 7.333333333333383,
    "130": 37.666666666666764,
    "131": 39.277777777777914,
    "132": 46.88888888888902,
    "133": 60.44444444444454,
    "134": 46.05555555555567,
    "135": 44.83333333333344,
    "136": 47.944444444444585,
    "137": 35.05555555555561,
    "138": 18.444444444444485,
    "139": 47.27777777777786,
    "140": 45.555555555555685,
    "141": 35.333333333333385,
    "142": 50.611111111111235,
    "143": 42.00000000000009,
    "144": 45.27777777777786,
    "145": 18.16666666666673,
    "146": 30.944444444444507,
    "147": 44.16666666666678,
    "148": 36.16666666666677,
    "149": 43.16666666666677,
    "150": 34.1111111111112,
    "151": 40.555555555555614,
    "152": 33.61111111111123,
    "153": 21.61111111111113,
    "154": 5.666666666666678,
    "155": 52.05555555555567,
    "156": 16.444444444444482,
    "157": 32.05555555555561,
    "158": 44.27777777777793,
    "159": 37.44444444444451,
    "160": 36.11111111111128,
    "161": 49.11111111111121,
    "162": 31.833333333333357,
    "163": 26.777777777777928,
    "164": 43.88888888888903,
    "165": 5.555555555555667,
    "166": 52.77777777777787,
    "167": 51.000000000000085,
    "168": 49.27777777777786,
    "169": 38.94444444444464,
    "170": 44.111111111111235,
    "171": 31.611111111111143,
    "172": 38.666666666666806,
    "173": 27.888888888888914,
    "174": 60.83333333333343,
    "175": 23.333333333333375,
    "176": 70.44444444444457,
    "177": 68.72222222222231,
    "178": 16.83333333333339,
    "179": 56.111111111111256,
    "180": 71.83333333333348,
    "181": 48.77777777777789,
    "182": 54.05555555555553,
    "183": 56.50000000000002,
    "184": 43.05555555555562,
    "185": 56.11111111111113,
    "186": 21.888888888888935,
    "187": 34.055555555555635,
    "188": 44.38888888888901,
    "189": 36.444444444444485,
    "190": 73.27777777777771,
    "191": 53.83333333333346,
    "192": 33.50000000000012,
    "193": 58.61111111111123,
    "194": 61.44444444444453,
    "195": 16.333333333333403,
    "196": 60.94444444444457,
    "197": 54.38888888888907,
    "198": 57.83333333333343,
    "199": 64.5555555555556,
    "200": 46.9444444444445,
    "201": 53.166666666666764,
    "202": 52.722222222222385,
    "203": 72.16666666666667,
    "204": 44.00000000000009,
    "205": 79.3888888888888,
    "206": 48.05555555555569,
    "207": 34.55555555555564,
    "208": 38.11111111111118,
    "209": 51.27777777777786,
    "210": 14.222222222222285,
    "211": 50.444444444444564,
    "212": 69.55555555555566,
    "213": 41.0555555555556,
    "214": 58.94444444444456,
    "215": 73.94444444444449,
    "216": 48.83333333333346,
    "217": 70.05555555555563,
    "218": 39.44444444444456,
    "219": 61.0000000000001,
    "220": 82.88888888888884,
    "221": 64.7222222222223,
    "222": 66.8333333333334,
    "223": 67.22222222222234,
    "224": 32.55555555555562,
    "225": 47.27777777777785,
    "226": 42.55555555555567,
    "227": 38.277777777777935,
    "228": 47.16666666666679,
    "229": 53.277777777777835,
    "230": 70.66666666666661,
    "231": 33.611111111111214,
    "232": 55.11111111111119,
    "233": 32.94444444444456,
    "234": 64.6666666666666,
    "235": 68.94444444444443,
    "236": 69.7777777777777,
    "237": 71.66666666666664,
    "238": 52.11111111111121,
    "239": 54.944444444444606,
    "240": 56.16666666666677,
    "241": 35.38888888888909,
    "242": 60.6666666666668,
    "243": 37.27777777777792,
    "244": 26.888888888889028,
    "245": 76.27777777777767,
    "246": 50.00000000000013,
    "247": 58.55555555555571,
    "248": 75.99999999999993,
    "249": 69.8333333333334,
    "250": 63.555555555555685,
    "251": 73.77777777777777,
    "252": 61.16666666666677,
    "253": 45.11111111111125,
    "254": 66.88888888888891,
    "255": 51.77777777777783,
    "256": 67.88888888888896,
    "257": 83.27777777777766,
    "258": 62.66666666666674,
    "259": 23.277777777777843,
    "260": 47.88888888888896,
    "261": 65.44444444444453,
    "262": 54.72222222222231,
    "263": 86.72222222222216,
    "264": 64.33333333333346,
    "265": 66.88888888888886,
    "266": 69.05555555555557,
    "267": 63.222222222222385,