{
    "1": -35.17870370370369,
    "2": -13.35092592592593,
    "3": -23.235185185185212,
    "4": 7.57592592592592,
    "5": 0.12870370370366613,
    "6": 17.164814814814797,
    "7": -6.51851851851853,
    "8": 13.956481481481493,
    "9": 12.299074074074067,
    "10": -5.65648148148149,
    "11": 15.334259259259271,
    "12": 22.743518518518528,
    "13": 21.529629629629675,
    "14": 23.53425925925928,
    "15": 18.160185185185203,
    "16": 11.216666666666667,
    "17": 25.427777777777795,
    "18": 24.823148148148164,
    "19": 16.744444444444476,
    "20": 15.02407407407406,
    "21": 15.499074074074093,
    "22": 32.44629629629627,
    "23": 9.639814814814798,
    "24": 13.562962962963,
    "25": 18.84166666666668,
    "26": 19.207407407407416,
    "27": 23.719444444444463,
    "28": 17.494444444444458,
    "29": 23.323148148148146,
    "30": 14.166666666666684,
    "31": 9.772222222222243,
    "32": 9.294444444444428,
    "33": 18.30925925925926,
    "34": -3.5787037037037135,
    "35": 5.991666666666628,
    "36": 22.319444444444446,
    "37": 16.501851851851857,
    "38": 0.011111111111100747,
    "39": 11.723148148148141,
    "40": 15.570370370370346,
    "41": 16.826851851851877,
    "42": 7.296296296296286,
    "43": 8.68148148148145,
    "44": 10.876851851851836,
    "45": 7.524999999999993,
    "46": -4.801851851851859,
    "47": 7.63981481481478,
    "48": -10.085185185185216,
    "49": -12.031481481481523,
    "50": 5.348148148148143,
    "51": -9.52870370370371,
    "52": -4.972222222222239,
    "53": -7.468518518518527,
    "54": -1.9305555555555562,
    "55": 0.0879629629629376,
    "56": -13.130555555555576,
    "57": 5.929629629629625,
    "58": -2.345370370370385,
    "59": -2.7944444444444474,
    "60": -15.566666666666721,
    "61": -28.107407407407358,
    "62": -11.40092592592595,
    "63": 11.122222222222222,
    "64": 2.319444444444418,
    "65": -23.128703703703717,
    "66": 0.9296296296296027,
    "67": -20.200925925925894,
    "68": -57.03888888888874,
    "69": -15.222222222222268,
    "70": -7.698148148148158,
    "71": -13.335185185185209,
    "72": -18.344444444444495,
    "73": -22.513888888888882,
    "74": -174.17777777777897,
    "75": -185.09351851851966,
    "76": -267.6712962962977,
    "77": -4.3740740740740796,
    "78": -16.098148148148173,
    "79": -275.3750000000012,
    "80": -52.380555555555674,
    "81": -139.75092592592665,
    "82": -18.71388888888889,
    "83": -97.65370370370398,
    "84": -26.166666666666625,
    "85": -87.0212962962963,
    "86": -202.9916666666682,
    "87": -118.03055555555609,
    "88": -275.0138888888901,
    "89": -39.81759259259261,
    "90": -233.91666666666853,
    "91": -15.590740740740769,
    "92": -53.14907407407409,
    "93": -35.36018518518515,
    "94": -32.50833333333333,
    "95": -142.56481481481552,
    "96": -19.281481481481507,
    "97": -166.61574074074167,
    "98": -61.79351851851844,
    "99": -53.636111111111035,
    "100": -11.80462962962964,
    "101": -34.74629629629621,
    "102": -39.4185185185185,
    "103": -29.502777777777723,
    "104": -133.4101851851857,
    "105": -118.07777777777817,
    "106": -46.70462962962964,
    "107": -63.47129629629634,
    "108": -70.34629629629622,
    "109": -49.661111111111126,
    "110": -53.202777777777854,
    "111": -27.157407407407383,
    "112": -94.75185185185201,
    "113": -40.50462962962958,
    "114": -171.39907407407503,
    "115": -6.512962962962973,
    "116": -23.598148148148145,
    "117": -32.21851851851843,
    "118": -6.2703703703703795,
    "119": -64.06018518518526,
    "120": -49.26574074074085,
    "121": -31.337962962962948,
    "122": -37.20740740740732,
    "123": -39.23055555555548,
    "124": -102.4055555555556,
    "125": -40.26018518518517,
    "126": -51.59907407407418,
    "127": -37.19351851851848,
    "128": -35.46851851851845,
    "129": -46.26759259259263,
    "130": -55.756481481481565,
    "131": -63.563888888889046,
    "132": -133.52962962963014,
    "133": -37.407407407407334,
    "134": -35.154629629629596,
    "135": -41.949074074074055,
    "136": -29.639814814814773,
    "137": -51.12777777777779,
    "138": -26.140740740740707,
    "139": -102.05833333333368,
    "140": -30.382407407407317,
    "141": -38.958333333333314,
    "142": -70.61388888888915,
    "143": -26.386111111111102,
    "144": -50.2657407407408,
    "145": -36.64166666666665,
    "146": -74.74629629629649,
    "147": -69.67685185185206,
    "148": -48.747222222222256,
    "149": -65.52777777777773
}