{
    "1": -152.72222222222152,
    "2": 15.611111111111109,
    "3": 0.14814814814819677,
    "4": 30.240740740740794,
    "5": 34.98148148148151,
    "6": 36.129629629629726,
    "7": 21.814814814814945,
    "8": 12.092592592592673,
    "9": -5.7962962962962195,
    "10": 62.14814814814816,
    "11": 73.07407407407423,
    "12": 71.75925925925927,
    "13": 8.148148148148195,
    "14": 57.037037037037116,
    "15": 46.61111111111118,
    "16": 86.03703703703718,
    "17": 30.240740740740787,
    "18": 67.29629629629636,
    "19": 37.70370370370378,
    "20": 47.79629629629638,
    "21": 53.59259259259262,
    "22": 72.05555555555557,
    "23": 54.759259259259274,
    "24": 45.88888888888889,
    "25": 69.07407407407413,
    "26": 34.759259259259224,
    "27": 63.38888888888883,
    "28": 63.759259259259245,
    "29": 48.37037037037041,
    "30": 49.07407407407412,
    "31": 16.111111111111146,
    "32": 63.37037037037041,
    "33": 69.12962962962978,
    "34": 87.55555555555577,
    "35": 50.888888888888815,
    "36": 79.40740740740748,
    "37": 29.740740740740815,
    "38": 66.29629629629629,
    "39": 80.01851851851868,
    "40": 52.05555555555549,
    "41": 92.09259259259275,
    "42": 79.55555555555571,
    "43": 22.01851851851854,
    "44": 69.88888888888891,
    "45": 43.38888888888889,
    "46": 26.703703703703713,
    "47": 38.62962962962963,
    "48": 56.62962962962968,
    "49": 76.3333333333334,
    "50": 38.87037037037035,
    "51": 52.592592592592545,
    "52": 60.94444444444454,
    "53": 38.12962962962965,
    "54": 51.66666666666668,
    "55": 43.01851851851855,
    "56": 81.00000000000026,
    "57": 61.24074074074078,
    "58": 81.79629629629642,
    "59": 78.7037037037038,
    "60": 77.6666666666667,
    "61": 45.01851851851855,
    "62": -7.314814814814792,
    "63": 20.000000000000032,
    "64": 39.61111111111108,
    "65": -18.12962962962954,
    "66": 25.27777777777789,
    "67": 33.518518518518526,
    "68": 6.388888888888933,
    "69": 9.981481481481437,
    "70": 80.25925925925937,
    "71": 81.14814814814828,
    "72": 20.092592592592602,
    "73": 49.11111111111112,
    "74": 21.25925925925931,
    "75": 49.07407407407408,
    "76": 62.18518518518523,
    "77": 31.444444444444482,
    "78": 40.42592592592595,
    "79": 54.277777777777864,
    "80": 32.70370370370371,
    "81": 55.92592592592597,
    "82": 16.981481481481488,
    "83": 52.22222222222233,
    "84": -5.592592592592599,
    "85": 20.944444444444493,
    "86": 1.7962962962963607,
    "87": 40.74074074074076,
    "88": 81.33333333333348,
    "89": 20.851851851851904,
    "90": 42.99999999999996,
    "91": 27.25925925925926,
    "92": 81.48148148148152,
    "93": 19.074074074074048,
    "94": 14.055555555555625,
    "95": 38.88888888888889,
    "96": 52.074074074074126,
    "97": 57.277777777777864,
    "98": 28.388888888888815,
    "99": 27.62962962962968,
    "100": 55.16666666666677,
    "101": 17.31481481481488,
    "102": 42.01851851851861,
    "103": 1.7037037037037388,
    "104": 16.16666666666669,
    "105": 25.462962962962926,
    "106": 45.092592592592645,
    "107": 52.722222222222214,
    "108": 71.72222222222223,
    "109": 77.0740740740742,
    "110": 83.24074074074085,
    "111": 48.88888888888892,
    "112": 18.203703703703752,
    "113": 76.77777777777789,
    "114": 72.27777777777783,
    "115": 100.57407407407406,
    "116": 27.685185185185226,
    "117": 46.370370370370395,
    "118": 13.240740740740709,
    "119": 60.87037037037039,
    "120": 27.166666666666657,
    "121": 16.12962962962959,
    "122": 47.68518518518524,
    "123": 15.314814814814858,
    "124": 47.96296296296301,
    "125": 27.148148148148163,
    "126": 59.61111111111128,
    "127": 47.592592592592574,
    "128": 57.09259259259256,
    "129": 42.00000000000002,
    "130": 43.29629629629623,
    "131": 31.11111111111112,
    "132": 47.44444444444453,
    "133": 28.425925925925945,
    "134": 83.55555555555569,
    "135": -2.0925925925925455,
    "136": 66.29629629629639,
    "137": 58.22222222222229,
    "138": 53.90740740740749,
    "139": 30.703703703703823,
    "140": 46.166666666666686,
    "141": 38.01851851851853,
    "142": 43.185185185185084,
    "143": 25.574074074074044,
    "144": 22.925925925925945,
    "145": 43.944444444444464,
    "146": 63.61111111111118,
    "147": 68.05555555555576,
    "148": 53.703703703703724,
    "149": 54.740740740740804,
    "150": 61.00000000000011,
    "151": 26.796296296296337,
    "152": 60.33333333333337,
    "153": 18.981481481481524,
    "154": 45.000000000000014,
    "155": -18.870370370370292,
    "156": 44.50000000000005,
    "157": 21.3888888888889,
    "158": 36.72222222222223,
    "159": 26.666666666666735,
    "160": 38.44444444444442,
    "161": 3.907985046680551e-14,
    "162": 24.759259259259267,
    "163": 21.66666666666668,
    "164": 8.370370370370399,
    "165": 44.98148148148154,
    "166": 1.1296296296296626,
    "167": 42.6666666666667,
    "168": 67.6851851851851,
    "169": 73.12962962962969,
    "170": 34.00000000000006,
    "171": 37.00000000000001,
    "172": 12.46296296296299,
    "173": -6.5740740740740335,
    "174": 18.37037037037036,
    "175": -3.333333333333334,
    "176": -9.740740740740748,
    "177": 3.4999999999999494,
    "178": 17.53703703703707,
    "179": -39.49999999999998,
    "180": 28.092592592592588,
    "181": 28.888888888888893,
    "182": 17.555555555555593,
    "183": -25.833333333333357,
    "184": 2.7592592592592577,
    "185": 26.70370370370372,
    "186": -26.370370370370345,
    "187": -8.518518518518523,
    "188": 34.259259259259274,
    "189": 37.611111111111114,
    "190": 19.444444444444407,
    "191": -21.462962962962973,
    "192": -35.20370370370374,
    "193": -14.777777777777768,
    "194": 7.0925925925925535,
    "195": 43.9444444444444,
    "196": 46.70370370370369,
    "197": -13.574074074074087,
    "198": 21.240740740740762,
    "199": -101.07407407407412,
    "200": -40.90740740740732
}