{
    "1": 30.405666117436198,
    "2": -42.567987288298575,
    "3": 38.52061561889525,
    "4": -165.73487877327682,
    "5": -339.0699842316162,
    "6": -65.9972382686573,
    "7": -45.928037059237084,
    "8": -49.6429948858457,
    "9": -272.7760100286423,
    "10": -58.873324922844404,
    "11": -72.22991916614804,
    "12": -40.44896335622,
    "13": -376.35648388128556,
    "14": -20.36646677984855,
    "15": -81.48977120711469,
    "16": -450.18922964066047,
    "17": -70.81839679148135,
    "18": -33.824269566290624,
    "19": -205.6250263654621,
    "20": 65.9341908293512,
    "21": -189.06122005349664,
    "22": -26.52932337231735,
    "23": -296.322781692179,
    "24": -297.0932467731268,
    "25": -258.3398346574845,
    "26": -50.05400001064666,
    "27": -2.360714525992492,
    "28": -173.9169980002477,
    "29": -78.7627729978961,
    "30": 16.93294547287222,
    "31": -156.41119068638093,
    "32": -43.85445540813906,
    "33": -85.63055474791963,
    "34": -299.18515232497214,
    "35": 1.621428177748001,
    "36": -18.27500150485399,
    "37": -159.99521494100892,
    "38": -158.9861929035209,
    "39": 11.84202702632085,
    "40": -377.51061188139437,
    "41": -45.75830225530919,
    "42": -113.41830428084047,
    "43": -90.45667557621286,
    "44": 14.414594877534654,
    "45": -144.3259924972778,
    "46": -153.7534337922305,
    "47": -192.70944408128221,
    "48": -66.95571636151536,
    "49": -28.471255694708162,
    "50": -58.88708129290032,
    "51": -50.71701822544466,
    "52": -18.551006605128265,
    "53": -16.822294221207954,
    "54": -122.76358902460964,
    "55": -51.39283692194037,
    "56": -262.2416373597823,
    "57": -251.47753331149931,
    "58": 15.168186087584814,
    "59": -169.86638966164793,
    "60": 236.63958624189607,
    "61": -186.53138954117617,
    "62": -38.29833185525388,
    "63": -19.46771559068098,
    "64": -323.16791563890973,
    "65": -200.87164710907064,
    "66": -27.21261496313913,
    "67": -100.48230549571907,
    "68": -810.9154272787745,
    "69": -103.95538905976376,
    "70": -45.718903680331714,
    "71": -259.70801850153725,
    "72": -266.46600215696054,
    "73": -56.34536140333427,
    "74": -174.92033198837782,
    "75": -193.8072301988835,
    "76": -67.14021095336622,
    "77": 0.24242991257622748,
    "78": -279.51169659233597,
    "79": -119.5620350222702,
    "80": -194.85730560335094,
    "81": -205.1054414691648,
    "82": 24.81279395870503,
    "83": -167.23975646740345,
    "84": -82.41205131366611,
    "85": 44.86749676542519,
    "86": -20.678265059279,
    "87": -99.40726291951567,
    "88": -516.4312554005453,
    "89": -86.35623229862891,
    "90": -309.2504390487368,
    "91": -118.12314755813526,
    "92": -47.12780512234566,
    "93": -114.95673539180888,
    "94": -62.76554741996879,
    "95": -116.5963861954297,
    "96": -36.1385120011112,
    "97": 27.545169171390427,
    "98": -0.7009945345120343,
    "99": -52.932106950361636,
    "100": -46.095602505715064
}