{
    "1": -606.0674321818741,
    "2": -393.71263272750986,
    "3": -497.46376579282463,
    "4": -85.60044058103286,
    "5": -336.09909923899716,
    "6": -1368.5923528852945,
    "7": -556.1576094306108,
    "8": -915.1961121421098,
    "9": -827.8684232198011,
    "10": -231.13400792538576,
    "11": -697.7014396222048,
    "12": -458.9486106654449,
    "13": -67.45054815179515,
    "14": -260.2649627025412,
    "15": -127.88128908583937,
    "16": -311.2504758294886,
    "17": -373.1011360184585,
    "18": -318.6245694493865,
    "19": -62.76380391280969,
    "20": -395.45533907220727,
    "21": -856.0000214374701,
    "22": -325.0526518436574,
    "23": -670.6149553411977,
    "24": -548.9378254661082,
    "25": -34.01677699202229,
    "26": -608.2627904516266,
    "27": -478.41216372239046,
    "28": -227.55749043977835,
    "29": -248.48230105199377,
    "30": -739.4485528513842,
    "31": -627.7631853610123,
    "32": -419.09165121001206,
    "33": -98.34927358939866,
    "34": -187.18328497225778,
    "35": -412.59540499877716,
    "36": -166.30143157765693,
    "37": -86.88309070837235,
    "38": -271.4980961631423,
    "39": -511.25211607093553,
    "40": -140.91072485225908,
    "41": -210.25843253792954,
    "42": -318.1700348472476,
    "43": -136.77425930378155,
    "44": -154.8909789933969,
    "45": -233.11207562355276,
    "46": -203.21844924667195,
    "47": -173.36634140803358,
    "48": -602.252818366881,
    "49": -22.53695583648559,
    "50": -153.7229972294957,
    "51": -148.30889378218086,
    "52": -200.01138564184282,
    "53": -225.9850773798372,
    "54": -61.32991940102713,
    "55": -421.69161712879423,
    "56": -314.8768989368431,
    "57": -810.9057860991759,
    "58": -542.4248280379395,
    "59": -371.14262326840196,
    "60": -539.9312946405303,
    "61": -755.2576239614505,
    "62": -584.0073130845851,
    "63": -641.1235457863078,
    "64": -417.0809231906269,
    "11": -1080.4403795615221
}