{
    "1": -6.833333333333304,
    "2": -39.166666666666735,
    "3": 19.527777777777835,
    "4": 52.06481481481481,
    "5": 38.546296296296305,
    "6": 38.56481481481479,
    "7": 54.63888888888892,
    "8": 71.2407407407407,
    "9": 75.77777777777763,
    "10": 72.49999999999994,
    "11": 69.50925925925914,
    "12": 69.78703703703692,
    "13": 73.8055555555555,
    "14": 56.685185185185034,
    "15": 84.91666666666666,
    "16": 62.50925925925909,
    "17": 75.5833333333332,
    "18": 47.56481481481468,
    "19": 51.50925925925905,
    "20": 83.53703703703694,
    "21": 74.12037037037022,
    "22": 60.86111111111107,
    "23": 80.99999999999983,
    "24": 63.20370370370365,
    "25": 67.29629629629609,
    "26": 83.08333333333324,
    "27": 74.17592592592574,
    "28": 72.19444444444436,
    "29": 75.24074074074058,
    "30": 73.93518518518513,
    "31": 62.65740740740721,
    "32": 58.93518518518504,
    "33": 56.50925925925908,
    "34": 77.12962962962925,
    "35": 67.18518518518496,
    "36": 74.02777777777763,
    "37": 78.95370370370351,
    "38": 69.41666666666659,
    "39": 65.00925925925918,
    "40": 71.7222222222221,
    "41": 57.62037037037025,
    "42": 77.2870370370369,
    "43": 74.23148148148145,
    "44": 52.888888888888786,
    "45": 60.95370370370348,
    "46": 80.32407407407395,
    "47": 59.99074074074056,
    "48": 87.12037037037024,
    "49": 71.03703703703698,
    "50": 83.2222222222222,
    "51": 67.65740740740729,
    "52": 81.73148148148128,
    "53": 86.38888888888863,
    "54": 55.37037037037025,
    "55": 76.86111111111107,
    "56": 93.96296296296283,
    "57": 71.63888888888874,
    "58": 79.10185185185172,
    "59": 78.91666666666652,
    "60": 74.84259259259245,
    "61": 83.04629629629623,
    "62": 68.58333333333317,
    "63": 71.05555555555539,
    "64": 72.02777777777767,
    "65": 49.055555555555515,
    "66": 68.0370370370369,
    "67": 84.40740740740725,
    "68": 79.21296296296295,
    "69": 66.97222222222202,
    "70": 62.62962962962955,
    "71": 60.731481481481325,
    "72": 62.96296296296278,
    "73": 80.55555555555544,
    "74": 62.20370370370353,
    "75": 84.24999999999979,
    "76": 53.4722222222221,
    "77": 54.74999999999976,
    "78": 60.249999999999815,
    "79": 80.20370370370355,
    "80": 68.574074074074,
    "81": 76.41666666666656,
    "82": 80.92592592592585,
    "83": 77.21296296296292,
    "84": 60.787037037036946,
    "85": 67.09259259259237,
    "86": 55.74074074074059,
    "87": 73.4166666666665,
    "88": 69.88888888888866,
    "89": 50.75925925925915,
    "90": 64.43518518518509,
    "91": 43.68518518518507,
    "92": 66.58333333333323,
    "93": 82.54629629629625,
    "94": 81.41666666666657,
    "95": 66.36111111111096,
    "96": 88.18518518518509,
    "97": 87.00925925925921,
    "98": 77.91666666666654,
    "99": 72.37962962962956,
    "100": 80.9259259259258,
    "101": 70.56481481481475,
    "102": 72.4999999999999,
    "103": 66.53703703703681
}