{
    "1": -849.1254134755187,
    "2": -363.4391802490671,
    "3": -176.61295600699606,
    "4": -67.30526804799675,
    "5": -122.70905050523484,
    "6": -592.7027414041141,
    "7": -68.76175846514428,
    "8": -60.06670302637759,
    "9": -145.53736137976063,
    "10": -170.2438761715561,
    "11": -99.4623505982783,
    "12": -2.0714689750449082,
    "13": -58.18943444649743,
    "14": -155.09932720147617,
    "15": -137.79809086636982,
    "16": -135.66527855985711,
    "17": -203.41519651532371,
    "18": -66.8913291313234,
    "19": -101.69129837467497,
    "20": -103.98989501141007,
    "21": -159.334480128223,
    "22": -115.88951302540582,
    "23": -131.56058445390573,
    "24": -158.84613376231687,
    "25": -75.75954673874332,
    "26": -138.54672168186474,
    "27": -215.53764376977273,
    "28": -223.69384031398303,
    "29": -195.63671248272766,
    "30": -88.67818311263014,
    "31": -161.36224036905216,
    "32": -82.20221517750875,
    "33": -87.79184378316441,
    "34": -151.4601696385664,
    "35": -267.826699628485,
    "36": -125.93651732279281,
    "37": -152.76687544878905,
    "38": -154.54031291014215,
    "39": -128.9469243252032,
    "40": -174.1885965647109,
    "41": -140.2531128403035,
    "42": -110.71811528123962,
    "43": -93.1319124855754,
    "44": -51.12753645144133,
    "45": -98.54826930681311,
    "46": -110.4811573103405,
    "47": -113.47233467463931,
    "48": -126.02294257783461,
    "49": -100.64467603761824,
    "50": -109.53606021737008,
    "51": -136.04233608377936,
    "52": -174.22546452393362,
    "53": -137.75071828665403,
    "54": -213.78668406217153,
    "55": -82.03693238797105,
    "56": -126.48023590261897,
    "57": -120.43790202187547,
    "58": -175.27377974412985,
    "59": -259.4103287216209,
    "60": -121.71229419206725,
    "61": -185.31148264222702,
    "62": -69.24494444063646,
    "63": -72.17283944285494,
    "64": -72.43316544652319,
    "65": -128.91613632075655,
    "66": -114.1098793966978,
    "67": -107.55092918076036,
    "68": -102.88252950305562,
    "69": -64.10307175280809,
    "70": -86.36883295518275,
    "71": -125.2958065258567,
    "72": -114.96264797560173,
    "73": -100.79695484942368,
    "74": -129.1876016339742,
    "75": -166.2872745847375,
    "76": -106.11726251181871,
    "77": -104.18781915610299,
    "78": -158.5230488855389,
    "79": -113.14489313741909,
    "80": -139.55684982019412,
    "81": -757.4324973711952,
    "82": -59.01265071423531,
    "83": -117.93240607848931,
    "84": -121.98682815178249,
    "85": -90.86328754704422,
    "86": -120.3483270903395,
    "87": -196.84417257332896,
    "88": -132.16475315252887,
    "89": -115.27373989946327,
    "90": -145.8775220083736,
    "91": -150.25367821776058,
    "92": -140.47969170186826,
    "93": -84.98827543643293,
    "94": -59.38650593895379,
    "95": -106.14987209142296,
    "96": -179.69714970961212,
    "97": -99.37469567741816,
    "98": -110.36940545202475,
    "99": -122.11901917143815,
    "100": -108.85784709560657,
    "101": -93.37697044190972,
    "102": -100.2826761966893,
    "103": -141.81210761364255,
    "104": -215.27700206168737,
    "105": -115.05714159971247,
    "106": -125.34588939100173,
    "107": -97.99276711371502,
    "108": -138.86093041987422,
    "109": -106.49053091828779,
    "110": -98.63060155665809,
    "111": -159.48402251149,
    "112": -95.41413956958044,
    "113": -80.06752068374416,
    "114": -98.4265219812851,
    "115": -125.04877023433598,
    "116": -193.745394467035,
    "117": -124.85848000008056,
    "118": -115.60426851791661,
    "119": -138.6784472181588,
    "120": -80.7383366627239,
    "121": -114.7897838502367,
    "122": -110.29357678922555,
    "123": -147.6109447553244,
    "124": -69.52810517923398,
    "125": -116.5711361514939,
    "126": -77.51248254625149,
    "127": -140.24444375196302,
    "128": -95.50837812060017,
    "129": -119.43672001744504,
    "130": -117.58122563901405,
    "131": -122.36964029635958,
    "132": -120.38692253469448,
    "133": -111.30394911714203,
    "134": -67.50781084499758,
    "135": -48.51641485716249,
    "136": -69.2226716368995,
    "137": -87.68360639562032,
    "138": -56.59919579191536,
    "139": -64.38173912896045,
    "140": -93.20050994435717,
    "141": -62.68567616391571,
    "142": -79.89079509419471,
    "143": -66.73515213661531,
    "144": -61.9162790706282,
    "145": -80.33519572919704,
    "146": -103.42017713868078,
    "147": -36.93602296133862,
    "148": -119.55739331379468,
    "149": -146.39472222771636,
    "150": -150.8058884202694,
    "151": -77.77552805910082,
    "152": -147.42887259112058,
    "153": -138.77531686984642,
    "154": -134.80026206266697,
    "155": -30.863181089851636,
    "156": -111.89166476015531,
    "157": -146.70305274034052,
    "158": -94.36808295891325,
    "159": -64.40321073403406,
    "160": -107.99318722136738,
    "161": -92.89739944952524,
    "162": -65.78719414062516,
    "163": -110.87356086912882,
    "164": -28.730649105334265,
    "165": -162.8528119487786,
    "166": -83.46821877194158,
    "167": -95.8606341133001,
    "168": -76.68797400681592,
    "169": -87.96996752125739,
    "170": -72.13199995040344,
    "171": -140.7267229429599,
    "172": -78.1382678089895,
    "173": -111.22786851664797,
    "174": -123.12897054894233,
    "175": -146.96537865115997,
    "176": -66.92977313896334,
    "177": -147.4353023763458,
    "178": -174.75976937559471,
    "179": -70.80433028109607,
    "180": -103.16893318983647,
    "181": -117.93232610299118,
    "182": -135.88617636688178,
    "183": -98.30786259333917,
    "184": -33.61550015594372,
    "185": -58.9428904014311,
    "186": -104.15151867757582,
    "187": -155.48478245676918,
    "188": -151.3621553828974,
    "189": -73.06493677587018,
    "190": -46.117052664117466,
    "191": -26.777474854404772,
    "192": -103.44252910774289,
    "193": -58.22695088594577,
    "194": -89.34192309443611,
    "195": -151.5615944888155,
    "196": -123.2792169487832,
    "197": -96.38700545473934,
    "198": -104.82132411693013,
    "199": -66.36765099738659,
    "200": -163.87964779355116,
    "201": -76.62847523671223,
    "202": -83.81562009279308,
    "203": -56.830669098987876,
    "204": -22.14433367091287,
    "205": -73.5522409722705,
    "206": -10.624171826725004,
    "207": -141.58334343879,
    "208": -73.70180828871031,
    "209": -119.05461203324408,
    "210": -191.063345734018,
    "211": -76.4962864119839,
    "212": -124.2137866327862,
    "213": -41.49387921377497,
    "214": -90.16622551766328,
    "215": -74.68585845101508,
    "216": -47.46704333670995,
    "217": 206.0911745950386,
    "218": -58.42905636151165,
    "219": -105.35553659850015,
    "220": -74.73246377769533,
    "221": -41.14529778344994,
    "222": -84.20204449919864,
    "223": -50.99197053395886,
    "224": -56.41390401297944,
    "225": -61.95254217665222,
    "226": -60.3190909968516,
    "227": -113.96181542143023,
    "228": -16.198305862392232,
    "229": -105.50134384235817,
    "230": -56.147406931445154,
    "231": -46.94606975307751,
    "232": -97.71176530484638,
    "233": -56.85550415220687,
    "234": -70.04868166401607,
    "235": -46.006492029447,
    "236": -55.18227132783861,
    "237": -288.632788269439,
    "238": -37.42730154693574,
    "239": -200.1185029657005,
    "240": -218.94870378227535,
    "241": -208.6900279330258,
    "242": -68.73816257914332,
    "243": -231.3537132705262,
    "244": -231.801905481481,
    "245": -40.881796400052224,
    "246": -236.31950666396668,
    "247": -201.72369074151487,
    "248": -21.60565036293768,
    "249": -236.27685792982206,
    "250": -72.57883919977598,
    "251": 48.32475972024665,
    "252": -151.39797770469013,
    "253": -232.37979044502904,
    "254": 18.72788127578393,
    "255": -221.48868816767825,
    "256": -309.7527826642038,
    "257": -93.89813295624984,
    "258": 49.628158943038386,