{
    "1": -39.33796296296298,
    "2": -9.87407407407409,
    "3": -7.774074074074102,
    "4": 5.263888888888847,
    "5": 9.937037037037042,
    "6": 15.531481481481462,
    "7": 1.2231481481481257,
    "8": 0.45277777777777306,
    "9": 11.412037037037043,
    "10": 19.55092592592593,
    "11": 15.958333333333329,
    "12": 13.848148148148159,
    "13": 22.33055555555554,
    "14": 24.117592592592604,
    "15": 21.02592592592595,
    "16": 24.285185185185174,
    "17": 27.158333333333356,
    "18": 19.941666666666695,
    "19": 23.980555555555583,
    "20": 20.685185185185194,
    "21": 27.78888888888889,
    "22": 20.08240740740743,
    "23": 31.06944444444445,
    "24": 29.71296296296295,
    "25": 26.116666666666692,
    "26": 27.138888888888893,
    "27": 29.987037037037048,
    "28": 27.43240740740742,
    "29": 27.037962962962958,
    "30": 31.02314814814809,
    "31": 13.272222222222256,
    "32": 26.52500000000002,
    "33": 20.6268518518519,
    "34": 25.37129629629632,
    "35": 27.97592592592587,
    "36": 30.28055555555555,
    "37": 32.20092592592591,
    "38": 30.614814814814828,
    "39": 33.72777777777776,
    "40": 25.01296296296299,
    "41": 24.66944444444445,
    "42": 30.21296296296297,
    "43": 23.462037037037057,
    "44": 12.457407407407436,
    "45": 28.625925925925905,
    "46": 29.3648148148148,
    "47": 31.446296296296307,
    "48": 20.419444444444462,
    "49": 20.67500000000003,
    "50": 26.789814814814825,
    "51": 30.288888888888877,
    "52": 29.31296296296295,
    "53": 29.803703703703672,
    "54": 29.2462962962963,
    "55": 26.969444444444434,
    "56": 28.92592592592593,
    "57": 30.219444444444466,
    "58": 20.52962962962967,
    "59": 23.358333333333334,
    "60": 32.034259259259215,
    "61": 31.367592592592587,
    "62": 36.721296296296266,
    "63": 28.58888888888891,
    "64": 29.41759259259255,
    "65": 23.833333333333346,
    "66": 29.975925925925917,
    "67": 31.050925925925924,
    "68": 30.256481481481472,
    "69": 25.391666666666673,
    "70": 26.44537037037039,
    "71": 31.81203703703703,
    "72": 25.668518518518454,
    "73": 26.50185185185186,
    "74": 34.23888888888886,
    "75": 27.855555555555537,
    "76": 35.05185185185182,
    "77": 23.931481481481494,
    "78": 21.13518518518522,
    "79": 33.18518518518517,
    "80": 29.02777777777777,
    "81": 13.685185185185205,
    "82": 29.883333333333294,
    "83": 31.27499999999999,
    "84": 32.85092592592592,
    "85": 29.702777777777708,
    "86": 30.31388888888884,
    "87": 29.25000000000001,
    "88": 24.53148148148148,
    "89": 31.498148148148143,
    "90": 29.521296296296303,
    "91": 14.098148148148164,
    "92": 28.959259259259184,
    "93": 23.851851851851855,
    "94": 28.232407407407425,
    "95": 32.84814814814812,
    "96": 27.07129629629631,
    "97": 16.628703703703746,
    "98": 27.108333333333324,
    "99": 21.77222222222225,
    "100": 37.32685185185183,
    "101": 26.85277777777779,
    "102": 19.446296296296335,
    "103": 26.894444444444424,
    "104": 26.828703703703706,
    "105": 23.201851851851867,
    "106": 24.64722222222225,
    "107": 30.06111111111111,
    "108": 24.39259259259262,
    "109": 26.712962962962937,
    "110": 31.648148148148145,
    "111": 27.8666666666667,
    "112": 26.21111111111103,
    "113": 29.052777777777727,
    "114": 23.428703703703718,
    "115": 25.11296296296294,
    "116": 30.73148148148148,
    "117": 17.77685185185188,
    "118": 29.022222222222208,
    "119": 30.05185185185185,
    "120": 17.901851851851887,
    "121": 33.09907407407404,
    "122": 20.028703703703727,
    "123": 28.239814814814796,
    "124": 29.6574074074074,
    "125": 30.16481481481482,
    "126": 18.385185185185225,
    "127": 27.883333333333287,
    "128": 28.262962962962966,
    "129": 25.737037037037034,
    "130": 33.6157407407407,
    "131": 36.90925925925922,
    "132": 24.01851851851853,
    "133": 32.4898148148148,
    "134": 32.58796296296296,
    "135": 35.625000000000014,
    "136": 17.656481481481524,
    "137": 18.51203703703705,
    "138": 26.01666666666668,
    "139": 17.93425925925929,
    "140": 23.94537037037039,
    "141": 24.248148148148147,
    "142": 18.5138888888889,
    "143": 17.953703703703727,
    "144": 21.522222222222247,
    "145": 26.462962962962962,
    "146": 30.21666666666667,
    "147": 22.66759259259262,
    "148": 29.887962962962956,
    "149": 24.066666666666702,
    "150": 26.53240740740742,
    "151": 19.832407407407434,
    "152": 17.87777777777779,
    "153": 28.31388888888886,
    "154": 25.287962962962958,
    "155": 30.815740740740758,
    "156": 19.24166666666668,
    "157": 16.9916666666667,
    "158": 19.80462962962962,
    "159": 19.865740740740765,
    "160": 25.76944444444446,
    "161": 31.032407407407398,
    "162": 14.329629629629638,
    "163": 25.646296296296278,
    "164": 39.60555555555553,
    "165": 33.168518518518475,
    "166": 28.685185185185198,
    "167": 31.412962962962933,
    "168": 29.72222222222221,
    "169": 14.301851851851856,
    "170": 27.54907407407407,
    "171": 20.682407407407396,
    "172": 24.487962962962975,
    "173": 28.827777777777783,
    "174": 25.865740740740726,
    "175": 25.91759259259259,
    "176": 33.653703703703684,
    "177": 31.899074074074083,
    "178": 25.39444444444444,
    "179": 24.005555555555553,
    "180": 18.7212962962963,
    "181": 28.41481481481482,
    "182": 24.249074074074073,
    "183": 21.75277777777777,
    "184": 10.417592592592595,
    "185": 6.458333333333313,
    "186": 19.711111111111137,
    "187": 26.470370370370386,
    "188": 27.57037037037037,
    "189": 10.329629629629629,
    "190": 14.800000000000026,
    "191": 14.910185185185204,
    "192": 28.31759259259258,
    "193": 18.187037037037072,
    "194": 24.34444444444443,
    "195": 26.169444444444455,
    "196": 20.29722222222225,
    "197": 31.11851851851847,
    "198": 29.1037037037037,
    "199": 19.97962962962966,
    "200": 21.410185185185203,
    "201": 16.942592592592607
}