{
    "1": -55.79444444444452,
    "2": -59.516666666666744,
    "3": 8.905555555555463,
    "4": -28.17777777777781,
    "5": 41.294444444444345,
    "6": 51.09444444444443,
    "7": 41.64999999999993,
    "8": 49.616666666666674,
    "9": 48.52777777777771,
    "10": 68.21111111111121,
    "11": 61.44444444444452,
    "12": 60.53888888888891,
    "13": 55.36111111111106,
    "14": 86.63888888888904,
    "15": 56.09444444444439,
    "16": 56.10555555555552,
    "17": 91.39444444444464,
    "18": 82.7000000000001,
    "19": 78.49444444444453,
    "20": 73.07222222222232,
    "21": 75.93333333333344,
    "22": 59.47777777777776,
    "23": 59.9166666666666,
    "24": 91.8833333333336,
    "25": 77.3222222222225,
    "26": 76.68888888888924,
    "27": 66.63333333333334,
    "28": 86.98333333333353,
    "29": 97.83333333333357,
    "30": 95.9055555555556,
    "31": 77.27222222222252,
    "32": 88.42222222222235,
    "33": 81.80555555555559,
    "34": 71.32222222222258,
    "35": 60.81111111111105,
    "36": 90.2944444444446,
    "37": 86.41666666666676,
    "38": 103.14444444444457,
    "39": 87.8611111111113,
    "40": 99.76111111111123,
    "41": 88.47222222222237,
    "42": 98.4500000000001,
    "43": 97.58333333333357,
    "44": 87.18333333333345,
    "45": 79.12777777777806,
    "46": 90.47222222222231,
    "47": 84.6388888888891,
    "48": 78.5222222222224,
    "49": 82.4555555555558,
    "50": 80.37777777777788,
    "51": 88.04444444444457,
    "52": 91.7333333333335,
    "53": 85.12222222222255,
    "54": 85.92222222222253,
    "55": 95.95000000000012,
    "56": 88.42777777777793,
    "57": 98.8833333333335,
    "58": 87.72777777777793,
    "59": 77.34444444444475,
    "60": 100.33888888888904,
    "61": 79.06111111111133,
    "62": 92.68333333333347,
    "63": 100.80555555555567,
    "64": 90.75000000000011,
    "65": 75.53888888888915,
    "66": 83.51666666666665,
    "67": 90.75555555555579,
    "68": 81.23888888888912,
    "69": 85.66111111111132,
    "70": 73.14444444444467,
    "71": 95.66666666666681,
    "72": 74.91111111111134,
    "73": 65.90000000000025,
    "74": 87.02222222222252,
    "75": 84.46111111111125,
    "76": 94.24444444444461,
    "77": 94.87222222222235,
    "78": 85.07777777777792,
    "79": 83.71666666666677,
    "80": 51.833333333333286,
    "81": 103.37222222222233,
    "82": 100.68333333333341,
    "83": 91.31666666666685,
    "84": 87.08333333333343,
    "85": 74.3111111111111,
    "86": 81.89444444444446,
    "87": 83.58333333333347,
    "88": 90.2222222222225,
    "89": 87.72777777777792,
    "90": 82.58888888888906,
    "91": 78.70555555555569,
    "92": 82.20000000000007,
    "93": 99.07777777777791,
    "94": 81.8444444444445,
    "95": 93.11666666666692,
    "96": 94.20555555555576,
    "97": 89.45555555555568,
    "98": 97.93888888888905,
    "99": 76.84444444444452,
    "100": 56.38888888888883,
    "101": 80.56666666666676,
    "102": 80.42777777777783,
    "103": 92.14444444444456,
    "104": 86.81111111111126,
    "105": 70.28333333333349,
    "106": 85.86111111111134,
    "107": 91.90000000000019,
    "108": 93.07222222222249,
    "109": 83.8833333333335,
    "110": 88.92777777777795,
    "111": 80.59444444444459,
    "112": 94.02777777777797,
    "113": 94.33333333333356,
    "114": 87.34444444444449,
    "115": 89.73333333333338,
    "116": 84.25555555555563,
    "117": 83.0444444444446,
    "118": 94.76111111111129,
    "119": 94.95555555555568,
    "120": 74.52222222222251,
    "121": 77.27777777777817,
    "122": 73.51111111111119,
    "123": 64.70555555555559,
    "124": 95.71666666666687,
    "125": 93.36111111111133,
    "126": 51.549999999999926,
    "127": 75.17222222222243,
    "128": 95.42222222222239,
    "129": 101.84444444444462,
    "130": 100.22222222222253,
    "131": 88.56666666666686,
    "132": 102.01111111111132,
    "133": 70.60000000000029,
    "134": 78.13333333333361,
    "135": 80.4277777777781,
    "136": 89.60000000000018,
    "137": 86.3722222222223,
    "138": 83.76666666666682,
    "139": 90.41666666666686,
    "140": 84.25555555555586,
    "141": 91.48333333333342,
    "142": 91.51111111111136,
    "143": 85.80555555555578,
    "144": 91.52222222222245,
    "145": 90.73333333333359,
    "146": 71.98333333333358,
    "147": 85.08333333333337,
    "148": 90.88888888888906,
    "149": 81.0944444444447,
    "150": 74.17222222222244,
    "151": 83.24444444444455,
    "152": 99.38888888888906,
    "153": 91.9944444444447,
    "154": 97.22222222222237,
    "155": 98.58333333333344,
    "156": 88.5388888888892,
    "157": 82.38888888888903,
    "158": 97.2611111111113,
    "159": 85.01111111111113,
    "160": 96.36111111111133,
    "161": 63.53333333333338,
    "162": 85.12222222222239,
    "163": 75.46666666666682,
    "164": 73.15000000000023,
    "165": 91.2888888888891,
    "166": 84.20000000000019,
    "167": 72.33888888888893,
    "168": 91.73333333333352,
    "169": 76.53888888888906,
    "170": 79.07222222222222,
    "171": 93.14444444444469,
    "172": 104.69444444444461,
    "173": 78.33333333333351,
    "174": 73.02777777777784,
    "175": 90.08333333333347,
    "176": 80.26111111111123,
    "177": 90.60555555555582,
    "178": 80.90000000000012,
    "179": 104.75555555555586,
    "180": 82.25555555555567,
    "181": 69.67222222222227,
    "182": 91.65000000000028,
    "183": 63.944444444444514,
    "184": 86.30555555555567,
    "185": 74.55000000000018,
    "186": 71.35000000000028,
    "187": 97.27222222222238,
    "188": 92.05555555555576,
    "189": 104.588888888889,
    "190": 83.86666666666687,
    "191": 97.96111111111122,
    "192": 92.82222222222232,
    "193": 79.68888888888902,
    "194": 92.15555555555571,
    "195": 77.94444444444478,
    "196": 92.65000000000026,
    "197": 63.36111111111112,
    "198": 86.23888888888904,
    "199": 80.22777777777789,
    "200": 86.12777777777806,
    "201": 86.90000000000026,
    "202": 92.86666666666686,
    "203": 96.70000000000023,
    "204": 85.92222222222254,
    "205": 85.627777777778,
    "206": 81.67777777777803,
    "207": 87.40555555555562,
    "208": 83.03888888888909,
    "209": 66.52222222222244,
    "210": 90.84444444444466,
    "211": 93.36111111111131,
    "212": 102.65000000000016,
    "213": 86.83888888888907,
    "214": 68.50000000000014,
    "215": 88.20555555555582,
    "216": 87.50555555555576,
    "217": 97.46666666666675,
    "218": 95.27222222222237,
    "219": 80.48888888888908,
    "220": 91.61666666666679,
    "221": 67.76111111111115,
    "222": 78.91666666666683,
    "223": 102.9722222222225,
    "224": 82.22777777777796,
    "225": 87.65000000000009,
    "226": 100.19444444444451,
    "227": 88.93333333333351,
    "228": 90.27777777777797,
    "229": 89.57777777777787,
    "230": 92.12777777777798,
    "231": 72.43888888888907,
    "232": 84.34444444444456,
    "233": 87.82222222222236,
    "234": 96.57777777777792,
    "235": 93.21666666666697,
    "236": 73.38888888888903,
    "237": 87.03333333333347,
    "238": 82.67777777777796,
    "239": 85.57777777777797,
    "240": 68.27777777777801,
    "241": 103.57777777777791,
    "242": 80.53333333333339,
    "243": 91.727777777778,
    "244": 96.47222222222241,
    "245": 82.6500000000002,
    "246": 91.18888888888911,
    "247": 94.73333333333343,
    "248": 85.59444444444462,
    "249": 88.18888888888908,
    "250": 95.32777777777785,
    "251": 93.29444444444461,
    "252": 74.31111111111117,
    "253": 85.58888888888907,
    "254": 78.55555555555573,
    "255": 63.83333333333344,
    "256": 85.02222222222241,
    "257": 66.82777777777798,
    "258": 64.30555555555577,
    "259": 86.55555555555581,
    "260": 70.89444444444474,
    "261": 73.92777777777792,
    "262": 88.26111111111126,
    "263": 96.56666666666693,
    "264": 91.53888888888908,
    "265": 94.00555555555562,
    "266": 94.55555555555571,
    "267": 92.8166666666669,
    "268": 92.00555555555562,
    "269": 85.42222222222239,
    "270": 102.56666666666678,