{
    "1": 274.16724794507087,
    "2": 243.26327649293938,
    "3": 202.50412640263121,
    "4": 196.7970125503369,
    "5": 245.57045039540546,
    "6": -107.50764649072445,
    "7": 236.552468739047,
    "8": 275.3959430232731,
    "9": 236.09296918252107,
    "10": 252.88182164490746,
    "11": 220.25083639521864,
    "12": 248.21581388134686,
    "13": 296.121864182321,
    "14": 211.7776420927895,
    "15": 251.63778880148175,
    "16": 282.37767211125276,
    "17": -18.956711061854236,
    "18": 284.9510498499554,
    "19": 246.87829971029663,
    "20": 227.23546129323526,
    "21": 282.1985146645421,
    "22": -116.4506182545742,
    "23": 283.0431352022227,
    "24": 295.37901164377433,
    "25": 264.92525361832804,
    "26": 303.5781270735097,
    "27": 241.42105189726203,
    "28": 247.02380098931508,
    "29": 270.0570185199858,
    "30": 261.8742557341513,
    "31": 253.61141781151062,
    "32": 248.8089142138926,
    "33": 255.71701303456916,
    "34": 153.19072670675376,
    "35": 276.9322727665308,
    "36": -203.752582492613,
    "37": 278.576287157897,
    "38": 239.94796937372092,
    "39": 203.12826574316176,
    "40": 255.3287337051571,
    "41": -83.63922708205877,
    "42": -340.95692873986883,
    "43": -191.62576908877287,
    "44": -85.94190340638846,
    "45": -138.62204853827978,
    "46": 63.058399276733205,
    "47": -286.4653697499691,
    "48": -288.19973767053966,
    "49": 26.572606435493128,
    "50": 46.37174024482773,
    "51": -141.05905383001152,
    "52": 84.7001372690662,
    "53": 25.235926862174466,
    "54": 60.69800580086005,
    "55": -17.909202588516695,
    "56": -114.40798773412713,
    "57": -217.1333000819481,
    "58": -173.48805807136128,
    "59": -96.45201326891225,
    "60": -88.84757427986256,
    "61": -84.94241027876743,
    "62": 22.55587708877742,
    "63": 24.641415842690243,
    "64": -243.73946591794632,
    "65": 12.859357768060258,
    "66": -64.83434202082125,
    "67": 101.65603513088884,
    "68": 54.3995477541941,
    "69": 17.178886401182925,
    "70": 48.43818846481321,
    "71": 74.17103514061266,
    "72": -41.22170310345534,
    "73": 73.40904451579046,
    "74": 87.92600450603537,
    "75": 101.3107199214243,
    "76": -250.32746150825625,
    "77": 53.24489114484768,
    "78": 57.225311221362375,
    "79": 103.88955406874241,
    "80": 41.72134636814468,
    "81": -221.4733304954196
}