{
    "1": -15.54074074074076,
    "2": 0.2888888888888763,
    "3": -5.354629629629645,
    "4": -6.962962962962988,
    "5": 11.718518518518534,
    "6": 11.1712962962963,
    "7": 10.03148148148148,
    "8": 11.638888888888875,
    "9": 10.961111111111137,
    "10": 13.457407407407418,
    "11": 16.528703703703723,
    "12": 14.780555555555592,
    "13": -17.69814814814814,
    "14": 15.067592592592623,
    "15": 28.08055555555557,
    "16": 9.651851851851848,
    "17": 30.087962962962976,
    "18": 16.529629629629603,
    "19": 14.804629629629675,
    "20": 22.50370370370373,
    "21": 21.154629629629646,
    "22": 17.267592592592614,
    "23": 21.704629629629643,
    "24": 4.09259259259256,
    "25": 20.48611111111113,
    "26": 23.13148148148151,
    "27": 17.44907407407412,
    "28": 19.451851851851874,
    "29": 21.25370370370372,
    "30": 27.78425925925925,
    "31": 32.7037037037037,
    "32": 28.68981481481481,
    "33": 26.139814814814823,
    "34": 24.91759259259261,
    "35": 23.029629629629632,
    "36": 28.897222222222226,
    "37": 29.03703703703701,
    "38": 29.17685185185186,
    "39": 23.674074074074117,
    "40": 25.957407407407416,
    "41": 31.942592592592604,
    "42": 22.370370370370377,
    "43": 20.99814814814815,
    "44": 24.607407407407422,
    "45": 23.22962962962963,
    "46": 23.355555555555558,
    "47": 24.695370370370366,
    "48": 32.43796296296298,
    "49": 18.711111111111133,
    "50": 26.36944444444446,
    "51": 25.853703703703722,
    "52": 21.747222222222273,
    "53": 23.548148148148165,
    "54": 26.635185185185183,
    "55": 26.550925925925924,
    "56": 27.31481481481482,
    "57": 29.902777777777775,
    "58": 23.952777777777793,
    "59": 11.838888888888919,
    "60": 26.650925925925918,
    "61": 28.621296296296325,
    "62": 22.896296296296327,
    "63": 16.95092592592596,
    "64": 31.398148148148138,
    "65": 29.928703703703704,
    "66": 29.133333333333262,
    "67": 24.357407407407422,
    "68": 28.30092592592595,
    "69": 28.137962962962924,
    "70": 21.761111111111124,
    "71": 20.530555555555583,
    "72": 22.412962962962997,
    "73": 24.16574074074074,
    "74": 20.425925925925934,
    "75": 27.8925925925926,
    "76": 12.653703703703725,
    "77": 23.856481481481477,
    "78": 29.501851851851825,
    "79": 19.286111111111122,
    "80": 22.962962962962994,
    "81": 20.99444444444448,
    "82": 30.14351851851852,
    "83": 24.59907407407411,
    "84": 21.143518518518515,
    "85": 24.035185185185167,
    "86": 29.780555555555576,
    "87": 23.715740740740753,
    "88": 25.37962962962967,
    "89": 25.031481481481478,
    "90": 29.70555555555558,
    "91": 28.418518518518507,
    "92": 20.801851851851872,
    "93": 22.686111111111142,
    "94": 24.64537037037038,
    "95": 24.449074074074076,
    "96": 20.220370370370418,
    "97": 27.193518518518523,
    "98": 33.882407407407385,
    "99": 25.050000000000026,
    "100": 20.260185185185225,
    "101": 29.98518518518515,
    "102": 19.40648148148151,
    "103": 20.91388888888893,
    "104": 28.444444444444404,
    "105": 20.81203703703706,
    "106": 23.058333333333337,
    "107": 32.980555555555526,
    "108": 25.04444444444446,
    "109": 28.7111111111111,
    "110": 19.920370370370417,
    "111": 25.912037037037052,
    "112": 16.207407407407448,
    "113": 25.36018518518521,
    "114": 27.102777777777785,
    "115": 36.26574074074071,
    "116": 29.774074074074058,
    "117": 22.204629629629668,
    "118": 25.982407407407422,
    "119": 23.05740740740742,
    "120": 14.313888888888934,
    "121": 30.13055555555554,
    "122": 23.51481481481483,
    "123": 17.747222222222266,
    "124": 24.138888888888896,
    "125": 30.12870370370367,
    "126": 22.54722222222224,
    "127": 19.285185185185203,
    "128": 13.625000000000052,
    "129": 27.04907407407408,
    "130": 21.606481481481516,
    "131": 29.98796296296297,
    "132": 18.926851851851882,
    "133": 33.449999999999974,
    "134": 21.105555555555586,
    "135": 17.943518518518538,
    "136": 27.262037037037015,
    "137": 35.01203703703705,
    "138": 22.490740740740772,
    "139": 21.427777777777802,
    "140": 28.69537037037037,
    "141": 23.59814814814818,
    "142": 19.575000000000035,
    "143": 21.11388888888892,
    "144": 31.408333333333328,
    "145": 24.406481481481492,
    "146": 21.50000000000004,
    "147": 26.30092592592593,
    "148": 20.862037037037073,
    "149": 27.818518518518477,
    "150": 19.904629629629653,
    "151": 20.289814814814836,
    "152": 30.2425925925926,
    "153": 20.94259259259262,
    "154": 28.546296296296333,
    "155": 22.415740740740755,
    "156": 21.345370370370393,
    "157": 25.001851851851875,
    "158": 27.619444444444447,
    "159": 23.60648148148149,
    "160": 22.250925925925962,
    "161": 16.692592592592618,
    "162": 16.18888888888891,
    "163": 25.27314814814814,
    "164": 29.96574074074069,
    "165": 24.85370370370367,
    "166": 33.7805555555555,
    "167": 37.18611111111105,
    "168": 19.554629629629645,
    "169": 16.6388888888889,
    "170": 23.753703703703728,
    "171": 27.27500000000001,
    "172": 18.09814814814817,
    "173": 35.470370370370304,
    "174": 23.26481481481482,
    "175": 27.68240740740743,
    "176": 23.937037037037058,
    "177": 22.401851851851866,
    "178": 20.361111111111146,
    "179": 29.212037037037053,
    "180": 36.948148148148064,
    "181": 22.813888888888933,
    "182": 21.15925925925929,
    "183": 23.23055555555554,
    "184": 29.75277777777778,
    "185": 31.649074074074065,
    "186": 20.801851851851858,
    "187": 34.087037037036964,
    "188": 17.423148148148183,
    "189": 23.43703703703705,
    "190": 18.038888888888945,
    "191": 24.961111111111126,
    "192": 17.708333333333357,
    "193": 22.669444444444466,
    "194": 30.02222222222222,
    "195": 26.30277777777779,
    "196": 23.101851851851876,
    "197": 16.817592592592632,
    "198": 20.91944444444444,
    "199": 35.66666666666665,
    "200": 18.255555555555542,
    "201": 8.975,
    "202": 30.712962962962944,
    "203": 19.412037037037052,
    "204": 27.150000000000016,
    "205": 29.698148148148164,
    "206": 19.65648148148151,
    "207": 12.811111111111133,
    "208": 22.90833333333334,
    "209": 18.3592592592593,
    "210": 21.97777777777781,
    "211": 21.11018518518521,
    "212": 15.856481481481506,
    "213": 26.228703703703708,
    "214": 10.98518518518519,
    "215": 29.513888888888886,
    "216": 14.305555555555575,
    "217": 26.35462962962963,
    "218": 12.766666666666666,
    "219": 22.071296296296307,
    "220": 16.721296296296348,
    "221": 20.75833333333334,
    "222": 19.834259259259273,
    "223": 26.327777777777776,
    "224": 19.516666666666705,
    "225": 24.480555555555554,
    "226": 11.78333333333336,
    "227": 16.625925925925948,
    "228": 24.6888888888889,
    "229": 18.57222222222224,
    "230": 18.97962962962968,
    "231": 25.718518518518525,
    "232": 6.629629629629634,
    "233": 17.12129629629633,
    "234": 29.10092592592593,
    "235": -4.962037037037048,
    "236": 3.3407407407407845,
    "237": 10.100000000000025,
    "238": -1.5212962962963275,
    "239": 18.988888888888887,
    "240": 5.820370370370388,
    "241": 11.921296296296298,
    "242": 20.06944444444448,
    "243": -29.15925925925923,
    "244": -3.792592592592595,
    "245": 22.12685185185186,
    "246": 20.36851851851854,
    "247": 1.1444444444444464,
    "248": -40.70740740740733,
    "249": 4.92870370370371,
    "250": -0.9583333333333021,
    "251": -14.43425925925924,
    "252": 11.8592592592593,
    "253": 4.828703703703691,
    "254": -2.6527777777777732,
    "255": -41.009259259259196,
    "256": -28.68888888888885,
    "257": -7.054629629629625,
    "258": -43.97870370370364,
    "259": -167.073148148149,
    "260": 17.49814814814817,
    "261": 3.400925925925918,
    "262": -171.02500000000103,
    "263": -6.9138888888888985,
    "264": 12.234259259259243,
    "265": -55.49074074074062,