{
    "1": -101.72222222222213,
    "2": 23.055555555555458,
    "3": 100.38888888888899,
    "4": 101.15740740740755,
    "5": 95.28703703703704,
    "6": 103.00000000000009,
    "7": 94.62962962962972,
    "8": 109.4074074074075,
    "9": 97.46296296296298,
    "10": 109.45370370370385,
    "11": 111.12037037037044,
    "12": 104.76851851851852,
    "13": 109.09259259259255,
    "14": 93.4722222222223,
    "15": 93.77777777777789,
    "16": 108.44444444444447,
    "17": 109.75,
    "18": 106.67592592592588,
    "19": 111.09259259259261,
    "20": 105.64814814814821,
    "21": 107.74074074074082,
    "22": 111.67592592592601,
    "23": 83.57407407407422,
    "24": 113.2407407407408,
    "25": 91.9537037037038,
    "26": 103.88888888888897,
    "27": 96.23148148148154,
    "28": 87.80555555555571,
    "29": 109.03703703703705,
    "30": 83.59259259259281,
    "31": 93.02777777777791,
    "32": 104.07407407407409,
    "33": 91.71296296296309,
    "34": 90.5277777777779,
    "35": 87.60185185185182,
    "36": 96.87962962962975,
    "37": 87.45370370370381,
    "38": 102.3055555555556,
    "39": 99.87962962962973,
    "40": 102.50925925925941,
    "41": 89.76851851851848,
    "42": 84.83333333333344,
    "43": 98.72222222222231,
    "44": 86.52777777777793,
    "45": 87.18518518518528,
    "46": 105.39814814814825,
    "47": 96.81481481481487,
    "48": 82.44444444444463,
    "49": 88.33333333333343,
    "50": 94.4444444444445,
    "51": 101.85185185185186,
    "52": 77.38888888888886,
    "53": 87.25000000000004,
    "54": 95.8981481481481,
    "55": 109.35185185185182,
    "56": 100.58333333333336,
    "57": 91.23148148148151,
    "58": 84.48148148148168,
    "59": 77.2685185185187,
    "60": 93.21296296296315,
    "61": 105.45370370370367,
    "62": 78.43518518518519,
    "63": 59.70370370370381,
    "64": 93.75925925925935,
    "65": 90.50925925925921,
    "66": 100.12037037037041,
    "67": 76.0833333333333,
    "68": 66.63888888888884,
    "69": 98.10185185185185,
    "70": 109.93518518518523,
    "71": 97.99074074074078,
    "72": 102.46296296296299,
    "73": 80.6481481481483,
    "74": 84.83333333333346,
    "75": 62.296296296296404,
    "76": 74.07407407407415,
    "77": 101.08333333333337,
    "78": 81.18518518518528,
    "79": 70.712962962963,
    "80": 66.12037037037052,
    "81": 94.48148148148147,
    "82": 76.32407407407423,
    "83": 77.32407407407416,
    "84": 88.67592592592601,
    "85": 47.65740740740754,
    "86": 94.36111111111116,
    "87": 89.7777777777777,
    "88": 103.61111111111107,
    "89": 75.76851851851865,
    "90": 82.08333333333344,
    "91": 99.39814814814817,
    "92": 77.65740740740753,
    "93": 76.20370370370382,
    "94": 76.0092592592594,
    "95": 73.98148148148152,
    "96": 98.3981481481481,
    "97": 95.51851851851848,
    "98": 93.77777777777779,
    "99": 74.49074074074086,
    "100": 77.30555555555566,
    "101": 69.78703703703721,
    "102": 48.07407407407409,
    "103": 77.287037037037,
    "104": 38.8518518518518,
    "105": 84.50925925925948,
    "106": 80.04629629629639,
    "107": 70.42592592592604,
    "108": 82.94444444444457,
    "109": 62.38888888888894,
    "110": 82.51851851851865,
    "111": 79.17592592592605,
    "112": 81.14814814814814,
    "113": 59.47222222222241,
    "114": 68.72222222222231,
    "115": 78.1111111111112,
    "116": 62.5833333333335,
    "117": 67.2592592592594,
    "118": 86.41666666666687,
    "119": 63.3148148148148,
    "120": 90.31481481481488,
    "121": 50.027777777777665,
    "122": 74.63888888888896,
    "123": 70.55555555555554,
    "124": 35.74074074074072,
    "125": 89.07407407407418,
    "126": 69.74074074074083,
    "127": 52.48148148148136,
    "128": 59.8055555555555,
    "129": 66.39814814814818,
    "130": 55.57407407407416,
    "131": 76.90740740740755,
    "132": 42.25000000000013,
    "133": 54.111111111111164,
    "134": 75.08333333333343,
    "135": 83.62037037037045,
    "136": 75.37037037037045,
    "137": 37.19444444444453
}