{
    "1": -23.228479685233324,
    "2": -134.02918800318872,
    "3": -183.54859258262314,
    "4": -154.02248146183143,
    "5": -270.25792995743313,
    "6": -250.73305503562523,
    "7": -425.78576345825866,
    "8": -288.5033802816992,
    "9": -59.66609949260458,
    "10": -25.071042340844016,
    "11": -91.92268627707486,
    "12": -60.6471870182779,
    "13": -365.9143284163908,
    "14": -445.6749003020363,
    "15": -301.5794314187391,
    "16": 13.492223345841268,
    "17": 9.369989573412084,
    "18": -499.223086297779,
    "19": -27.558712355439866,
    "20": -561.3788758086819,
    "21": -87.07864471420817,
    "22": -206.3534033675302,
    "23": -12.728017660183198,
    "24": -204.22759647054357,
    "25": -585.4429492502012,
    "26": -300.522107808837,
    "27": -606.1573913399454,
    "28": -59.98861650229332,
    "29": -502.6704445656134,
    "30": -38.55237810776143,
    "31": -358.9956305531706,
    "32": -438.508314662754,
    "33": 37.55761895036812,
    "34": -237.7754966249912,
    "35": -69.55431494585083,
    "36": -310.5824997993349,
    "37": -207.8947871481175,
    "38": -753.2426785008939,
    "39": -131.6601899129887,
    "40": -103.33481800791033,
    "41": -247.7055992689025,
    "42": -270.5629460010524,
    "43": -60.118838070127794,
    "44": -267.7141037225907,
    "45": -368.4286594348946,
    "46": -294.29944532363703,
    "47": -25.29765796853927,
    "48": -244.94085747677278,
    "49": -276.25698936193345,
    "50": -194.51463584782908,
    "51": -228.80956680136657,
    "52": -111.35403883903098,
    "53": -179.06210442069914,
    "54": -277.4965570218068,
    "55": -498.4306561044541,
    "56": -472.7706526146183,
    "57": -463.7879273776969,
    "58": -757.1801065492585,
    "59": -374.3977811877977,
    "60": -507.3702657692604,
    "61": -361.6762597941645,
    "62": -520.119247522049,
    "63": -300.03999710291976,
    "64": -209.70906372084102,
    "65": -527.1176919662292,
    "66": -464.382342627412,
    "67": -339.47792410270563,
    "68": -135.88351892876727,
    "69": -340.6930795196055,
    "70": -791.3061455355008,
    "71": -453.0216854212389,
    "72": -379.29372148675,
    "73": -448.0299636427294,
    "74": -532.3573217561376,
    "75": -526.9488176272105,
    "76": -426.28825416529133,
    "77": -438.66119730713115,
    "78": -417.1965564485504,
    "79": -450.40432700930506,
    "80": -379.1982825095562,
    "81": -436.74188112551985,
    "82": -461.047871929205,
    "83": -218.1343449572775,
    "84": -443.12901356338676,
    "85": -466.6461282822899,
    "86": -249.69834438797696,
    "87": -387.8335664640854
}