{
    "1": 73.6111111111113,
    "2": 67.44444444444446,
    "3": 54.16666666666665,
    "4": 68.55555555555566,
    "5": 48.79629629629634,
    "6": 18.407407407407582,
    "7": 57.40740740740741,
    "8": 41.962962962963076,
    "9": 77.35185185185195,
    "10": 17.222222222222335
}