{
    "1": 49.02777777777777,
    "2": 38.33333333333337,
    "3": 35.02777777777786,
    "4": 44.222222222222264,
    "5": 35.12037037037044,
    "6": 7.537037037037066,
    "7": 36.87037037037041,
    "8": 24.592592592592673,
    "9": 50.95370370370374,
    "10": 8.333333333333332
}