{
    "1": 121.52777777777779,
    "2": 105.44444444444449,
    "3": 121.08333333333334,
    "4": 113.13888888888889,
    "5": 119.12962962962972,
    "6": 92.65740740740738,
    "7": 114.65740740740738,
    "8": 102.79629629629622,
    "9": 110.93518518518525,
    "10": 98.97222222222217,
    "11": 98.40740740740739,
    "12": 119.44444444444449,
    "13": 111.27777777777781,
    "14": 119.9166666666667,
    "15": 113.87962962962966,
    "16": 100.60185185185182,
    "17": 112.25000000000003,
    "18": 92.04629629629632,
    "19": 109.81481481481482,
    "20": 113.16666666666667
}