{
    "1": 63.66666666666664,
    "2": 58.7222222222223,
    "3": 29.629629629629594,
    "4": 68.55555555555566,
    "5": 92.7037037037038,
    "6": 38.351851851851926,
    "7": 62.462962962963104,
    "8": 88.88888888888899,
    "9": 73.85185185185192,
    "10": 64.55555555555563
}