{
    "1": 6.355555555555498,
    "2": 2.561111111111053,
    "3": -6.518518518518555,
    "4": 8.655555555555535,
    "5": 22.374074074074027,
    "6": -15.712962962963008,
    "7": -4.157407407407427,
    "8": 23.799999999999955,
    "9": 0.33703703703698096,
    "10": 6.944444444444395
}