{
    "1": 75.27777777777797,
    "2": 99.94444444444447,
    "3": 46.35185185185183,
    "4": 84.69444444444441,
    "5": 100.01851851851852,
    "6": 82.9074074074075,
    "7": 100.15740740740755,
    "8": 120.77777777777779,
    "9": 103.35185185185188,
    "10": 100.50000000000014,
    "11": 99.42592592592598,
    "12": 112.38888888888893,
    "13": 88.39814814814821,
    "14": 106.89814814814821,
    "15": 97.03703703703712,
    "16": 107.06481481481481,
    "17": 94.9814814814816,
    "18": 106.88888888888884,
    "19": 91.51851851851855,
    "20": 114.74074074074078,
    "21": 92.9629629629631,
    "22": 91.00000000000013,
    "23": 105.82407407407415,
    "24": 81.85185185185193,
    "25": 102.962962962963,
    "26": 95.59259259259261,
    "27": 92.36111111111111,
    "28": 106.13888888888896,
    "29": 99.52777777777777,
    "30": 92.93518518518525,
    "31": 102.84259259259264,
    "32": 90.10185185185196,
    "33": 93.86111111111116,
    "34": 82.50000000000021,
    "35": 124.94444444444439,
    "36": 99.80555555555551,
    "37": 88.30555555555566,
    "38": 81.45370370370385,
    "39": 92.44444444444449,
    "40": 104.61111111111114,
    "41": 106.60185185185185,
    "42": 112.87037037037037,
    "43": 95.74074074074075,
    "44": 104.20370370370391,
    "45": 105.98148148148155,
    "46": 90.21296296296318,
    "47": 108.87962962962972,
    "48": 82.37962962962979,
    "49": 117.35185185185186,
    "50": 106.63888888888891,
    "51": 106.82407407407409,
    "52": 95.24999999999996,
    "53": 105.16666666666671,
    "54": 95.25000000000016,
    "55": 94.0833333333335,
    "56": 101.04629629629623,
    "57": 90.94444444444454,
    "58": 112.68518518518528,
    "59": 92.16666666666674,
    "60": 96.95370370370368,
    "61": 67.02777777777793,
    "62": 89.10185185185186,
    "63": 77.72222222222246,
    "64": 105.02777777777781,
    "65": 90.35185185185193,
    "66": 104.89814814814812,
    "67": 100.45370370370377,
    "68": 84.67592592592612,
    "69": 117.18518518518523,
    "70": 68.09259259259271,
    "71": 101.16666666666671,
    "72": 93.41666666666674,
    "73": 114.38888888888886,
    "74": 113.13888888888889,
    "75": 100.03703703703705,
    "76": 95.15740740740738,
    "77": 100.47222222222224,
    "78": 105.80555555555554,
    "79": 105.31481481481488,
    "80": 92.74074074074083,
    "81": 52.74999999999998,
    "82": 67.66666666666676,
    "83": 112.13888888888904,
    "84": 93.990740740741,
    "85": 89.45370370370372,
    "86": 99.3518518518519,
    "87": 99.9814814814816,
    "88": 103.82407407407413,
    "89": 93.29629629629623,
    "90": 103.7592592592592,
    "91": 88.6203703703705,
    "92": 91.20370370370385,
    "93": 85.48148148148155,
    "94": 76.7592592592594,
    "95": 95.851851851852,
    "96": 97.78703703703695,
    "97": 101.82407407407413,
    "98": 82.40740740740755,
    "99": 96.06481481481484,
    "100": 94.23148148148144,
    "101": 106.54629629629633,
    "102": 90.68518518518533,
    "103": 109.80555555555556,
    "104": 89.64814814814822,
    "105": 96.35185185185203,
    "106": 81.13888888888901,
    "107": 89.4074074074075,
    "108": 77.99074074074073,
    "109": 89.28703703703714,
    "110": 108.03703703703704,
    "111": 106.42592592592582,
    "112": 112.4722222222222,
    "113": 92.51851851851863,
    "114": 107.24074074074073,
    "115": 99.11111111111126,
    "116": 93.4444444444445,
    "117": 114.3703703703704,
    "118": 102.45370370370372,
    "119": 113.23148148148142,
    "120": 87.2500000000001,
    "121": 113.72222222222216,
    "122": 80.47222222222233,
    "123": 96.12962962962962,
    "124": 90.03703703703721,
    "125": 97.00925925925927,
    "126": 99.53703703703708,
    "127": 113.9814814814815,
    "128": 115.27777777777773,
    "129": 87.13888888888907,
    "130": 112.95370370370371,
    "131": 87.22222222222237,
    "132": 122.48148148148142,
    "133": 95.54629629629633,
    "134": 99.44444444444449,
    "135": 89.0648148148148,
    "136": 75.74074074074082,
    "137": 80.11111111111116,
    "138": 92.8703703703705,
    "139": 71.91666666666681,
    "140": 124.1851851851852,
    "141": 83.65740740740765,
    "142": 115.45370370370372,
    "143": 100.81481481481485,
    "144": 104.22222222222229,
    "145": 113.16666666666671,
    "146": 91.35185185185185,
    "147": 102.61111111111116,
    "148": 103.57407407407413,
    "149": 90.2037037037039,
    "150": 80.73148148148157,
    "151": 98.27777777777781,
    "152": 89.17592592592595,
    "153": 86.82407407407423,
    "154": 102.50925925925924,
    "155": 86.4074074074076,
    "156": 85.81481481481492,
    "157": 98.48148148148151,
    "158": 90.90740740740752,
    "159": 108.74074074074072,
    "160": 111.6851851851852,
    "161": 72.65740740740755,
    "162": 97.9259259259259,
    "163": 89.59259259259271,
    "164": 90.9722222222223,
    "165": 97.01851851851862,
    "166": 97.02777777777773,
    "167": 94.02777777777787,
    "168": 107.09259259259271,
    "169": 96.70370370370371,
    "170": 102.96296296296302,
    "171": 93.63888888888897,
    "172": 93.88888888888897,
    "173": 95.88888888888894,
    "174": 97.97222222222231,
    "175": 88.12037037037045,
    "176": 114.44444444444441,
    "177": 98.91666666666676,
    "178": 91.85185185185182,
    "179": 86.71296296296312,
    "180": 84.5648148148148,
    "181": 98.06481481481494,
    "182": 97.51851851851848,
    "183": 102.12962962962976,
    "184": 85.08333333333344,
    "185": 97.52777777777776,
    "186": 95.92592592592594,
    "187": 105.57407407407419,
    "188": 60.84259259259271,
    "189": 106.10185185185185,
    "190": 98.8240740740741,
    "191": 89.54629629629646,
    "192": 71.88888888888901,
    "193": 100.5555555555556,
    "194": 106.47222222222223,
    "195": 67.35185185185198,
    "196": 107.25000000000003,
    "197": 80.11111111111127,
    "198": 98.79629629629628,
    "199": 111.65740740740748,
    "200": 86.42592592592591,
    "201": 96.63888888888897,
    "202": 78.23148148148164,
    "203": 77.30555555555554,
    "204": 92.61111111111109,
    "205": 87.05555555555567,
    "206": 96.93518518518519,
    "207": 83.80555555555564,
    "208": 88.24074074074095,
    "209": 92.064814814815,
    "210": 83.4537037037039,
    "211": 115.36111111111104,
    "212": 85.6759259259259,
    "213": 96.25925925925928,
    "214": 91.82407407407419,
    "215": 64.06481481481504,
    "216": 88.79629629629646,
    "217": 117.93518518518509,
    "218": 105.75925925925935,
    "219": 106.76851851851855,
    "220": 106.52777777777779,
    "221": 94.10185185185193,
    "222": 97.24999999999996,
    "223": 73.51851851851858
}