{
    "1": [
        -112.91666666666669,
        -90.49999999999996,
        -93.50000000000013
    ],
    "2": [
        -17.516666666666666,
        -5.099999999999985,
        2.650000000000025
    ],
    "3": [
        -0.19999999999999218,
        16.633333333333344,
        14.55000000000003
    ],
    "4": [
        -30.799999999999997,
        -11.800000000000006,
        -11.29999999999998
    ],
    "5": [
        -12.533333333333315,
        4.966666666666666,
        2.300000000000008
    ],
    "6": [
        12.90000000000002,
        28.06666666666668,
        24.650000000000052
    ],
    "7": [
        -27.41666666666664,
        -15.333333333333321,
        -8.24999999999998
    ],
    "8": [
        -36.716666666666676,
        -20.799999999999986,
        -21.799999999999994
    ],
    "9": [
        -81.4333333333334,
        -69.9333333333333,
        -55.84999999999998
    ],
    "10": [
        -53.41666666666669,
        -40.0,
        -33.99999999999998
    ],
    "11": [
        -39.93333333333334,
        -26.433333333333323,
        -21.599999999999998
    ],
    "12": [
        -9.833333333333325,
        2.166666666666675,
        9.750000000000053
    ],
    "13": [
        -10.599999999999975,
        -1.09999999999997,
        8.900000000000038
    ],
    "14": [
        -21.633333333333315,
        -9.133333333333322,
        -2.049999999999963
    ],
    "15": [
        -1.8499999999999985,
        6.900000000000026,
        18.400000000000055
    ],
    "16": [
        34.4,
        46.39999999999998,
        47.650000000000006
    ],
    "17": [
        10.483333333333341,
        17.73333333333337,
        26.650000000000034
    ],
    "18": [
        33.10000000000001,
        43.599999999999994,
        45.35
    ],
    "19": [
        0.6166666666666993,
        8.200000000000026,
        17.950000000000063
    ],
    "20": [
        -20.56666666666663,
        -14.566666666666636,
        -3.149999999999931
    ],
    "21": [
        2.5833333333333597,
        10.333333333333371,
        15.500000000000068
    ],
    "22": [
        3.283333333333357,
        9.700000000000019,
        18.950000000000035
    ],
    "23": [
        19.93333333333336,
        28.433333333333355,
        32.850000000000044
    ],
    "24": [
        14.300000000000017,
        24.466666666666697,
        25.050000000000033
    ],
    "25": [
        16.616666666666696,
        29.53333333333335,
        24.950000000000042
    ],
    "26": [
        8.133333333333338,
        22.13333333333335,
        20.05000000000006
    ],
    "27": [
        11.133333333333365,
        22.966666666666693,
        11.050000000000011
    ],
    "28": [
        14.65000000000002,
        22.73333333333337,
        21.40000000000005
    ],
    "29": [
        7.250000000000003,
        19.833333333333368,
        12.000000000000012
    ],
    "30": [
        2.616666666666675,
        16.200000000000006,
        13.450000000000035
    ],
    "31": [
        -16.766666666666644,
        -3.4333333333333087,
        -9.09999999999998
    ],
    "32": [
        10.766666666666696,
        22.93333333333337,
        19.350000000000065
    ],
    "33": [
        -10.449999999999964,
        1.8000000000000098,
        -11.949999999999974
    ],
    "34": [
        9.700000000000022,
        22.200000000000017,
        15.950000000000038
    ],
    "35": [
        -2.766666666666659,
        8.233333333333364,
        0.900000000000007
    ],
    "36": [
        -20.766666666666648,
        -6.766666666666678,
        -16.349999999999987
    ],
    "37": [
        -60.16666666666666,
        -45.166666666666664,
        -54.99999999999998
    ],
    "38": [
        2.95000000000001,
        13.533333333333342,
        6.199999999999996
    ],
    "39": [
        -25.43333333333334,
        -12.766666666666646,
        -20.599999999999927
    ],
    "40": [
        -74.10000000000005,
        -66.09999999999995,
        -59.599999999999994
    ],
    "41": [
        -63.33333333333336,
        -53.833333333333314,
        -61.75000000000003
    ],
    "42": [
        -28.800000000000004,
        -20.29999999999998,
        -26.549999999999923
    ],
    "43": [
        -34.80000000000002,
        -28.96666666666659,
        -32.29999999999989
    ],
    "44": [
        -32.53333333333335,
        -26.199999999999967,
        -26.69999999999993
    ],
    "45": [
        -32.50000000000001,
        -29.99999999999995,
        -23.999999999999922
    ],
    "46": [
        -70.70000000000009,
        -72.53333333333333,
        -59.70000000000008
    ],
    "47": [
        -200.39999999999978,
        -206.56666666666632,
        -191.14999999999986
    ],
    "48": [
        -244.98333333333335,
        -243.5666666666666,
        -235.40000000000032
    ],
    "49": [
        -232.51666666666634,
        -239.43333333333322,
        -221.0999999999998
    ],
    "50": [
        -136.73333333333335,
        -129.89999999999995,
        -125.65000000000015
    ],
    "51": [
        -193.73333333333323,
        -186.4000000000001,
        -180.14999999999986
    ],
    "52": [
        -118.91666666666687,
        -106.66666666666664,
        -109.2500000000002
    ],
    "53": [
        -51.01666666666676,
        -46.59999999999994,
        -40.5999999999999
    ],
    "54": [
        -120.95000000000013,
        -110.20000000000005,
        -113.70000000000005
    ],
    "55": [
        -261.45,
        -255.53333333333347,
        -249.4500000000001
    ],
    "56": [
        -177.26666666666648,
        -167.5999999999998,
        -166.0999999999998
    ],
    "57": [
        -248.13333333333324,
        -233.46666666666673,
        -237.55000000000013
    ],
    "58": [
        -155.6,
        -147.76666666666662,
        -145.85000000000036
    ],
    "59": [
        -356.5166666666669,
        -348.93333333333305,
        -352.3499999999996
    ],
    "60": [
        -255.04999999999978,
        -251.46666666666653,
        -241.29999999999998
    ],
    "61": [
        -278.9833333333332,
        -267.23333333333335,
        -266.8999999999999
    ],
    "62": [
        -462.1999999999989,
        -456.6999999999995,
        -451.449999999999
    ],
    "63": [
        -130.6833333333334,
        -116.93333333333352,
        -126.60000000000028
    ],
    "64": [
        -106.55000000000018,
        -98.79999999999995,
        -97.30000000000007
    ],
    "65": [
        -119.83333333333346,
        -107.83333333333337,
        -110.50000000000001
    ],
    "66": [
        -130.51666666666674,
        -125.93333333333361,
        -120.85000000000025
    ],
    "67": [
        -267.28333333333313,
        -259.7,
        -262.69999999999976
    ],
    "68": [
        -356.1666666666666,
        -339.3333333333334,
        -353.24999999999994
    ],
    "69": [
        -261.96666666666647,
        -248.96666666666655,
        -256.54999999999967
    ],
    "70": [
        -134.90000000000003,
        -127.40000000000018,
        -123.40000000000013
    ],
    "71": [
        -160.16666666666652,
        -146.50000000000006,
        -159.00000000000003
    ],
    "72": [
        -229.8166666666665,
        -218.89999999999992,
        -223.64999999999978
    ],
    "73": [
        -315.1833333333331,
        -304.7666666666667,
        -308.59999999999985
    ],
    "74": [
        -298.9666666666665,
        -286.6333333333332,
        -295.5499999999998
    ],
    "75": [
        -287.53333333333325,
        -272.3666666666666,
        -283.9499999999999
    ],
    "76": [
        -217.60000000000002,
        -202.76666666666668,
        -212.60000000000002
    ],
    "77": [
        -166.68333333333322,
        -150.93333333333328,
        -161.6
    ],
    "78": [
        -607.9499999999998,
        -593.533333333333,
        -608.7
    ],