{
    "1": -60.973148148148056,
    "2": -34.66990740740737,
    "3": -35.029629629629575,
    "4": 4.048611111111125,
    "5": -59.04351851851842,
    "6": -108.05972222222225,
    "7": -65.25601851851843,
    "8": -39.58888888888885,
    "9": -44.83981481481474,
    "10": -91.4347222222222,
    "11": -68.23148148148135,
    "12": -44.94999999999989,
    "13": 7.855555555555602,
    "14": -20.921296296296283,
    "15": -13.25092592592593,
    "16": -39.29768518518513,
    "17": -88.9949074074073,
    "18": -47.461111111111045,
    "19": -62.777777777777686,
    "20": -66.48749999999997,
    "21": -27.587962962962955,
    "22": -44.08101851851848,
    "23": -74.16157407407394,
    "24": -46.50694444444441,
    "25": -97.82916666666671,
    "26": -34.42546296296293,
    "27": -91.60138888888883,
    "28": -74.83611111111117,
    "29": -81.27777777777791,
    "30": 37.39212962962969,
    "31": -56.83564814814808,
    "32": -22.59953703703701,
    "33": -119.72546296296315,
    "34": -22.100925925925896,
    "35": -99.95231481481471,
    "36": -67.66435185185179,
    "37": -63.621296296296265,
    "38": -48.012962962962895,
    "39": -43.76342592592582,
    "40": -107.9564814814814,
    "41": -48.84583333333327,
    "42": -182.87916666666703,
    "43": -77.10509259259243,
    "44": -68.10555555555538,
    "45": -69.86249999999987,
    "46": -105.2759259259259,
    "47": -43.56388888888887,
    "48": -134.9791666666666,
    "49": -75.79074074074079,
    "50": -68.08749999999996,
    "51": -91.73425925925935,
    "52": -138.8828703703706,
    "53": -61.443981481481345,
    "54": -76.8203703703703,
    "55": -121.81759259259275,
    "56": -108.29212962962967,
    "57": -56.196296296296204,
    "58": -122.3166666666668,
    "59": -91.65324074074084,
    "60": -119.04212962962957,
    "61": -62.89166666666664,
    "62": -69.66574074074072,
    "63": -175.16898148148186,
    "64": -144.58240740740771,
    "65": -204.39814814814838,
    "66": -149.5907407407409,
    "67": -141.27314814814844,
    "68": -89.46944444444442,
    "69": -151.92222222222264,
    "70": -131.91250000000022,
    "71": -123.93703703703719,
    "72": -49.273148148148074,
    "73": -77.57777777777778,
    "74": -37.84120370370362,
    "75": -135.3208333333335,
    "76": -67.04027777777765,
    "77": -78.64490740740749,
    "78": -90.03194444444448,
    "79": -111.70138888888879,
    "80": -120.54444444444442,
    "81": -152.17129629629665,
    "82": -165.44722222222242,
    "83": -44.575925925925894,
    "84": -124.50694444444446,
    "85": -75.38564814814825,
    "86": -73.75833333333327,
    "87": -180.1847222222227,
    "88": -160.30740740740794,
    "89": -120.72916666666661,
    "90": -114.79722222222242,
    "91": -121.34675925925922,
    "92": -151.55787037037095,
    "93": -49.4708333333333,
    "94": -163.37962962962987,
    "95": -120.5166666666668,
    "96": -102.42546296296301,
    "97": -138.49814814814832,
    "98": -141.4481481481485,
    "99": -91.99814814814806,
    "100": -167.7189814814817,
    "101": -207.27222222222247,
    "102": -108.85601851851864,
    "103": -91.51342592592586,
    "104": -120.87962962962987,
    "105": -83.10740740740756,
    "106": -130.2268518518521,
    "107": -159.0055555555559,
    "108": -72.51990740740736,
    "109": -122.14490740740771,
    "110": -134.4754629629634,
    "111": -188.50462962963024,
    "112": -205.51527777777846,
    "113": -261.91111111111127,
    "114": -187.09583333333399,
    "115": -119.87962962962973,
    "116": -102.54120370370372,
    "117": -91.8106481481482,
    "118": -176.1467592592597,
    "119": -216.46250000000055,
    "120": -172.70185185185187,
    "121": -196.0305555555562,
    "122": -187.90555555555616,
    "123": -169.62592592592608,
    "124": -175.71435185185197,
    "125": -282.14537037037053,
    "126": -315.3782407407408,
    "127": -187.97592592592633,
    "128": -126.9393518518518,
    "129": -241.9995370370378,
    "130": -204.4069444444451,
    "131": -269.591203703704,
    "132": -100.44305555555535,
    "133": -207.3296296296301,
    "134": -119.577314814815,
    "135": -111.61805555555573,
    "136": -300.8185185185183,
    "137": -194.17361111111148,
    "138": -213.41296296296363,
    "139": -210.45648148148234,
    "140": -162.99861111111122,
    "141": -172.1800925925931,
    "142": -199.58981481481518,
    "143": -221.21342592592606,
    "144": -326.75601851851934,
    "145": -189.03703703703727,
    "146": -328.33333333333303,
    "147": -294.3458333333333,
    "148": -255.8217592592594,
    "149": -248.79444444444516,
    "150": -315.53333333333256,
    "151": -223.75231481481495,
    "152": -185.93657407407454,
    "153": -261.26064814814845,
    "154": -296.236111111112,
    "155": -222.83796296296333,
    "156": -237.0791666666673,
    "157": -235.6995370370374,
    "158": -224.74583333333425,
    "159": -208.32083333333392,
    "160": -247.17222222222313,
    "161": -182.40277777777814,
    "162": -268.6638888888891,
    "163": -355.40972222222183,
    "164": -303.83287037037115,
    "165": -236.01388888888957,
    "166": -198.37638888888966,
    "167": -250.04907407407478,
    "168": -191.04907407407438,
    "169": -324.87037037037004,
    "170": -194.31666666666712,
    "171": -271.72685185185236,
    "172": -294.65833333333313,
    "173": -262.6333333333337,
    "174": -183.68564814814846,
    "175": -273.0277777777781,
    "176": -273.81250000000034,
    "177": -177.58333333333357,
    "178": -265.98750000000103,
    "179": -379.54861111111035,
    "180": -207.76574074074077,
    "181": -308.73703703703694,
    "182": -263.9310185185192,
    "183": -199.6925925925926,
    "184": -226.22407407407425,
    "185": -334.927314814815,
    "186": -284.85046296296275,
    "187": -258.1865740740746,
    "188": -349.21620370370425,
    "189": -335.0745370370365,
    "190": -329.1712962962951,
    "191": -429.1583333333334,
    "192": -359.0458333333328,
    "193": -342.6611111111104,
    "194": -409.0995370370358
}