{
    "1": 11.27261623838693,
    "2": -11.244195579425494,
    "3": -62.20989416591674,
    "4": 233.99947977343962,
    "5": 260.09425579657113,
    "6": -113.9527387408649,
    "7": 197.75352916816047,
    "8": 288.33715422123214,
    "9": 20.535943938979926,
    "10": 252.70997687437017,
    "11": 241.09584461158073,
    "12": -144.145684717506,
    "13": 300.8828843052519,
    "14": 192.27783295864106,
    "15": 252.32334786707779,
    "16": -181.26956591883408,
    "17": -364.9571277940645,
    "18": 272.4096571765966,
    "19": -10.951954439816987,
    "20": 52.51651161108842,
    "21": 42.63224692912365,
    "22": -161.6016696591242,
    "23": 284.9829277036721,
    "24": 9.271519229217063,
    "25": 10.82832469394151,
    "26": 21.92318559715339,
    "27": 229.40865452536383,
    "28": 280.37886313282627,
    "29": 207.57212957447487,
    "30": 264.7361140578673,
    "31": 268.51092651630836,
    "32": -68.21189334978773,
    "33": -131.06080343930364,
    "34": -21.205526458469222,
    "35": -17.239488753744325,
    "36": 6.290943872517161,
    "37": 251.49572467514972,
    "38": 241.8219400683729,
    "39": -58.23975578135353,
    "40": 285.5720669422644,
    "41": 139.6668446037527,
    "42": -12.017357137440683,
    "43": 280.064577554579,
    "44": 289.7276124196803,
    "45": 241.17701688309583,
    "46": 293.10440648026724,
    "47": 216.86167393053455,
    "48": 205.9111999464015,
    "49": 19.92579129071271,
    "50": 277.99077034797403,
    "51": -65.4108166883658,
    "52": 23.07694177804042,
    "53": -19.847370149926576,
    "54": -84.49906107184317,
    "55": 288.1557454783649,
    "56": 42.523511517958525,
    "57": -120.48826756187856,
    "58": 225.7199887552273,
    "59": -175.94306957717595,
    "60": -0.5363956701035164,
    "61": 4.980367615341402,
    "62": 271.05971066981806,
    "63": -50.446431806835164,
    "64": 44.4860729881039,
    "65": 272.0384910637642,
    "66": 283.5155501952147,
    "67": -128.50790181446936,
    "68": -62.73302047753192,
    "69": -15.262200602123883,
    "70": -50.2041508763749,
    "71": 254.32306651406122,
    "72": 257.8727070049946,
    "73": 19.89041878393769,
    "74": 223.2169264295598,
    "75": 20.066607796247013,
    "76": 32.95638348088224,
    "77": 280.9867936861808,
    "78": 243.61175154764,
    "79": 19.91943369774627,
    "80": -376.6681079704535,
    "81": 5.394654462323004,
    "82": 283.1811877462726,
    "83": -42.14147233809557,
    "84": -2.8018069997449544,
    "85": 230.8994360356372,
    "86": 19.176372668209382,
    "87": -283.6189679290327,
    "88": -248.68110098101903,
    "89": 283.3796666718102,
    "90": 2.4056279967563654,
    "91": 48.685750378879106,
    "92": 200.5528707523029,
    "93": 52.853772967760705,
    "94": 62.93028825281678,
    "95": 26.899983538452773,
    "96": 260.8831050476417,
    "97": 253.95544889969736,
    "98": -177.73714228273178,
    "99": 233.53642957997602,
    "100": -217.56864795597338,
    "101": 240.68117891869858,
    "102": 214.5632210451518,
    "103": -132.77351047649267,
    "104": -79.01205600185075,
    "105": 276.12310712712053,
    "106": -165.5717135176655,
    "107": 7.185141624091486,
    "108": 236.14295698770354,
    "109": -12.75699321556452,
    "110": 255.89510266240504,
    "111": 19.824036401910462,
    "112": 274.35066895768114,
    "113": 56.55557563382857,
    "114": -55.955793856212225,
    "115": -2.8881798946939483,
    "116": -109.0298256900513,
    "117": 290.86985193440773,
    "118": 9.531807343710426,
    "119": 260.87245312925904,
    "120": 271.57968522794897,
    "121": 223.19522839399934,
    "122": 199.802693126838,
    "123": -182.26665202776763,
    "124": 264.15906573514496,
    "125": 213.6943855858212,
    "126": 192.72322143000352,
    "127": 275.78852150449006,
    "128": 236.83565814687466,
    "129": -56.40781817378107,
    "130": 266.1210098285738,
    "131": 249.26912620731457,
    "132": 250.41247169648477,
    "133": 241.95084683667375,
    "134": 9.568958484739639,
    "135": 271.43076698838155,
    "136": -298.9876409654964,
    "137": 193.6487934316715,
    "138": 289.51998992487654,
    "139": -12.80632509920666,
    "140": 42.76292086005239,
    "141": 46.73730656968081,
    "142": 214.3698549679121,
    "143": 210.93309939555368,
    "144": 3.5472456256948846,
    "145": 226.68306795849765,
    "146": 5.526386991125875,
    "147": 313.03579197708984,
    "148": 241.5706983948519,
    "149": -218.03977156779183,
    "150": -72.78366619050192,
    "151": -279.2128653289138,
    "152": 15.83321383847796,
    "153": 222.5555667979678,
    "154": -101.31218689658796,
    "155": 256.36326815827533,
    "156": -169.71191412272753,
    "157": -73.88660987843492,
    "158": 255.03141891508517,
    "159": 280.01516344288734,
    "160": 234.78239690104556,
    "161": 172.433433051583,
    "162": 286.1305384269002,
    "163": 249.21321970583634,
    "164": 36.2930812253112,
    "165": -106.18907673765868,
    "166": 193.17934697864894,
    "167": 266.3246948435311,
    "168": 10.618693739719319,
    "169": 203.63125908698433,
    "170": 256.63473107801207,
    "171": 229.8876683059811,
    "172": 24.250762487774267,
    "173": -80.832065577994,
    "174": 262.98535037478047,
    "175": 90.38161742207758,
    "176": 0.5330736556263105,
    "177": -167.6819713028534,
    "178": 278.0596615382106,
    "179": -51.74992209968448,
    "180": 216.49067985945655,
    "181": -116.163301032667,
    "182": 266.73476278600276,
    "183": 300.8578452410569,
    "184": 46.75269020647599,
    "185": 293.7542004602088,
    "186": 236.88248254928595,
    "187": -122.5678422331574,
    "188": 248.74414851167035,
    "189": 7.663544937004261,
    "190": 273.49779429104353,
    "191": 238.19244492346803,
    "192": 174.68184202899772,
    "193": 268.266205532144,
    "194": 10.366092429087047,
    "195": -41.75804167527697,
    "196": -83.83803491331419,
    "197": -81.03140401541893,
    "198": 88.4768439138476,
    "199": 26.929011387933038,
    "200": 244.75584030876863,
    "201": -101.61287368399218,
    "202": 176.20215734540952,
    "203": 245.56589977870627,
    "204": 270.57376966063987,
    "205": 218.842453723764,
    "206": 12.082469277548086,
    "207": 238.68101254858263,
    "208": 241.75113219586763,
    "209": 289.1909360884582,
    "210": 252.94937713027366,
    "211": -24.430389820241402,
    "212": -16.22952570649703,
    "213": 11.785831725487526,
    "214": 289.464665877767,
    "215": 219.31721407725396,
    "216": -10.627742890598526,
    "217": 265.19443753951646,
    "218": 264.8223381397207,
    "219": -65.6039062353581,
    "220": 259.57764383422113,
    "221": 185.3315946922988,
    "222": 238.69049432579865,
    "223": 41.09956163729507,
    "224": -55.91883742833448,
    "225": -0.766571203433756,
    "226": 9.610360558940783,
    "227": -70.40547183794246,
    "228": 270.2945076575085,
    "229": -21.68794529561376,
    "230": 243.39442476710994,
    "231": 273.4228569435809,
    "232": 265.96962437772135,
    "233": 205.96352060030003,
    "234": 214.40064734101423,
    "235": -180.7217016422794,
    "236": 239.93719070388286,
    "237": -156.13132077226538,
    "238": 287.0690027109256,
    "239": -147.75750075307906,
    "240": 271.0987923814914,
    "241": 251.45651482823848,
    "242": 218.21761941254246,
    "243": 263.2538327214883,
    "244": 219.21537225607088,
    "245": 253.41334159615047,
    "246": 260.4443650337199,
    "247": 242.76301322758854,
    "248": -14.750145932552826,
    "249": 188.53225758383252,
    "250": -182.4829587553022,
    "251": 267.06838310889924,
    "252": 285.9819785242588,
    "253": 163.2152783026826,
    "254": 209.135672579677,
    "255": -82.50953416982826,
    "256": 253.33748850821567,
    "257": -70.38454626682793,
    "258": 296.0383438910132,
    "259": 230.74446384901302,
    "260": -70.77326458499333,
    "261": -19.128155403862692,
    "262": 204.8406304017866,
    "263": 264.0107840833484,