{
    "1": 8.434259259259244,
    "2": 8.76851851851854,
    "3": -73.48703703703713,
    "4": 8.97777777777774,
    "5": 2.476851851851854,
    "6": -166.36574074074107,
    "7": 10.202777777777783,
    "8": -22.18518518518518,
    "9": -82.94629629629624,
    "10": 29.351851851851848,
    "11": -25.51527777777776,
    "12": -61.72129629629626,
    "13": 17.443518518518534,
    "14": -4.539814814814816,
    "15": -80.84999999999991,
    "16": 40.33101851851855,
    "17": 11.302314814814812,
    "18": -98.49907407407396,
    "19": 24.589814814814865,
    "20": 33.63750000000006,
    "21": -57.46342592592586,
    "22": -3.79398148148149,
    "23": 12.534259259259272,
    "24": -30.42546296296294,
    "25": 27.480555555555586,
    "26": 7.318518518518503,
    "27": -12.847222222222218,
    "28": 10.940740740740733,
    "29": 34.032870370370404,
    "30": -7.1361111111110915,
    "31": -19.60787037037036,
    "32": 1.9087962962962868,
    "33": -25.30185185185183,
    "34": 31.926851851851886,
    "35": 12.20555555555556,
    "36": -8.824999999999978,
    "37": 17.861574074074106,
    "38": -17.7550925925926,
    "39": -24.85416666666661,
    "40": -1.0171296296295882,
    "41": -8.215277777777773,
    "42": -4.453240740740714,
    "43": 51.00925925925936,
    "44": 23.366666666666674,
    "45": -10.798611111111116,
    "46": 24.4412037037037,
    "47": 6.572685185185184,
    "48": -15.88981481481477,
    "49": 15.14444444444447,
    "50": 16.10277777777781,
    "51": -2.464351851851845,
    "52": 21.174074074074156,
    "53": -7.559259259259246,
    "54": -0.5583333333333256,
    "55": -11.96620370370373,
    "56": 2.0398148148148016,
    "57": 48.72453703703708,
    "58": -8.362499999999994,
    "59": -20.804629629629595,
    "60": 46.33981481481492,
    "61": 31.962037037037064,
    "62": 32.92361111111121,
    "63": 35.87870370370376,
    "64": 18.720833333333335,
    "65": 43.17916666666671,
    "66": -9.004166666666663,
    "67": 16.61064814814817,
    "68": -0.03888888888887543,
    "69": 42.86018518518527,
    "70": 52.57037037037043,
    "71": 24.501388888888997,
    "72": 60.58796296296303,
    "73": -11.200925925925933,
    "74": 16.841203703703712,
    "75": -1.9939814814814447,
    "76": 42.70833333333346,
    "77": 28.97592592592597,
    "78": 26.541666666666785,
    "79": 25.37638888888894,
    "80": 49.18194444444451,
    "81": 54.97546296296299,
    "82": 37.25324074074078,
    "83": 31.597222222222264,
    "84": 67.50787037037033,
    "85": 65.79074074074077,
    "86": 13.149074074074184,
    "87": 62.02453703703713,
    "88": 46.24537037037049,
    "89": 18.27777777777782,
    "90": 37.10972222222229,
    "91": 48.482407407407486,
    "92": -1.5476851851851468,
    "93": 42.298611111111235,
    "94": 33.10879629629636,
    "95": 54.19398148148155,
    "96": 17.574074074074204,
    "97": 3.9189814814815316,
    "98": 26.7703703703704,
    "99": 54.515740740740846,
    "100": 2.5379629629630047,
    "101": 42.46250000000003,
    "102": 45.55879629629645,
    "103": 16.11527777777777,
    "104": -0.9513888888888626,
    "105": 60.03888888888898,
    "106": 38.37731481481487,
    "107": 46.75370370370377,
    "108": 30.924074074074134,
    "109": 18.10925925925931,
    "110": 45.88425925925939,
    "111": 16.344444444444598,
    "112": 18.419907407407464,
    "113": 52.894444444444545,
    "114": 61.56481481481491,
    "115": 46.006481481481536,
    "116": 43.52129629629641,
    "117": 58.78935185185187,
    "118": 23.450925925926,
    "119": 20.80740740740746,
    "120": 70.87962962962942,
    "121": 17.379166666666745,
    "122": 29.24768518518522,
    "123": 69.49212962962966,
    "124": 24.362037037037105,
    "125": 45.82175925925939,
    "126": 44.4856481481482,
    "127": 56.49768518518531,
    "128": 41.83611111111117,
    "129": 70.4768518518516,
    "130": 39.60833333333345,
    "131": 44.53888888888898,
    "132": 66.62500000000006,
    "133": 20.916203703703804,
    "134": 31.737500000000047,
    "135": 78.38518518518508,
    "136": 26.158333333333413,
    "137": 50.372222222222284,
    "138": 64.8111111111111,
    "139": 41.66666666666675,
    "140": 52.69444444444455,
    "141": 51.479166666666764,
    "142": 50.133333333333425,
    "143": 64.99629629629634,
    "144": 73.06018518518495,
    "145": 15.932407407407483,
    "146": 40.71851851851864,
    "147": 48.4625000000001,
    "148": 12.982407407407415,
    "149": 47.69166666666678,
    "150": 55.537037037037095,
    "151": 50.67361111111118,
    "152": 74.4652777777776,
    "153": 39.21990740740753,
    "154": 6.33287037037049,
    "155": 54.98009259259255,
    "156": 71.46527777777766,
    "157": 68.62175925925928,
    "158": 42.251388888888954,
    "159": 52.06111111111126,
    "160": 69.06249999999989,
    "161": 25.825925925926057,
    "162": 58.31018518518523,
    "163": 37.74953703703712,
    "164": 70.59259259259242,
    "165": 58.520833333333314,
    "166": 81.8587962962962,
    "167": 55.281018518518565,
    "168": 81.37037037037021,
    "169": 83.81018518518499,
    "170": 39.7685185185186,
    "171": 70.28379629629616,
    "172": 56.636574074074176,
    "173": 65.40740740740742,
    "174": 61.695370370370405,
    "175": 31.97314814814827,
    "176": 63.190740740740814,
    "177": 67.35185185185168,
    "178": 34.51250000000013,
    "179": 76.15185185185186,
    "180": 72.9930555555554,
    "181": 64.53148148148152,
    "182": 55.69212962962968,
    "183": 90.06018518518505,
    "184": 82.4999999999998,
    "185": 81.53703703703677,
    "186": 74.59074074074057,
    "187": 72.68055555555537,
    "188": 26.69675925925938,
    "189": 77.05092592592572,
    "190": 60.94768518518533,
    "191": 28.891203703703734,
    "192": 78.68518518518506,
    "193": 54.957407407407445,
    "194": 86.45601851851836,
    "195": 84.21064814814801,
    "196": 52.52685185185195,
    "197": 78.62037037037008,
    "198": 76.85416666666653,
    "199": 50.50648148148157,
    "200": 62.106018518518574,
    "201": 77.88657407407385,
    "202": 62.26620370370379,
    "203": 60.75092592592603,
    "204": 79.95601851851839,
    "205": 73.58564814814794,
    "206": 64.57638888888887,
    "207": 85.53472222222199,
    "208": 33.97083333333343,
    "209": 30.44166666666677,
    "210": 56.38287037037049,
    "211": 55.00416666666674,
    "212": 65.37962962962972,
    "213": 76.51388888888869,
    "214": 75.07870370370343,
    "215": 48.05277777777773,
    "216": 88.26157407407382,
    "217": 84.90509259259241,
    "218": 74.66435185185172,
    "219": 76.44444444444424,
    "220": 91.21296296296286,
    "221": 90.9953703703702,
    "222": 82.74305555555544,
    "223": 89.62731481481472,
    "224": 83.02777777777756,
    "225": 75.06712962962939,
    "226": 59.417592592592705,
    "227": 62.578703703703816,
    "228": 82.89814814814792,
    "229": 64.53240740740743,
    "230": 80.5694444444441,
    "231": 82.77777777777753,
    "232": 85.39351851851836,
    "233": 58.43055555555568,
    "234": 62.54953703703713,
    "235": 50.87592592592596,
    "236": 82.96157407407388,
    "237": 73.66898148148115,
    "238": 84.57638888888866,
    "239": 42.839351851851916,
    "240": 57.22361111111122,
    "241": 70.43055555555534,
    "242": 65.68055555555544,
    "243": 77.43518518518493,
    "244": 38.2500000000001,
    "245": 72.74305555555526,
    "246": 80.74074074074052,
    "247": 72.16666666666653,
    "248": 53.518518518518604,
    "249": 74.11805555555526,
    "250": 71.59259259259234,
    "251": 76.62037037037013,
    "252": 73.23379629629613,
    "253": 79.2731481481479,
    "254": 86.2499999999998,
    "255": 85.07175925925912,
    "256": 68.79999999999991,
    "257": 69.92453703703691,
    "258": 66.64814814814815,
    "259": 68.10879629629613,
    "260": 67.87129629629632,
    "261": 81.32870370370345,
    "262": 81.31481481481453,
    "263": 70.61712962962957,
    "264": 75.8009259259257,
    "265": 74.82175925925901,
    "266": 89.01388888888873,
    "267": 83.4745370370369,