{
    "1": -258.7612914324027,
    "2": -107.99474717648482,
    "3": -218.31301285350767,
    "4": -343.2275061614723,
    "5": -458.1968823535176,
    "6": -89.70589814988433,
    "7": -74.32160068475253,
    "8": -376.32732977429043,
    "9": -62.485349184769255,
    "10": -216.81470508604633,
    "11": -47.74375696820019,
    "12": -216.52199961649143,
    "13": -110.41776535133077,
    "14": -430.8705759098183,
    "15": -458.9440493061189,
    "16": -583.6847017732165,
    "17": -675.6660071066266,
    "18": -576.3044569008905,
    "19": -527.6520380686281,
    "20": -536.4680140466855,
    "21": -1042.7662551360645,
    "22": -488.83324003601706,
    "23": -495.98237182558415,
    "24": -566.178914556991,
    "25": -649.2066460890488,
    "26": -742.329560920664,
    "27": -636.4187620914545,
    "28": -517.0364402469854,
    "29": -629.468029963469,
    "30": -685.066314267115,
    "31": -710.521040646431,
    "32": -564.0494927496461,
    "33": -506.1301936679264,
    "34": -875.7929301075117,
    "35": -752.3780016784916,
    "36": -456.99872656518806,
    "37": -777.1600120410878,
    "38": -673.1210711124745,
    "39": -694.7605794962227,
    "40": -689.0028695292646,
    "41": -737.8706728063119,
    "42": -325.7006194040495,
    "43": -337.60880329589514,
    "44": -417.43870510566046,
    "45": -111.97491654991839,
    "46": -192.43175018722428,
    "47": -339.1324960933291,
    "48": -291.4765496961368,
    "49": -356.5898888815414,
    "50": -244.03665595745426,
    "51": -774.7292600743715,
    "52": -503.3015514281383,
    "53": -300.1444306321447,
    "54": -527.4416743638932,
    "55": -585.9927546136316,
    "56": -411.5396996962318,
    "57": -493.3728567834331,
    "58": -579.8227648848554,
    "59": -463.00896196920985,
    "60": -365.55091990926917,
    "61": -275.79897292870237,
    "62": -213.9120835035485,
    "63": -355.18703808974806,
    "64": -611.991846210748
}