{
    "1": 274.16724794507087,
    "2": 243.26327649293938,
    "3": 202.50412640263121,
    "4": 196.7970125503369,
    "5": 245.57045039540546,
    "6": -107.50764649072445,
    "7": 236.552468739047,
    "8": 275.3959430232731,
    "9": 236.09296918252107,
    "10": 252.88182164490746,
    "11": 220.25083639521864,
    "12": 248.21581388134686,
    "13": 296.121864182321,
    "14": 211.7776420927895,
    "15": 251.63778880148175,
    "16": 282.37767211125276,
    "17": -18.956711061854236,
    "18": 284.9510498499554,
    "19": 246.87829971029663,
    "20": 227.23546129323526,
    "21": 282.1985146645421,
    "22": -116.4506182545742,
    "23": 283.0431352022227,
    "24": 295.37901164377433,
    "25": 264.92525361832804,
    "26": 303.5781270735097,
    "27": 241.42105189726203,
    "28": 247.02380098931508,
    "29": 270.0570185199858,
    "30": 261.8742557341513,
    "31": 253.61141781151062,
    "32": 248.8089142138926,
    "33": 255.71701303456916,
    "34": 153.19072670675376,
    "35": 276.9322727665308,
    "36": -203.752582492613,
    "37": 278.576287157897,
    "38": 239.94796937372092,
    "39": 203.12826574316176,
    "40": 255.3287337051571,
    "41": -178.6060912451258,
    "42": 62.48695974757042,
    "43": 277.8640181615199,
    "44": 312.14216939176004,
    "45": 212.11977680757568,
    "46": 296.73833961094135,
    "47": 235.02855512179266,
    "48": 244.53656044067301,
    "49": 243.09957768310517,
    "50": 244.52107944169012,
    "51": 231.8230590170329,
    "52": 250.7164983122769,
    "53": 250.87086969136726,
    "54": 253.13239419401145,
    "55": 262.1579538682743,
    "56": 300.72508839239777,
    "57": -80.94578899671279,
    "58": 212.06883486309079,
    "59": 166.33293617061105,
    "60": 205.78877748066446,
    "61": 203.23284041616313,
    "62": 234.1033526422647,
    "63": 243.11536232128498,
    "64": 286.5823109512821,
    "65": -191.67196657448704,
    "66": 279.90622472844166,
    "67": 263.43020837692455,
    "68": 271.7427417652634,
    "69": 303.7122334152024,
    "70": 253.57390728790642,
    "71": 232.60751306119323,
    "72": 264.1494189028405,
    "73": -226.7757266710699,
    "74": 254.55933590855506,
    "75": 298.7748569139276,
    "76": 272.386597959641,
    "77": 275.7900683552515,
    "78": 247.1446913860529,
    "79": 256.15269449282596,
    "80": -247.95660622417537,
    "81": -45.20063775382255,
    "82": 240.28116743107816,
    "83": 263.608147240285,
    "84": 196.7989241915214,
    "85": 299.164325485771,
    "86": 227.5513769940437,
    "87": 235.8881787077409,
    "88": -227.58351274802845,
    "89": 233.05775418714052,
    "90": 228.6481782558441,
    "91": 257.4553922890313,
    "92": -180.457465474878,
    "93": 288.4861481792553,
    "94": 271.58474113757165,
    "95": 253.10156928575324,
    "96": 263.9314267742203,
    "97": 248.1965277269074,
    "98": 211.0319741991131,
    "99": 215.449947840156,
    "100": -78.26091805771581
}