{
    "1": 268.537820930624,
    "2": 255.1701358624481,
    "3": 247.5131583950702,
    "4": 264.3380326435488,
    "5": 280.4652173693716,
    "6": 312.5972471323293,
    "7": 270.96908025603756,
    "8": 293.5650927447749,
    "9": 305.31201035862614,
    "10": 260.3782426305515,
    "11": 266.19001611625185,
    "12": 300.25603880224037,
    "13": 297.6464021872833,
    "14": 265.76004007843574,
    "15": 280.05118777367403,
    "16": 286.5285601996701,
    "17": 309.66814597504094,
    "18": 300.17341251734865,
    "19": 247.93852080390513,
    "20": 289.48238711474255,
    "21": 317.0125415209227,
    "22": 250.02313535271935,
    "23": 301.02738670981546,
    "24": 313.08879774801267,
    "25": 272.26020761268745,
    "26": 298.64798149474194,
    "27": 297.0175294930837,
    "28": 302.43528475711116,
    "29": -154.51322947274383,
    "30": 298.6611283079536,
    "31": 280.2762013513304,
    "32": 273.85618160844047,
    "33": 295.11390165907306,
    "34": 284.0619935160289,
    "35": 304.6965746527168,
    "36": 281.41452294764156,
    "37": 285.7783689038113,
    "38": 272.1241305309844,
    "39": 284.34823884628634,
    "40": 289.3022104786528,
    "41": 258.1658341351695,
    "42": 271.0011077232065,
    "43": 274.62415759577937,
    "44": 312.0598859524125,
    "45": 268.3471966885747,
    "46": -103.73016592426468,
    "47": 263.51081460253704,
    "48": 250.7405910391758,
    "49": 262.6554026961845,
    "50": 285.3472023851323,
    "51": 289.133835075912,
    "52": 306.8878344160685,
    "53": 253.15055012709445,
    "54": 301.00532138391463,
    "55": 305.2946039829253,
    "56": 307.5202431349031,
    "57": 311.9089233734693,
    "58": 297.1638716891862,
    "59": 288.43297014200147,
    "60": 267.0210012377049,
    "61": 248.37472207064914,
    "62": 276.9538480297243,
    "63": 284.81810757073623,
    "64": 291.2445498232942,
    "65": 301.7099937327007,
    "66": 292.7610950947392,
    "67": 296.92302892897976,
    "68": 301.4047542737893,
    "69": 294.24675192985217,
    "70": 301.3828106504603,
    "71": 267.3593344687458,
    "72": 260.8902174785636,
    "73": 258.5767416474856,
    "74": 285.43503945666225,
    "75": 312.95973662926747,
    "76": 270.9389927170412,
    "77": 291.73918213572824,
    "78": 275.1682011696985,
    "79": 306.86480067252154,
    "80": 263.87338689754483,
    "81": 287.36309631922893,
    "82": 303.76273731179,
    "83": 261.13913586831086,
    "84": 259.0858041735957,
    "85": 308.4563778671199,
    "86": 259.3530978922224,
    "87": 312.12994948947056,
    "88": 272.3356295760178,
    "89": 300.9229078897729,
    "90": 252.0524133444618,
    "91": 295.19612875097005,
    "92": 247.57395874606368,
    "93": 291.39637698621175,
    "94": 296.4979555012738,
    "95": 270.57993080511517,
    "96": 291.4918575923541,
    "97": 271.22195117980164,
    "98": 274.31212481670923,
    "99": 266.3521459488841,
    "100": 254.37270473332217
}