{
    "1": 49.111111111111015,
    "2": 127.84259259259261,
    "3": 114.21296296296299,
    "4": 114.23148148148151,
    "5": 131.36111111111097,
    "6": 131.3796296296295,
    "7": 142.07407407407402,
    "8": 122.49999999999989,
    "9": 134.23148148148144,
    "10": 134.24999999999994,
    "11": 142.3333333333333,
    "12": 142.3518518518518,
    "13": 144.0833333333333,
    "14": 100.17592592592622,
    "15": 109.9629629629631,
    "16": 109.9629629629631,
    "17": 118.97222222222233,
    "18": 118.97222222222233,
    "19": 135.06481481481478,
    "20": 114.00925925925941,
    "21": 124.81481481481475,
    "22": 124.81481481481475,
    "23": 124.41666666666664,
    "24": 124.41666666666664,
    "25": 128.33333333333326,
    "26": 128.33333333333326,
    "27": 128.97222222222226,
    "28": 128.97222222222226,
    "29": 126.6759259259261,
    "30": 126.6759259259261,
    "31": 143.90740740740725,
    "32": 119.64814814814807,
    "33": 111.0462962962964,
    "34": 111.0277777777779,
    "35": 109.73148148148164,
    "36": 123.84259259259258,
    "37": 131.54629629629642,
    "38": 132.71296296296305,
    "39": 137.4722222222222,
    "40": 137.67592592592587,
    "41": 129.98148148148152
}