{
    "1": -173.07415909167156,
    "2": -444.6312847184103,
    "3": -521.3140902014035,
    "4": -386.8779021373189,
    "5": -464.4503060879368,
    "6": -590.4388459948757,
    "7": -620.7978796674095,
    "8": -707.2549397798889,
    "9": -442.44799060689263,
    "10": -506.0468575946787,
    "11": -840.3254269381217,
    "12": -622.019867283468,
    "13": -170.65087349926603,
    "14": -64.29479170723405
}