{
    "1": -296.7635539165951,
    "2": -1357.037015239823,
    "3": -322.12720373972275,
    "4": -415.59085354336264,
    "5": -253.1263918609447,
    "6": -378.9138872067565,
    "7": -292.913331032932,
    "8": -333.5627990380138,
    "9": -472.5329792519687,
    "10": -506.638171331894,
    "11": -647.5120979157674,
    "12": -245.64931871137463,
    "13": -332.69899750397053,
    "14": -246.62555874614904,
    "15": -319.2254928351299,
    "16": -192.37350580774307,
    "17": -84.48690003786753,
    "18": -217.64682545381896,
    "19": -310.1583006597023,
    "20": -48.261719731418246,
    "21": -214.5437213912765,
    "22": -260.1495879171815,
    "23": -239.2324997054023,
    "24": -293.37713486427936,
    "25": -210.78728122936025,
    "26": -267.82815558156574,
    "27": -206.39314308057843,
    "28": -153.9416328340389,
    "29": -180.45074154342865,
    "30": -92.24685244838952,
    "31": -196.3565567806728,
    "32": -229.3131332340273,
    "33": -120.01037904446278,
    "34": -128.58197702384564,
    "35": -177.95116334760326,
    "36": -133.95759940838855,
    "37": -69.06185382256692,
    "38": -163.01900160507887,
    "39": -183.76310880305175,
    "40": -243.26672049871246,
    "41": -190.03732379248981,
    "42": -58.87684501794912,
    "43": -133.415557856914,
    "44": -307.917063396427,
    "45": -271.36413940017144,
    "46": -501.76925581790374,
    "47": -99.47060244205214,
    "48": -515.5925730246646,
    "49": -635.3703865330443,
    "50": -61.8229915223931,
    "51": -135.59449710383024,
    "52": -57.546882365713536,
    "53": -284.6241611179414,
    "54": -197.48011093896454,
    "55": -72.22269295332055,
    "56": -236.46726030441212,
    "57": -168.33172434181552,
    "58": -703.9671526654655,
    "59": -657.9959799401576,
    "60": -176.42291689223237,
    "61": -38.02838081159388,
    "62": -33.92948720491714,
    "63": -172.33210266970008,
    "64": -201.28969208103155,
    "65": -160.66256678053264,
    "66": -139.58976762851353,
    "67": -605.2033366671951,
    "68": -270.85939842066693,
    "69": -159.27327920106183,
    "70": -229.70046179760988,
    "71": -176.262797372873,
    "72": -115.23499265689343,
    "73": 7.03818813110837,
    "74": -106.33329333886003,
    "75": -284.1267898836902,
    "76": -122.01253856652727,
    "77": 215.4298577632302,
    "78": -416.57712606250226,
    "79": -162.5062985669981,
    "80": -174.93383980583863,
    "81": -229.45205150614166,
    "82": -155.71692241099032,
    "83": -160.55253332465819,
    "84": -207.18083958926144,
    "85": -117.54277547520907,
    "86": -91.96749477748824,
    "87": -171.1221957569287,
    "88": -180.80835915930055,
    "89": -193.26069493224685,
    "90": -174.09851463746747,
    "91": -164.00476613914498,
    "92": -176.69524736556727,
    "93": -244.09551765927006,
    "94": -109.12909429361926,
    "95": -213.19382351889485,
    "96": -310.2940147912834,
    "97": -189.71942014588086,
    "98": -198.28466045014443,
    "99": -184.7024407011615,
    "100": -168.07737544948088,
    "101": -144.67974497365873,
    "102": -200.21959074651653,
    "103": -142.97237076612498,
    "104": -173.70819005191396,
    "105": -200.11605776384192,
    "106": -289.4119001383037,
    "107": -101.79308200115355,
    "108": -270.7925070358448,
    "109": -222.72698500666826,
    "110": -146.9351841203708,
    "111": -202.46007695949686,
    "112": -169.47095652457446,
    "113": -332.39310088458205,
    "114": -197.47321703111552,
    "115": -153.9089477140331,
    "116": -103.90455621636164,
    "117": -197.23247500446,
    "118": -171.52417288004818,
    "119": -103.76514137847158,
    "120": -152.4821896982275,
    "121": -180.44678194158084,
    "122": -245.21184356734622,
    "123": -190.18104024153436,
    "124": -236.43549980560738,
    "125": -106.88525412812385,
    "126": 131.33762076552972,
    "127": 59.53540497279104,
    "128": -148.0436555464788,
    "129": 28.26071895968184,
    "130": -111.98972967453138,
    "131": -110.89241560081399,
    "132": -173.61139207349555,
    "133": -219.96540108820977,
    "134": -162.7789623499674,
    "135": -180.54581564382778,
    "136": -238.21377291516043,
    "137": 138.764941607824,
    "138": -238.06420652240195,
    "139": -173.8429387777564,
    "140": -163.569457071373,
    "141": -244.9060119800654,
    "142": -206.25647442654164,
    "143": -184.32509053480214,
    "144": -153.05083872247803,
    "145": -167.40766855304634,
    "146": -175.08369448313883,
    "147": -169.75179740543302,
    "148": -115.83988808398213,
    "149": -214.07268359588022,
    "150": -203.8452639962025,
    "151": -192.32688834823296,
    "152": -30.68722866967119,
    "153": -158.05089670593966,
    "154": -186.42138415064602,
    "155": -123.7455287564593,
    "156": -104.20286431562621,
    "157": -148.5452278820293,
    "158": -125.21773062324138,
    "159": -163.1529582329925,
    "160": -172.5538178754258,
    "161": -243.35223775409779,
    "162": -152.7701486671096,
    "163": -241.61656578620307,
    "164": -92.98875134154225,
    "165": -110.27344677542767,
    "166": -185.1420867199423,
    "167": -106.61171526254884,
    "168": -146.5936039095876,
    "169": -77.39128002300288,
    "170": -149.65089112209236,
    "171": -119.93738268363077,
    "172": -103.34927984160585,
    "173": -179.98070652993925,
    "174": -124.96384029244273,
    "175": -163.70312109495924,
    "176": -185.88605951752317,
    "177": -171.8918872839736,
    "178": -153.9841311903354,
    "179": -259.42768170916554,
    "180": -172.9290253685137,
    "181": -195.29673405090216,
    "182": -100.30485223776901,
    "183": -159.9799248512419,
    "184": -133.27500340831634,
    "185": -146.20922501325754,
    "186": -128.1702364362974,
    "187": -151.17429779128778,
    "188": -152.27533589419866,
    "189": -120.8830349614306,
    "190": -120.31553263083195,
    "191": -147.3336291585243,
    "192": -176.06375655340113,
    "193": -153.32993041279957,
    "194": -185.70626800987128,
    "195": -107.44784742010559,
    "196": -177.6895094194402,
    "197": -184.0272072866091,
    "198": -233.15045849333308,
    "199": -153.1864116416908,
    "200": -132.5654914429746,
    "201": -129.48917809107843,
    "202": -143.0400967251719,
    "203": -159.42634308285025,
    "204": -114.48342722829844,
    "205": 109.49906977137127,
    "206": -177.19036987954735,
    "207": -195.13684347533513,
    "208": -209.48174122259485,
    "209": -205.06416856787988,
    "210": -173.06259579031695,
    "211": -209.53102102873635,
    "212": -127.19062536937358,
    "213": -279.4905494040495,
    "214": -161.97866369112913,
    "215": -137.48616711074806,
    "216": -168.7081038858807,
    "217": -176.96318816853162,
    "218": -195.9857046421918,
    "219": -122.44162626260294,
    "220": -154.15445051490306,
    "221": -176.72580089612552,
    "222": -550.5437082991104,
    "223": -226.5475733874929,
    "224": -168.1223401516661,
    "225": -80.20820765206695,
    "226": -120.33468733446553,
    "227": -159.28929045040186,
    "228": -136.0073926351992,
    "229": -137.0948500984937,
    "230": -162.44077443393087,
    "231": -212.33989310691658,
    "232": -234.16506444189153,
    "233": -105.49520964119644,
    "234": -740.1469906238206,
    "235": -167.3593653013636,
    "236": -208.5953755975553,
    "237": -175.8043785745095,
    "238": -223.01464064019763,
    "239": -160.16018505979923,
    "240": -205.42416596072042,
    "241": -266.5711014033684,
    "242": 4.41816295531568,
    "243": -215.2046608488905,
    "244": -235.6743983239547,
    "245": -191.9144282942969,
    "246": -112.46933019942848,
    "247": -162.57289171591486,
    "248": -122.8473639312822,
    "249": -215.6178455678874,
    "250": -152.04928502960433,
    "251": -95.07042250837132,
    "252": -181.00709250645326,
    "253": -225.35994434772402,
    "254": -96.46055818942165,
    "255": -159.00656562889384,
    "256": -148.95444851989788,
    "257": -171.63243289463202,