{
    "1": -219.23148148148124,
    "2": 105.31481481481492,
    "3": 35.70370370370392,
    "4": 86.26851851851863,
    "5": 99.89814814814821,
    "6": 101.638888888889,
    "7": 100.0185185185185,
    "8": 109.18518518518529,
    "9": 97.29629629629629,
    "10": 109.45370370370385,
    "11": 92.32407407407418,
    "12": 117.77777777777779,
    "13": 104.93518518518518,
    "14": 73.18518518518529,
    "15": 102.2129629629631,
    "16": 94.69444444444463,
    "17": 97.69444444444443,
    "18": 81.73148148148164,
    "19": 92.74074074074088,
    "20": 92.49074074074082,
    "21": 105.2870370370371,
    "22": 88.75925925925934,
    "23": 98.68518518518523,
    "24": 87.24074074074086,
    "25": 86.49074074074082,
    "26": 89.48148148148165,
    "27": 92.36111111111119,
    "28": 74.75000000000028,
    "29": 85.3796296296298,
    "30": 106.08333333333339,
    "31": 59.0833333333335,
    "32": 82.24074074074082,
    "33": 95.46296296296303,
    "34": 97.99074074074066,
    "35": 65.6944444444446,
    "36": 52.00000000000006,
    "37": 80.2685185185186,
    "38": 59.287037037037194,
    "39": 85.4351851851852,
    "40": 75.75925925925942,
    "41": 72.10185185185195,
    "42": 86.56481481481491,
    "43": 66.39814814814834,
    "44": 71.24074074074092,
    "45": 91.89814814814835,
    "46": 83.07407407407412,
    "47": 71.6759259259259,
    "48": 75.04629629629635,
    "49": 82.97222222222234,
    "50": 94.93518518518525,
    "51": 81.11111111111119,
    "52": 64.32407407407419,
    "53": 32.101851851852004,
    "54": 70.10185185185198,
    "55": 86.46296296296305,
    "56": 82.37962962962966,
    "57": 77.51851851851858,
    "58": 66.97222222222237,
    "59": 59.29629629629632,
    "60": 67.25925925925942,
    "61": 44.33333333333341,
    "62": 59.129629629629676,
    "63": 55.046296296296305,
    "64": 59.82407407407399,
    "65": 89.16666666666664,
    "66": 64.92592592592601,
    "67": 85.9907407407407,
    "68": 49.78703703703718,
    "69": 73.43518518518518,
    "70": 33.21296296296298,
    "71": 21.638888888888772,
    "72": 17.657407407407362,
    "73": 56.90740740740756,
    "74": 48.26851851851853,
    "75": 34.240740740740684,
    "76": 29.08333333333338,
    "77": 90.25000000000001,
    "78": 18.731481481481545,
    "79": 46.722222222222264,
    "80": -21.15740740740759,
    "81": 21.592592592592485,
    "82": 38.870370370370324,
    "83": -58.0833333333334,
    "84": 10.79629629629612,
    "85": -46.731481481481595,
    "86": 8.620370370370303,
    "87": 37.63888888888874,
    "88": 56.99999999999986,
    "89": 46.16666666666661,
    "90": 12.120370370370239,
    "91": 10.833333333333194,
    "92": 20.91666666666663,
    "93": 25.231481481481328,
    "94": 28.09259259259251,
    "95": 50.009259259259096,
    "96": 21.305555555555433,
    "97": 67.1944444444445,
    "98": 0.8611111111110317,
    "99": 39.342592592592496,
    "100": -304.5555555555555,
    "101": -42.97222222222228,
    "102": -318.0833333333333,
    "103": -328.27777777777766,
    "104": 14.212962962962843,
    "105": -2.6574074074075114,
    "106": 30.888888888888715,
    "107": -47.45370370370384,
    "108": 27.027777777777686,
    "109": -7.870370370370413,
    "110": -29.56481481481486,
    "111": 5.71296296296297,
    "112": -6.740740740740819,
    "113": 36.981481481481296,
    "114": -21.870370370370434,
    "115": -84.65740740740749,
    "116": -128.66666666666654,
    "117": 10.324074074073977,
    "118": 5.342592592592543,
    "119": -332.8240740740739,
    "120": -16.15740740740744,
    "121": -218.21296296296285,
    "122": 8.546296296296148,
    "123": 12.833333333333313,
    "124": 12.370370370370253,
    "125": -182.25925925925924,
    "126": -26.02777777777785,
    "127": 57.52777777777771,
    "128": -336.36111111111103,
    "129": 39.12962962962954,
    "130": 10.02777777777769,
    "131": 18.055555555555497,
    "132": -65.30555555555561,
    "133": 20.583333333333208,
    "134": 38.027777777777736,
    "135": -9.092592592592704,
    "136": -40.685185185185254,
    "137": -2.212962962963026,
    "138": 9.370370370370306,
    "139": 35.23148148148138,
    "140": 20.14814814814811,
    "141": 16.814814814814724,
    "142": 12.703703703703617,
    "143": -34.768518518518626,
    "144": 23.722222222222108,
    "145": 26.6666666666666,
    "146": -18.925925925925966,
    "147": 27.249999999999922,
    "148": 4.824074074074018,
    "149": 26.249999999999893,
    "150": 21.268518518518434,
    "151": -77.71296296296293,
    "152": -22.925925925925938,
    "153": 1.7777777777777897,
    "154": -9.67592592592601
}