{
    "1": 109.91666666666673,
    "2": 108.05555555555554,
    "3": 103.62962962962962,
    "4": 113.13888888888889,
    "5": 119.87037037037038,
    "6": 93.26851851851862,
    "7": 100.46296296296292,
    "8": 122.55555555555554,
    "9": 103.9351851851852,
    "10": 112.22222222222217,
    "11": 98.52777777777764,
    "12": 96.27777777777773,
    "13": 106.7962962962964,
    "14": 105.62037037037035,
    "15": 113.87962962962966,
    "16": 95.91666666666664,
    "17": 116.46296296296305,
    "18": 98.69444444444443,
    "19": 113.12037037037035,
    "20": 113.16666666666667
}