{
    "1": 110.7685185185184,
    "2": 124.87037037037037,
    "3": 117.7222222222222,
    "4": 119.6944444444445,
    "5": 119.95370370370378,
    "6": 118.19444444444441,
    "7": 108.78703703703705,
    "8": 100.17592592592588,
    "9": 116.10185185185185,
    "10": 116.78703703703702,
    "11": 112.20370370370377,
    "12": 120.7592592592592,
    "13": 113.08333333333327,
    "14": 107.81481481481481,
    "15": 123.31481481481484,
    "16": 105.66666666666664,
    "17": 109.99074074074069,
    "18": 113.59259259259264,
    "19": 114.06481481481481,
    "20": 127.36111111111114
}