{
    "1": 7.29398148148148,
    "2": -0.9805555555555587,
    "3": -29.96527777777777,
    "4": 5.335648148148168,
    "5": 5.789814814814806,
    "6": -84.922685185185,
    "7": 17.418518518518532,
    "8": -19.364814814814817,
    "9": -40.27037037037031,
    "10": 11.444444444444445,
    "11": -25.39444444444443,
    "12": -24.706481481481422,
    "13": -17.987037037037013,
    "14": 1.695370370370349,
    "15": -51.34351851851849,
    "16": 10.841203703703723,
    "17": -22.56435185185185,
    "18": -59.41157407407401,
    "19": -4.34953703703704,
    "20": 6.21296296296298,
    "21": -50.85925925925924,
    "22": 22.82407407407414,
    "23": -9.317129629629619,
    "24": -56.87314814814809,
    "25": 7.891203703703701,
    "26": -18.290740740740738,
    "27": -63.44999999999992,
    "28": 10.497685185185233,
    "29": -10.83379629629627,
    "30": 9.238888888888916,
    "31": 36.25787037037047,
    "32": 28.28518518518525,
    "33": -72.23888888888885,
    "34": 0.09583333333333499,
    "35": 12.702777777777806,
    "36": -20.495370370370367,
    "37": 8.247685185185222,
    "38": -0.5310185185185272,
    "39": -58.59490740740729,
    "40": 7.422222222222223,
    "41": -21.745833333333312,
    "42": -91.78240740740742,
    "43": 22.706018518518526,
    "44": 3.51018518518519,
    "45": -90.31944444444443,
    "46": 9.697222222222264,
    "47": 20.549537037037062,
    "48": -95.43240740740744,
    "49": 10.67453703703703,
    "50": -48.25509259259249,
    "51": -62.17824074074068,
    "52": -9.979629629629649,
    "53": -25.542129629629606,
    "54": -125.41620370370381,
    "55": 22.188888888888943,
    "56": -55.812499999999915,
    "57": -110.61805555555553,
    "58": 8.64907407407405,
    "59": -53.93379629629621,
    "60": -166.86157407407444,
    "61": -1.803703703703711,
    "62": -53.607407407407365,
    "63": -89.8537037037036,
    "64": -47.63935185185182,
    "65": -38.910185185185156,
    "66": -54.19398148148139,
    "67": 4.423611111111127,
    "68": -33.231018518518496,
    "69": -44.545833333333285,
    "70": 16.615740740740762,
    "71": -31.58888888888888,
    "72": -119.96527777777786,
    "73": 3.2615740740740926,
    "74": -42.2134259259259,
    "75": -90.75416666666672,
    "76": -28.538425925925907,
    "77": -75.9083333333332,
    "78": -106.06527777777785,
    "79": -20.974999999999998,
    "80": -45.244444444444404,
    "81": -120.65000000000005,
    "82": 19.220833333333342,
    "83": -70.21203703703691,
    "84": -21.24722222222219,
    "85": -51.72361111111104,
    "86": -64.63425925925927,
    "87": -67.43981481481475,
    "88": -37.92175925925922,
    "89": -66.37916666666668,
    "90": -184.2194444444449,
    "91": -2.5490740740740776,
    "92": -88.38518518518529,
    "93": -86.62546296296286,
    "94": -32.46481481481478,
    "95": -44.67870370370367,
    "96": -177.14259259259305,
    "97": -10.465740740740717,
    "98": -64.77916666666664,
    "99": -106.44490740740744,
    "100": -35.58425925925921,
    "101": -63.368981481481455,
    "102": -158.63518518518558,
    "103": -40.49768518518515,
    "104": -61.13564814814799,
    "105": -115.59814814814834,
    "106": -21.962962962962933,
    "107": -33.94305555555553,
    "108": -119.63240740740741,
    "109": -34.918981481481424,
    "110": -86.08101851851849,
    "111": -164.76296296296354,
    "112": -62.08749999999995,
    "113": -59.552777777777706,
    "114": -128.1254629629632,
    "115": -67.05601851851847,
    "116": -69.4587962962962,
    "117": -123.05092592592604,
    "118": -55.84259259259248,
    "119": -128.40925925925941,
    "120": -109.25740740740751,
    "121": -79.00000000000001,
    "122": -140.11203703703742,
    "123": -132.4865740740741,
    "124": -155.2777777777779,
    "125": -105.39490740740762,
    "126": -244.3912037037043,
    "127": -74.70509259259264,
    "128": -76.51203703703695,
    "129": -120.7912037037037,
    "130": -42.58287037037033,
    "131": -109.40694444444449,
    "132": -167.43842592592657,
    "133": -33.29675925925922,
    "134": -189.4768518518524,
    "135": -161.37592592592637,
    "136": -61.03981481481475,
    "137": -144.38657407407428,
    "138": -273.4875000000003,
    "139": -44.219444444444406,
    "140": -205.39675925925954,
    "141": -416.7300925925922,
    "142": -36.25416666666663,
    "143": -144.60462962963013,
    "144": -335.0189814814812,
    "145": -98.81203703703694,
    "146": -233.41388888888932,
    "147": -171.90277777777808,
    "148": -78.82638888888893,
    "149": -173.47129629629669,
    "150": -171.10092592592608,
    "151": -109.55925925925943,
    "152": -297.6782407407404,
    "153": -246.8745370370374,
    "154": -92.55648148148158,
    "155": -162.8129629629634,
    "156": -271.5398148148157,
    "157": -97.18287037037034,
    "158": -406.8884259259249,
    "159": -337.2361111111098,
    "160": -37.286111111111104,
    "161": -237.05648148148208,
    "162": -192.39861111111156,
    "163": -20.40787037037035,
    "164": -288.7768518518515,
    "165": -243.64953703703807,
    "166": -142.71018518518537,
    "167": -279.4652777777776,
    "168": -165.37824074074092,
    "169": -104.2268518518519,
    "170": -212.76296296296377,
    "171": -358.27453703703634,
    "172": -124.01990740740771,
    "173": -395.29259259259334,
    "174": -431.61018518518387,
    "175": -175.7476851851854,
    "176": -420.2606481481491,
    "177": -151.43703703703744,
    "178": -122.03796296296281,
    "179": -418.933333333333,
    "180": -424.2657407407403,
    "181": -126.54444444444445,
    "182": -392.7402777777775,
    "183": -273.60277777777776,
    "184": -94.13935185185188,
    "185": -443.2421296296288,
    "186": -238.37731481481555,
    "187": -124.3027777777778,
    "188": -400.3560185185179,
    "189": -282.675925925926,
    "190": -106.45972222222228,
    "191": -403.9055555555559
}