{
    "1": 7.29398148148148,
    "2": -1.5425925925926016,
    "3": -13.899537037037021,
    "4": 32.961574074074115,
    "5": 14.067592592592618,
    "6": -40.47638888888877,
    "7": 7.449074074074093,
    "8": 9.037037037037045,
    "9": -76.04722222222216,
    "10": -24.7134259259259,
    "11": -25.57777777777777,
    "12": -75.99675925925924,
    "13": -26.224999999999987,
    "14": 4.258333333333354,
    "15": -32.07037037037038,
    "16": -21.79537037037036,
    "17": -1.681944444444456,
    "18": -61.331481481481504,
    "19": 7.131481481481476,
    "20": -6.898148148148131,
    "21": -34.88657407407404,
    "22": -20.676851851851833,
    "23": -29.933333333333316,
    "24": -56.66203703703691,
    "25": -17.24305555555554,
    "26": -51.266666666666595,
    "27": -95.85324074074062,
    "28": -20.732870370370367,
    "29": -20.96388888888888,
    "30": -87.58148148148149,
    "31": -18.64120370370368,
    "32": -18.375462962962974,
    "33": -78.19305555555546,
    "34": 3.9722222222222276,
    "35": -29.325925925925908,
    "36": -49.021759259259106,
    "37": -10.994444444444415,
    "38": -29.284259259259187,
    "39": -106.8240740740741,
    "40": 9.306481481481464,
    "41": -25.595833333333317,
    "42": -46.8611111111111,
    "43": 2.9782407407407865,
    "44": -66.48981481481484,
    "45": -81.28333333333336,
    "46": -6.177314814814801,
    "47": -30.573148148148128,
    "48": -80.84675925925933,
    "49": -7.5398148148148305,
    "50": -82.73564814814799,
    "51": -81.87777777777754,
    "52": 12.159259259259287,
    "53": -46.20740740740736,
    "54": -46.08194444444437,
    "55": -7.287962962962929,
    "56": -101.16435185185179,
    "57": -96.46759259259257,
    "58": -9.568055555555553,
    "59": -14.940740740740715,
    "60": -56.23333333333335,
    "61": -7.64398148148145,
    "62": -27.508796296296275,
    "63": -65.92870370370363,
    "64": -30.765277777777747,
    "65": -81.07314814814806,
    "66": -35.13287037037026,
    "67": -5.357407407407365,
    "68": -71.93657407407406,
    "69": -68.0013888888888,
    "70": -39.51249999999998,
    "71": -101.90046296296313,
    "72": -89.62407407407406,
    "73": 15.0430555555556,
    "74": -64.91620370370354,
    "75": -69.00462962962952,
    "76": 8.794444444444444,
    "77": -73.5055555555556,
    "78": -88.6930555555556,
    "79": 3.76527777777778,
    "80": -208.7259259259266,
    "81": -184.43240740740808,
    "82": -14.576388888888886,
    "83": -99.15833333333352,
    "84": -164.91203703703766,
    "85": -12.700462962962941,
    "86": -77.60787037037035,
    "87": -205.61111111111185,
    "88": -46.66712962962957,
    "89": -48.06388888888882,
    "90": -149.993981481482,
    "91": -23.148611111111084,
    "92": -66.43749999999996,
    "93": -80.31990740740744,
    "94": 0.1291666666666691,
    "95": -171.56111111111142,
    "96": -131.44027777777788,
    "97": -21.758796296296296,
    "98": -175.1208333333336,
    "99": -126.45601851851865,
    "100": -46.55231481481476,
    "101": -100.55509259259249,
    "102": -65.28981481481472,
    "103": -37.65648148148138,
    "104": -283.61157407407376,
    "105": -152.13657407407413,
    "106": -32.80092592592589,
    "107": -148.01157407407467,
    "108": -109.60833333333352,
    "109": -36.748148148148125,
    "110": -213.1611111111118,
    "111": -211.52037037037104,
    "112": -18.340740740740745,
    "113": -244.25648148148227,
    "114": -205.93657407407488,
    "115": -34.44490740740738,
    "116": -208.9787037037045,
    "117": -198.92407407407492,
    "118": -56.75787037037033,
    "119": -282.2999999999998,
    "120": -122.84120370370394,
    "121": -455.8379629629626,
    "122": -444.98009259259175,
    "123": -460.90370370370346,
    "124": -410.1574074074069,
    "125": -383.8328703703701,
    "126": -174.90046296296327,
    "127": -93.79305555555557,
    "128": -226.13333333333347,
    "129": -127.36342592592601,
    "130": -25.298611111111068,
    "131": -198.28425925925956,
    "132": -238.2898148148154,
    "133": -10.98009259259261,
    "134": -236.11388888888956,
    "135": -209.40046296296347,
    "136": -71.59537037037047,
    "137": -348.42916666666616,
    "138": -195.08564814814846,
    "139": -53.96342592592588
}